source,form,role,theme,theme_label,dq_code,dq_dimension,dq_question,thread_url,post_permalink,origin
Stack Overflow,question,asker,RES,CWE-772/775 resource leak,RK,Resource kind,"What kind of resource is held (memory, fd, socket, handle, JNI ref, GPU object, thread), and which call releases it?",https://stackoverflow.com/questions/33114152/what-to-do-if-a-posix-close-call-fails,https://stackoverflow.com/questions/33114152/what-to-do-if-a-posix-close-call-fails,targeted
Stack Overflow,question,asker,RES,CWE-772/775 resource leak,C1,Control flow,"Is the memory released on every path: error handling, early return, exceptions, longjmp?",https://stackoverflow.com/questions/33114152/what-to-do-if-a-posix-close-call-fails,https://stackoverflow.com/questions/33114152/what-to-do-if-a-posix-close-call-fails,targeted
Stack Overflow,question,asker,RES,CWE-772/775 resource leak,RK,Resource kind,"What kind of resource is held (memory, fd, socket, handle, JNI ref, GPU object, thread), and which call releases it?",https://stackoverflow.com/questions/33114152/what-to-do-if-a-posix-close-call-fails,https://stackoverflow.com/questions/33114152/what-to-do-if-a-posix-close-call-fails,targeted
Stack Overflow,question,asker,RES,CWE-772/775 resource leak,C1,Control flow,"Is the memory released on every path: error handling, early return, exceptions, longjmp?",https://stackoverflow.com/questions/33114152/what-to-do-if-a-posix-close-call-fails,https://stackoverflow.com/questions/33114152/what-to-do-if-a-posix-close-call-fails,targeted
Stack Overflow,question,asker,RES,CWE-772/775 resource leak,RK,Resource kind,"What kind of resource is held (memory, fd, socket, handle, JNI ref, GPU object, thread), and which call releases it?",https://stackoverflow.com/questions/33114152/what-to-do-if-a-posix-close-call-fails,https://stackoverflow.com/questions/33114152/what-to-do-if-a-posix-close-call-fails,targeted
Stack Overflow,question,asker,RES,CWE-772/775 resource leak,RK,Resource kind,"What kind of resource is held (memory, fd, socket, handle, JNI ref, GPU object, thread), and which call releases it?",https://stackoverflow.com/questions/7297001/if-close2-fails-with-eio-will-the-file-descriptor-still-be-deleted,https://stackoverflow.com/questions/7297001/if-close2-fails-with-eio-will-the-file-descriptor-still-be-deleted,targeted
Stack Overflow,question,asker,RES,CWE-772/775 resource leak,C1,Control flow,"Is the memory released on every path: error handling, early return, exceptions, longjmp?",https://stackoverflow.com/questions/7297001/if-close2-fails-with-eio-will-the-file-descriptor-still-be-deleted,https://stackoverflow.com/questions/7297001/if-close2-fails-with-eio-will-the-file-descriptor-still-be-deleted,targeted
Stack Overflow,question,asker,RES,CWE-772/775 resource leak,RK,Resource kind,"What kind of resource is held (memory, fd, socket, handle, JNI ref, GPU object, thread), and which call releases it?",https://stackoverflow.com/questions/7297001/if-close2-fails-with-eio-will-the-file-descriptor-still-be-deleted,https://stackoverflow.com/questions/7297001/if-close2-fails-with-eio-will-the-file-descriptor-still-be-deleted,targeted
Stack Overflow,question,asker,RES,CWE-772/775 resource leak,C1,Control flow,"Is the memory released on every path: error handling, early return, exceptions, longjmp?",https://stackoverflow.com/questions/7297001/if-close2-fails-with-eio-will-the-file-descriptor-still-be-deleted,https://stackoverflow.com/questions/7297001/if-close2-fails-with-eio-will-the-file-descriptor-still-be-deleted,targeted
Stack Overflow,question,asker,RES,CWE-772/775 resource leak,C1,Control flow,"Is the memory released on every path: error handling, early return, exceptions, longjmp?",https://stackoverflow.com/questions/7297001/if-close2-fails-with-eio-will-the-file-descriptor-still-be-deleted,https://stackoverflow.com/questions/7297001/if-close2-fails-with-eio-will-the-file-descriptor-still-be-deleted,targeted
Stack Overflow,question,asker,RES,CWE-772/775 resource leak,RK,Resource kind,"What kind of resource is held (memory, fd, socket, handle, JNI ref, GPU object, thread), and which call releases it?",https://stackoverflow.com/questions/7297001/if-close2-fails-with-eio-will-the-file-descriptor-still-be-deleted,https://stackoverflow.com/questions/7297001/if-close2-fails-with-eio-will-the-file-descriptor-still-be-deleted,targeted
Stack Overflow,question,asker,RES,CWE-772/775 resource leak,D1,Deallocation,"Is there a matching release for this allocation, and where should it go?",https://stackoverflow.com/questions/7297001/if-close2-fails-with-eio-will-the-file-descriptor-still-be-deleted,https://stackoverflow.com/questions/7297001/if-close2-fails-with-eio-will-the-file-descriptor-still-be-deleted,targeted
Stack Overflow,question,asker,RES,CWE-772/775 resource leak,RK,Resource kind,"What kind of resource is held (memory, fd, socket, handle, JNI ref, GPU object, thread), and which call releases it?",https://stackoverflow.com/questions/13691107/c-proper-way-to-close-files-when-using-both-open-and-fdopen,https://stackoverflow.com/questions/13691107/c-proper-way-to-close-files-when-using-both-open-and-fdopen,targeted
Stack Overflow,question,asker,RES,CWE-772/775 resource leak,O2,Ownership,"Was ownership transferred (to a container, smart pointer, library, or object), so someone else releases it?",https://stackoverflow.com/questions/13691107/c-proper-way-to-close-files-when-using-both-open-and-fdopen,https://stackoverflow.com/questions/13691107/c-proper-way-to-close-files-when-using-both-open-and-fdopen,targeted
Stack Overflow,question,asker,RES,CWE-772/775 resource leak,RK,Resource kind,"What kind of resource is held (memory, fd, socket, handle, JNI ref, GPU object, thread), and which call releases it?",https://stackoverflow.com/questions/13691107/c-proper-way-to-close-files-when-using-both-open-and-fdopen,https://stackoverflow.com/questions/13691107/c-proper-way-to-close-files-when-using-both-open-and-fdopen,targeted
Stack Overflow,question,asker,RES,CWE-772/775 resource leak,O2,Ownership,"Was ownership transferred (to a container, smart pointer, library, or object), so someone else releases it?",https://stackoverflow.com/questions/13691107/c-proper-way-to-close-files-when-using-both-open-and-fdopen,https://stackoverflow.com/questions/13691107/c-proper-way-to-close-files-when-using-both-open-and-fdopen,targeted
Stack Overflow,question,asker,RES,CWE-772/775 resource leak,RK,Resource kind,"What kind of resource is held (memory, fd, socket, handle, JNI ref, GPU object, thread), and which call releases it?",https://stackoverflow.com/questions/23793992/do-i-need-to-use-shm-unlink-on-a-shared-memory-object,https://stackoverflow.com/questions/23793992/do-i-need-to-use-shm-unlink-on-a-shared-memory-object,targeted
Stack Overflow,question,asker,RES,CWE-772/775 resource leak,L1,Lifetime,"Must the memory be freed before program exit, or is exit-time retention acceptable?",https://stackoverflow.com/questions/23793992/do-i-need-to-use-shm-unlink-on-a-shared-memory-object,https://stackoverflow.com/questions/23793992/do-i-need-to-use-shm-unlink-on-a-shared-memory-object,targeted
Stack Overflow,question,asker,RES,CWE-772/775 resource leak,RK,Resource kind,"What kind of resource is held (memory, fd, socket, handle, JNI ref, GPU object, thread), and which call releases it?",https://stackoverflow.com/questions/66048264/if-fclose-fails-is-the-file-descriptor-still-open,https://stackoverflow.com/questions/66048264/if-fclose-fails-is-the-file-descriptor-still-open,targeted
Stack Overflow,question,asker,RES,CWE-772/775 resource leak,C1,Control flow,"Is the memory released on every path: error handling, early return, exceptions, longjmp?",https://stackoverflow.com/questions/66048264/if-fclose-fails-is-the-file-descriptor-still-open,https://stackoverflow.com/questions/66048264/if-fclose-fails-is-the-file-descriptor-still-open,targeted
Stack Overflow,question,asker,RES,CWE-772/775 resource leak,K,Non-diagnostic,"Allocator internals (how free knows the size, etc.)",https://stackoverflow.com/questions/5130375/how-exactly-does-fopen-fclose-work,https://stackoverflow.com/questions/5130375/how-exactly-does-fopen-fclose-work,targeted
Stack Overflow,question,asker,RES,CWE-772/775 resource leak,RK,Resource kind,"What kind of resource is held (memory, fd, socket, handle, JNI ref, GPU object, thread), and which call releases it?",https://stackoverflow.com/questions/5130375/how-exactly-does-fopen-fclose-work,https://stackoverflow.com/questions/5130375/how-exactly-does-fopen-fclose-work,targeted
Stack Overflow,question,asker,RES,CWE-772/775 resource leak,V1,Report interpretation,"Is the suspected leak/invalid free real, or a false positive / benign report?",https://stackoverflow.com/questions/5130375/how-exactly-does-fopen-fclose-work,https://stackoverflow.com/questions/5130375/how-exactly-does-fopen-fclose-work,targeted
Stack Overflow,question,asker,IN,Inside the seven CWEs,G,Non-diagnostic,Generic: why does this leak/crash? (no specific evidence asked),https://stackoverflow.com/questions/38356997/free-all-the-memory-allocated-by-malloc-realloc-in-c,https://stackoverflow.com/questions/38356997/free-all-the-memory-allocated-by-malloc-realloc-in-c,targeted
Stack Overflow,question,asker,IN,Inside the seven CWEs,D1,Deallocation,"Is there a matching release for this allocation, and where should it go?",https://stackoverflow.com/questions/38356997/free-all-the-memory-allocated-by-malloc-realloc-in-c,https://stackoverflow.com/questions/38356997/free-all-the-memory-allocated-by-malloc-realloc-in-c,targeted
Stack Overflow,question,asker,RES,CWE-772/775 resource leak,RK,Resource kind,"What kind of resource is held (memory, fd, socket, handle, JNI ref, GPU object, thread), and which call releases it?",https://stackoverflow.com/questions/18866743/how-to-properly-close-a-socket-opened-with-fdopen,https://stackoverflow.com/questions/18866743/how-to-properly-close-a-socket-opened-with-fdopen,targeted
Stack Overflow,question,asker,RES,CWE-772/775 resource leak,O2,Ownership,"Was ownership transferred (to a container, smart pointer, library, or object), so someone else releases it?",https://stackoverflow.com/questions/18866743/how-to-properly-close-a-socket-opened-with-fdopen,https://stackoverflow.com/questions/18866743/how-to-properly-close-a-socket-opened-with-fdopen,targeted
Stack Overflow,question,asker,RES,CWE-772/775 resource leak,RK,Resource kind,"What kind of resource is held (memory, fd, socket, handle, JNI ref, GPU object, thread), and which call releases it?",https://stackoverflow.com/questions/18866743/how-to-properly-close-a-socket-opened-with-fdopen,https://stackoverflow.com/questions/18866743/how-to-properly-close-a-socket-opened-with-fdopen,targeted
Stack Overflow,question,asker,RES,CWE-772/775 resource leak,RK,Resource kind,"What kind of resource is held (memory, fd, socket, handle, JNI ref, GPU object, thread), and which call releases it?",https://stackoverflow.com/questions/62148840/how-to-safely-stop-a-iocp-wsarecv-task-and-free-the-wsaoverlapped-structure,https://stackoverflow.com/questions/62148840/how-to-safely-stop-a-iocp-wsarecv-task-and-free-the-wsaoverlapped-structure,targeted
Stack Overflow,question,asker,RES,CWE-772/775 resource leak,L4,Lifetime,Are threads joined/detached so that their resources are released?,https://stackoverflow.com/questions/62148840/how-to-safely-stop-a-iocp-wsarecv-task-and-free-the-wsaoverlapped-structure,https://stackoverflow.com/questions/62148840/how-to-safely-stop-a-iocp-wsarecv-task-and-free-the-wsaoverlapped-structure,targeted
Stack Overflow,question,asker,RES,CWE-772/775 resource leak,RK,Resource kind,"What kind of resource is held (memory, fd, socket, handle, JNI ref, GPU object, thread), and which call releases it?",https://stackoverflow.com/questions/48443105/does-tcp-ip-connection-automatically-closed-when-os-do-a-garbage-collection-afte,https://stackoverflow.com/questions/48443105/does-tcp-ip-connection-automatically-closed-when-os-do-a-garbage-collection-afte,targeted
Stack Overflow,question,asker,RES,CWE-772/775 resource leak,L4,Lifetime,Are threads joined/detached so that their resources are released?,https://stackoverflow.com/questions/48443105/does-tcp-ip-connection-automatically-closed-when-os-do-a-garbage-collection-afte,https://stackoverflow.com/questions/48443105/does-tcp-ip-connection-automatically-closed-when-os-do-a-garbage-collection-afte,targeted
Stack Overflow,question,asker,RES,CWE-772/775 resource leak,RK,Resource kind,"What kind of resource is held (memory, fd, socket, handle, JNI ref, GPU object, thread), and which call releases it?",https://stackoverflow.com/questions/48443105/does-tcp-ip-connection-automatically-closed-when-os-do-a-garbage-collection-afte,https://stackoverflow.com/questions/48443105/does-tcp-ip-connection-automatically-closed-when-os-do-a-garbage-collection-afte,targeted
Stack Overflow,question,asker,RES,CWE-772/775 resource leak,O1,Ownership,Who is responsible for releasing this memory (caller vs. callee contract)?,https://stackoverflow.com/questions/48443105/does-tcp-ip-connection-automatically-closed-when-os-do-a-garbage-collection-afte,https://stackoverflow.com/questions/48443105/does-tcp-ip-connection-automatically-closed-when-os-do-a-garbage-collection-afte,targeted
Stack Overflow,question,asker,IN,Inside the seven CWEs,O1,Ownership,Who is responsible for releasing this memory (caller vs. callee contract)?,https://stackoverflow.com/questions/8338570/c11-replace-all-non-owning-raw-pointers-with-stdshared-ptr,https://stackoverflow.com/questions/8338570/c11-replace-all-non-owning-raw-pointers-with-stdshared-ptr,targeted
Stack Overflow,question,asker,IN,Inside the seven CWEs,O2,Ownership,"Was ownership transferred (to a container, smart pointer, library, or object), so someone else releases it?",https://stackoverflow.com/questions/8338570/c11-replace-all-non-owning-raw-pointers-with-stdshared-ptr,https://stackoverflow.com/questions/8338570/c11-replace-all-non-owning-raw-pointers-with-stdshared-ptr,targeted
Stack Overflow,question,asker,RES,CWE-772/775 resource leak,RK,Resource kind,"What kind of resource is held (memory, fd, socket, handle, JNI ref, GPU object, thread), and which call releases it?",https://stackoverflow.com/questions/68352718/is-it-necessary-to-call-destroy-on-a-stdcoroutine-handle,https://stackoverflow.com/questions/68352718/is-it-necessary-to-call-destroy-on-a-stdcoroutine-handle,targeted
Stack Overflow,question,asker,RES,CWE-772/775 resource leak,L2,Lifetime,"Is the object destroyed when its lifetime ends (scope exit, destructor called, virtual destructor)?",https://stackoverflow.com/questions/68352718/is-it-necessary-to-call-destroy-on-a-stdcoroutine-handle,https://stackoverflow.com/questions/68352718/is-it-necessary-to-call-destroy-on-a-stdcoroutine-handle,targeted
Stack Overflow,question,asker,RES,CWE-772/775 resource leak,RK,Resource kind,"What kind of resource is held (memory, fd, socket, handle, JNI ref, GPU object, thread), and which call releases it?",https://stackoverflow.com/questions/68352718/is-it-necessary-to-call-destroy-on-a-stdcoroutine-handle,https://stackoverflow.com/questions/68352718/is-it-necessary-to-call-destroy-on-a-stdcoroutine-handle,targeted
Stack Overflow,question,asker,RES,CWE-772/775 resource leak,L2,Lifetime,"Is the object destroyed when its lifetime ends (scope exit, destructor called, virtual destructor)?",https://stackoverflow.com/questions/68352718/is-it-necessary-to-call-destroy-on-a-stdcoroutine-handle,https://stackoverflow.com/questions/68352718/is-it-necessary-to-call-destroy-on-a-stdcoroutine-handle,targeted
Stack Overflow,question,asker,THR,CWE-404 thread/process lifetime,L4,Lifetime,Are threads joined/detached so that their resources are released?,https://stackoverflow.com/questions/15207762/c-pthreads-valgrind-memory-leak-why,https://stackoverflow.com/questions/15207762/c-pthreads-valgrind-memory-leak-why,targeted
Stack Overflow,question,asker,THR,CWE-404 thread/process lifetime,V1,Report interpretation,"Is the suspected leak/invalid free real, or a false positive / benign report?",https://stackoverflow.com/questions/15207762/c-pthreads-valgrind-memory-leak-why,https://stackoverflow.com/questions/15207762/c-pthreads-valgrind-memory-leak-why,targeted
Stack Overflow,question,asker,THR,CWE-404 thread/process lifetime,L4,Lifetime,Are threads joined/detached so that their resources are released?,https://stackoverflow.com/questions/15207762/c-pthreads-valgrind-memory-leak-why,https://stackoverflow.com/questions/15207762/c-pthreads-valgrind-memory-leak-why,targeted
Stack Overflow,question,asker,THR,CWE-404 thread/process lifetime,R2,Report interpretation,"What does the tool's report category or runtime error mean (definitely/indirectly/possibly lost, still reachable, suppressed, invalid pointer)?",https://stackoverflow.com/questions/15207762/c-pthreads-valgrind-memory-leak-why,https://stackoverflow.com/questions/15207762/c-pthreads-valgrind-memory-leak-why,targeted
Stack Overflow,question,asker,THR,CWE-404 thread/process lifetime,L4,Lifetime,Are threads joined/detached so that their resources are released?,https://stackoverflow.com/questions/7278216/pthread-create-memory-leak,https://stackoverflow.com/questions/7278216/pthread-create-memory-leak,targeted
Stack Overflow,question,asker,IN,Inside the seven CWEs,R5,Report interpretation,"How do I detect, configure, or suppress this with the tool?",https://stackoverflow.com/questions/14084151/how-to-check-for-memory-leaks-in-a-large-scale-c-linux-application,https://stackoverflow.com/questions/14084151/how-to-check-for-memory-leaks-in-a-large-scale-c-linux-application,targeted
Stack Overflow,question,asker,GRW,CWE-400/770 growth without classic leak,R6,Report interpretation,"Is the growth in RSS / task-manager memory leaked memory, or freed memory the allocator has not returned (fragmentation, arenas, caches)?",https://stackoverflow.com/questions/14084151/how-to-check-for-memory-leaks-in-a-large-scale-c-linux-application,https://stackoverflow.com/questions/14084151/how-to-check-for-memory-leaks-in-a-large-scale-c-linux-application,targeted
Stack Overflow,question,asker,IN,Inside the seven CWEs,R5,Report interpretation,"How do I detect, configure, or suppress this with the tool?",https://stackoverflow.com/questions/14084151/how-to-check-for-memory-leaks-in-a-large-scale-c-linux-application,https://stackoverflow.com/questions/14084151/how-to-check-for-memory-leaks-in-a-large-scale-c-linux-application,targeted
Stack Overflow,question,asker,GRW,CWE-400/770 growth without classic leak,R6,Report interpretation,"Is the growth in RSS / task-manager memory leaked memory, or freed memory the allocator has not returned (fragmentation, arenas, caches)?",https://stackoverflow.com/questions/5734066/how-reliable-is-windows-task-manager-for-determining-memory-usage-of-programs,https://stackoverflow.com/questions/5734066/how-reliable-is-windows-task-manager-for-determining-memory-usage-of-programs,targeted
Stack Overflow,question,asker,GRW,CWE-400/770 growth without classic leak,R6,Report interpretation,"Is the growth in RSS / task-manager memory leaked memory, or freed memory the allocator has not returned (fragmentation, arenas, caches)?",https://stackoverflow.com/questions/11437942/c-does-this-look-like-memory-fragmentation,https://stackoverflow.com/questions/11437942/c-does-this-look-like-memory-fragmentation,targeted
Stack Overflow,question,asker,GRW,CWE-400/770 growth without classic leak,R6,Report interpretation,"Is the growth in RSS / task-manager memory leaked memory, or freed memory the allocator has not returned (fragmentation, arenas, caches)?",https://stackoverflow.com/questions/11437942/c-does-this-look-like-memory-fragmentation,https://stackoverflow.com/questions/11437942/c-does-this-look-like-memory-fragmentation,targeted
Stack Overflow,question,asker,GRW,CWE-400/770 growth without classic leak,R6,Report interpretation,"Is the growth in RSS / task-manager memory leaked memory, or freed memory the allocator has not returned (fragmentation, arenas, caches)?",https://stackoverflow.com/questions/18357956/c-code-memory-leak,https://stackoverflow.com/questions/18357956/c-code-memory-leak,targeted
Stack Overflow,question,asker,GRW,CWE-400/770 growth without classic leak,V1,Report interpretation,"Is the suspected leak/invalid free real, or a false positive / benign report?",https://stackoverflow.com/questions/18357956/c-code-memory-leak,https://stackoverflow.com/questions/18357956/c-code-memory-leak,targeted
Stack Overflow,question,asker,GRW,CWE-400/770 growth without classic leak,L3,Lifetime,"Does memory keep growing with repetitions (retained longer than needed, unbounded growth)?",https://stackoverflow.com/questions/29761900/valgrind-reports-no-memory-leak-despite-a-huge-heap-being-allocated,https://stackoverflow.com/questions/29761900/valgrind-reports-no-memory-leak-despite-a-huge-heap-being-allocated,targeted
Stack Overflow,question,asker,IN,Inside the seven CWEs,D1,Deallocation,"Is there a matching release for this allocation, and where should it go?",https://stackoverflow.com/questions/29761900/valgrind-reports-no-memory-leak-despite-a-huge-heap-being-allocated,https://stackoverflow.com/questions/29761900/valgrind-reports-no-memory-leak-despite-a-huge-heap-being-allocated,targeted
Stack Overflow,question,asker,IN,Inside the seven CWEs,L1,Lifetime,"Must the memory be freed before program exit, or is exit-time retention acceptable?",https://stackoverflow.com/questions/46734808/strictly-speaking-does-the-c-standard-require-that-free-must-be-called-after-ma,https://stackoverflow.com/questions/46734808/strictly-speaking-does-the-c-standard-require-that-free-must-be-called-after-ma,targeted
Stack Overflow,question,asker,IN,Inside the seven CWEs,L1,Lifetime,"Must the memory be freed before program exit, or is exit-time retention acceptable?",https://stackoverflow.com/questions/46734808/strictly-speaking-does-the-c-standard-require-that-free-must-be-called-after-ma,https://stackoverflow.com/questions/46734808/strictly-speaking-does-the-c-standard-require-that-free-must-be-called-after-ma,targeted
Stack Overflow,question,asker,IN,Inside the seven CWEs,L1,Lifetime,"Must the memory be freed before program exit, or is exit-time retention acceptable?",https://stackoverflow.com/questions/46734808/strictly-speaking-does-the-c-standard-require-that-free-must-be-called-after-ma,https://stackoverflow.com/questions/46734808/strictly-speaking-does-the-c-standard-require-that-free-must-be-called-after-ma,targeted
Stack Overflow,question,asker,IN,Inside the seven CWEs,L1,Lifetime,"Must the memory be freed before program exit, or is exit-time retention acceptable?",https://stackoverflow.com/questions/46734808/strictly-speaking-does-the-c-standard-require-that-free-must-be-called-after-ma,https://stackoverflow.com/questions/46734808/strictly-speaking-does-the-c-standard-require-that-free-must-be-called-after-ma,targeted
Stack Overflow,question,asker,GRW,CWE-400/770 growth without classic leak,R6,Report interpretation,"Is the growth in RSS / task-manager memory leaked memory, or freed memory the allocator has not returned (fragmentation, arenas, caches)?",https://stackoverflow.com/questions/47266630/why-does-c-manage-the-heap-instead-of-the-operating-system,https://stackoverflow.com/questions/47266630/why-does-c-manage-the-heap-instead-of-the-operating-system,targeted
Stack Overflow,question,asker,GRW,CWE-400/770 growth without classic leak,K,Non-diagnostic,"Allocator internals (how free knows the size, etc.)",https://stackoverflow.com/questions/47266630/why-does-c-manage-the-heap-instead-of-the-operating-system,https://stackoverflow.com/questions/47266630/why-does-c-manage-the-heap-instead-of-the-operating-system,targeted
Stack Overflow,question,asker,GRW,CWE-400/770 growth without classic leak,R6,Report interpretation,"Is the growth in RSS / task-manager memory leaked memory, or freed memory the allocator has not returned (fragmentation, arenas, caches)?",https://stackoverflow.com/questions/1386776/memory-fragmentation-profiler,https://stackoverflow.com/questions/1386776/memory-fragmentation-profiler,targeted
Stack Overflow,question,asker,IN,Inside the seven CWEs,K,Non-diagnostic,"Allocator internals (how free knows the size, etc.)",https://stackoverflow.com/questions/10116033/heap-memory-and-slab-allocation,https://stackoverflow.com/questions/10116033/heap-memory-and-slab-allocation,targeted
Stack Overflow,question,asker,IN,Inside the seven CWEs,K,Non-diagnostic,"Allocator internals (how free knows the size, etc.)",https://stackoverflow.com/questions/10116033/heap-memory-and-slab-allocation,https://stackoverflow.com/questions/10116033/heap-memory-and-slab-allocation,targeted
Stack Overflow,question,asker,IN,Inside the seven CWEs,K,Non-diagnostic,"Allocator internals (how free knows the size, etc.)",https://stackoverflow.com/questions/10116033/heap-memory-and-slab-allocation,https://stackoverflow.com/questions/10116033/heap-memory-and-slab-allocation,targeted
Stack Overflow,question,asker,IN,Inside the seven CWEs,K,Non-diagnostic,"Allocator internals (how free knows the size, etc.)",https://stackoverflow.com/questions/10116033/heap-memory-and-slab-allocation,https://stackoverflow.com/questions/10116033/heap-memory-and-slab-allocation,targeted
Stack Overflow,question,asker,GRW,CWE-400/770 growth without classic leak,R6,Report interpretation,"Is the growth in RSS / task-manager memory leaked memory, or freed memory the allocator has not returned (fragmentation, arenas, caches)?",https://stackoverflow.com/questions/10116033/heap-memory-and-slab-allocation,https://stackoverflow.com/questions/10116033/heap-memory-and-slab-allocation,targeted
Stack Overflow,question,asker,GRW,CWE-400/770 growth without classic leak,R6,Report interpretation,"Is the growth in RSS / task-manager memory leaked memory, or freed memory the allocator has not returned (fragmentation, arenas, caches)?",https://stackoverflow.com/questions/73314413/why-does-my-c-program-suddenly-release-memory,https://stackoverflow.com/questions/73314413/why-does-my-c-program-suddenly-release-memory,targeted
Stack Overflow,question,asker,GRW,CWE-400/770 growth without classic leak,R6,Report interpretation,"Is the growth in RSS / task-manager memory leaked memory, or freed memory the allocator has not returned (fragmentation, arenas, caches)?",https://stackoverflow.com/questions/11196482/why-does-malloc-trim-only-work-with-the-main-arena,https://stackoverflow.com/questions/11196482/why-does-malloc-trim-only-work-with-the-main-arena,targeted
Stack Overflow,question,asker,GRW,CWE-400/770 growth without classic leak,R6,Report interpretation,"Is the growth in RSS / task-manager memory leaked memory, or freed memory the allocator has not returned (fragmentation, arenas, caches)?",https://stackoverflow.com/questions/11196482/why-does-malloc-trim-only-work-with-the-main-arena,https://stackoverflow.com/questions/11196482/why-does-malloc-trim-only-work-with-the-main-arena,targeted
Stack Overflow,question,asker,IN,Inside the seven CWEs,R4,Report interpretation,Where was the block allocated / where does the leak or bad free originate?,https://stackoverflow.com/questions/77382967/cant-track-heap-memory-usage-in-my-c-program-at-runtime,https://stackoverflow.com/questions/77382967/cant-track-heap-memory-usage-in-my-c-program-at-runtime,targeted
Stack Overflow,question,asker,REF,CWE-911 refcount,N2,Composite cleanup,Is a reference cycle or refcount imbalance preventing release?,https://stackoverflow.com/questions/6977161/where-should-i-put-py-incref-and-py-decref-on-this-block-in-python-c-extension,https://stackoverflow.com/questions/6977161/where-should-i-put-py-incref-and-py-decref-on-this-block-in-python-c-extension,targeted
Stack Overflow,question,asker,REF,CWE-911 refcount,O1,Ownership,Who is responsible for releasing this memory (caller vs. callee contract)?,https://stackoverflow.com/questions/6977161/where-should-i-put-py-incref-and-py-decref-on-this-block-in-python-c-extension,https://stackoverflow.com/questions/6977161/where-should-i-put-py-incref-and-py-decref-on-this-block-in-python-c-extension,targeted
Stack Overflow,question,asker,REF,CWE-911 refcount,N2,Composite cleanup,Is a reference cycle or refcount imbalance preventing release?,https://stackoverflow.com/questions/6977161/where-should-i-put-py-incref-and-py-decref-on-this-block-in-python-c-extension,https://stackoverflow.com/questions/6977161/where-should-i-put-py-incref-and-py-decref-on-this-block-in-python-c-extension,targeted
Stack Overflow,question,asker,REF,CWE-911 refcount,O1,Ownership,Who is responsible for releasing this memory (caller vs. callee contract)?,https://stackoverflow.com/questions/6977161/where-should-i-put-py-incref-and-py-decref-on-this-block-in-python-c-extension,https://stackoverflow.com/questions/6977161/where-should-i-put-py-incref-and-py-decref-on-this-block-in-python-c-extension,targeted
Stack Overflow,question,asker,IN,Inside the seven CWEs,V1,Report interpretation,"Is the suspected leak/invalid free real, or a false positive / benign report?",https://stackoverflow.com/questions/18693744/debugging-reference-counting-memory-leaks-in-python-c-extension-modules,https://stackoverflow.com/questions/18693744/debugging-reference-counting-memory-leaks-in-python-c-extension-modules,targeted
Stack Overflow,question,asker,REF,CWE-911 refcount,A2,Allocation,Does this function/API allocate what it returns (must the caller free it)?,https://stackoverflow.com/questions/39948237/does-pyobject-callobject-steal-reference-to-args-do-i-need-to-free-the-memory,https://stackoverflow.com/questions/39948237/does-pyobject-callobject-steal-reference-to-args-do-i-need-to-free-the-memory,targeted
Stack Overflow,question,asker,REF,CWE-911 refcount,N2,Composite cleanup,Is a reference cycle or refcount imbalance preventing release?,https://stackoverflow.com/questions/54738087/how-to-avoid-a-memory-leak-when-python-objects-are-passed-to-c-using-callbacks,https://stackoverflow.com/questions/54738087/how-to-avoid-a-memory-leak-when-python-objects-are-passed-to-c-using-callbacks,targeted
Stack Overflow,question,asker,REF,CWE-911 refcount,O2,Ownership,"Was ownership transferred (to a container, smart pointer, library, or object), so someone else releases it?",https://stackoverflow.com/questions/54738087/how-to-avoid-a-memory-leak-when-python-objects-are-passed-to-c-using-callbacks,https://stackoverflow.com/questions/54738087/how-to-avoid-a-memory-leak-when-python-objects-are-passed-to-c-using-callbacks,targeted
Stack Overflow,question,asker,REF,CWE-911 refcount,A2,Allocation,Does this function/API allocate what it returns (must the caller free it)?,https://stackoverflow.com/questions/5606589/why-do-i-not-need-to-free-this-memory,https://stackoverflow.com/questions/5606589/why-do-i-not-need-to-free-this-memory,targeted
Stack Overflow,question,asker,REF,CWE-911 refcount,A2,Allocation,Does this function/API allocate what it returns (must the caller free it)?,https://stackoverflow.com/questions/5606589/why-do-i-not-need-to-free-this-memory,https://stackoverflow.com/questions/5606589/why-do-i-not-need-to-free-this-memory,targeted
Stack Overflow,question,asker,REF,CWE-911 refcount,O1,Ownership,Who is responsible for releasing this memory (caller vs. callee contract)?,https://stackoverflow.com/questions/5606589/why-do-i-not-need-to-free-this-memory,https://stackoverflow.com/questions/5606589/why-do-i-not-need-to-free-this-memory,targeted
Stack Overflow,question,asker,REF,CWE-911 refcount,V1,Report interpretation,"Is the suspected leak/invalid free real, or a false positive / benign report?",https://stackoverflow.com/questions/5606589/why-do-i-not-need-to-free-this-memory,https://stackoverflow.com/questions/5606589/why-do-i-not-need-to-free-this-memory,targeted
Stack Overflow,question,asker,REF,CWE-911 refcount,N2,Composite cleanup,Is a reference cycle or refcount imbalance preventing release?,https://stackoverflow.com/questions/350647/why-is-my-python-c-extension-leaking-memory,https://stackoverflow.com/questions/350647/why-is-my-python-c-extension-leaking-memory,targeted
Stack Overflow,question,asker,REF,CWE-911 refcount,N2,Composite cleanup,Is a reference cycle or refcount imbalance preventing release?,https://stackoverflow.com/questions/350647/why-is-my-python-c-extension-leaking-memory,https://stackoverflow.com/questions/350647/why-is-my-python-c-extension-leaking-memory,targeted
Stack Overflow,question,asker,REF,CWE-911 refcount,N2,Composite cleanup,Is a reference cycle or refcount imbalance preventing release?,https://stackoverflow.com/questions/58263736/is-incrementing-py-true-py-false-refcount-always-necessary,https://stackoverflow.com/questions/58263736/is-incrementing-py-true-py-false-refcount-always-necessary,targeted
Stack Overflow,question,asker,REF,CWE-911 refcount,N2,Composite cleanup,Is a reference cycle or refcount imbalance preventing release?,https://stackoverflow.com/questions/58263736/is-incrementing-py-true-py-false-refcount-always-necessary,https://stackoverflow.com/questions/58263736/is-incrementing-py-true-py-false-refcount-always-necessary,targeted
Stack Overflow,question,asker,REF,CWE-911 refcount,V1,Report interpretation,"Is the suspected leak/invalid free real, or a false positive / benign report?",https://stackoverflow.com/questions/58263736/is-incrementing-py-true-py-false-refcount-always-necessary,https://stackoverflow.com/questions/58263736/is-incrementing-py-true-py-false-refcount-always-necessary,targeted
Stack Overflow,question,asker,REF,CWE-911 refcount,N2,Composite cleanup,Is a reference cycle or refcount imbalance preventing release?,https://stackoverflow.com/questions/58263736/is-incrementing-py-true-py-false-refcount-always-necessary,https://stackoverflow.com/questions/58263736/is-incrementing-py-true-py-false-refcount-always-necessary,targeted
Stack Overflow,question,asker,REF,CWE-911 refcount,R5,Report interpretation,"How do I detect, configure, or suppress this with the tool?",https://stackoverflow.com/questions/7700446/java-app-calls-c-dll-via-jni-how-best-to-allocate-memory,https://stackoverflow.com/questions/7700446/java-app-calls-c-dll-via-jni-how-best-to-allocate-memory,targeted
Stack Overflow,question,asker,REF,CWE-911 refcount,X1,Cross-module,"Are allocation and release done by the same module/runtime heap (DLL, CRT, FFI boundary)?",https://stackoverflow.com/questions/7700446/java-app-calls-c-dll-via-jni-how-best-to-allocate-memory,https://stackoverflow.com/questions/7700446/java-app-calls-c-dll-via-jni-how-best-to-allocate-memory,targeted
Stack Overflow,question,asker,REF,CWE-911 refcount,RK,Resource kind,"What kind of resource is held (memory, fd, socket, handle, JNI ref, GPU object, thread), and which call releases it?",https://stackoverflow.com/questions/1533378/jni-freeing-memory-to-avoid-memory-leak,https://stackoverflow.com/questions/1533378/jni-freeing-memory-to-avoid-memory-leak,targeted
Stack Overflow,question,asker,REF,CWE-911 refcount,X1,Cross-module,"Are allocation and release done by the same module/runtime heap (DLL, CRT, FFI boundary)?",https://stackoverflow.com/questions/1533378/jni-freeing-memory-to-avoid-memory-leak,https://stackoverflow.com/questions/1533378/jni-freeing-memory-to-avoid-memory-leak,targeted
Stack Overflow,question,asker,IN,Inside the seven CWEs,R4,Report interpretation,Where was the block allocated / where does the leak or bad free originate?,https://stackoverflow.com/questions/33334126/how-to-find-memory-leaks-in-java-jni-c-process,https://stackoverflow.com/questions/33334126/how-to-find-memory-leaks-in-java-jni-c-process,targeted
Stack Overflow,question,asker,IN,Inside the seven CWEs,R5,Report interpretation,"How do I detect, configure, or suppress this with the tool?",https://stackoverflow.com/questions/21885986/stdvector-throws-a-bad-allocation-exception-when-resized,https://stackoverflow.com/questions/21885986/stdvector-throws-a-bad-allocation-exception-when-resized,targeted
Stack Overflow,question,asker,GRW,CWE-400/770 growth without classic leak,R6,Report interpretation,"Is the growth in RSS / task-manager memory leaked memory, or freed memory the allocator has not returned (fragmentation, arenas, caches)?",https://stackoverflow.com/questions/21885986/stdvector-throws-a-bad-allocation-exception-when-resized,https://stackoverflow.com/questions/21885986/stdvector-throws-a-bad-allocation-exception-when-resized,targeted
Stack Overflow,question,asker,IN,Inside the seven CWEs,R5,Report interpretation,"How do I detect, configure, or suppress this with the tool?",https://stackoverflow.com/questions/9098890/how-to-check-for-memory-leaks-in-jni,https://stackoverflow.com/questions/9098890/how-to-check-for-memory-leaks-in-jni,targeted
Stack Overflow,question,asker,LIB,Library global cleanup,D1,Deallocation,"Is there a matching release for this allocation, and where should it go?",https://stackoverflow.com/questions/17732598/how-to-correctly-and-effectively-release-memory-in-a-gtk-widget,https://stackoverflow.com/questions/17732598/how-to-correctly-and-effectively-release-memory-in-a-gtk-widget,targeted
Stack Overflow,question,asker,LIB,Library global cleanup,R3,Report interpretation,"Is the report caused by my code, or by a library, runtime, or the tool itself?",https://stackoverflow.com/questions/17732598/how-to-correctly-and-effectively-release-memory-in-a-gtk-widget,https://stackoverflow.com/questions/17732598/how-to-correctly-and-effectively-release-memory-in-a-gtk-widget,targeted
Stack Overflow,question,asker,LIB,Library global cleanup,R3,Report interpretation,"Is the report caused by my code, or by a library, runtime, or the tool itself?",https://stackoverflow.com/questions/8798905/does-the-python-3-interpreter-leak-memory-when-embedded,https://stackoverflow.com/questions/8798905/does-the-python-3-interpreter-leak-memory-when-embedded,targeted
Stack Overflow,question,asker,IN,Inside the seven CWEs,V1,Report interpretation,"Is the suspected leak/invalid free real, or a false positive / benign report?",https://stackoverflow.com/questions/57188832/what-happen-if-fail-to-delete-a-shared-memory-segment,https://stackoverflow.com/questions/57188832/what-happen-if-fail-to-delete-a-shared-memory-segment,targeted
Stack Overflow,question,asker,REF,CWE-911 refcount,O2,Ownership,"Was ownership transferred (to a container, smart pointer, library, or object), so someone else releases it?",https://stackoverflow.com/questions/41003046/can-i-free-x509-x-after-calling-x509-store-add-certx509-store-ctx-x509-x,https://stackoverflow.com/questions/41003046/can-i-free-x509-x-after-calling-x509-store-add-certx509-store-ctx-x509-x,targeted
Stack Overflow,question,asker,REF,CWE-911 refcount,N2,Composite cleanup,Is a reference cycle or refcount imbalance preventing release?,https://stackoverflow.com/questions/41003046/can-i-free-x509-x-after-calling-x509-store-add-certx509-store-ctx-x509-x,https://stackoverflow.com/questions/41003046/can-i-free-x509-x-after-calling-x509-store-add-certx509-store-ctx-x509-x,targeted
Stack Overflow,question,asker,REF,CWE-911 refcount,N1,Composite cleanup,"Are nested sub-allocations released (struct members, list nodes, 2-D arrays) before/with the parent?",https://stackoverflow.com/questions/41003046/can-i-free-x509-x-after-calling-x509-store-add-certx509-store-ctx-x509-x,https://stackoverflow.com/questions/41003046/can-i-free-x509-x-after-calling-x509-store-add-certx509-store-ctx-x509-x,targeted
Stack Overflow,question,asker,REF,CWE-911 refcount,O2,Ownership,"Was ownership transferred (to a container, smart pointer, library, or object), so someone else releases it?",https://stackoverflow.com/questions/41003046/can-i-free-x509-x-after-calling-x509-store-add-certx509-store-ctx-x509-x,https://stackoverflow.com/questions/41003046/can-i-free-x509-x-after-calling-x509-store-add-certx509-store-ctx-x509-x,targeted
Stack Overflow,question,asker,REF,CWE-911 refcount,N2,Composite cleanup,Is a reference cycle or refcount imbalance preventing release?,https://stackoverflow.com/questions/41003046/can-i-free-x509-x-after-calling-x509-store-add-certx509-store-ctx-x509-x,https://stackoverflow.com/questions/41003046/can-i-free-x509-x-after-calling-x509-store-add-certx509-store-ctx-x509-x,targeted
Stack Overflow,question,asker,REF,CWE-911 refcount,N2,Composite cleanup,Is a reference cycle or refcount imbalance preventing release?,https://stackoverflow.com/questions/41003046/can-i-free-x509-x-after-calling-x509-store-add-certx509-store-ctx-x509-x,https://stackoverflow.com/questions/41003046/can-i-free-x509-x-after-calling-x509-store-add-certx509-store-ctx-x509-x,targeted
Stack Overflow,question,asker,REF,CWE-911 refcount,D1,Deallocation,"Is there a matching release for this allocation, and where should it go?",https://stackoverflow.com/questions/41003046/can-i-free-x509-x-after-calling-x509-store-add-certx509-store-ctx-x509-x,https://stackoverflow.com/questions/41003046/can-i-free-x509-x-after-calling-x509-store-add-certx509-store-ctx-x509-x,targeted
Stack Overflow,question,asker,IN,Inside the seven CWEs,R5,Report interpretation,"How do I detect, configure, or suppress this with the tool?",https://stackoverflow.com/questions/33613357/locate-vala-sqlite3-memory-leak,https://stackoverflow.com/questions/33613357/locate-vala-sqlite3-memory-leak,targeted
Stack Overflow,question,asker,LIB,Library global cleanup,R3,Report interpretation,"Is the report caused by my code, or by a library, runtime, or the tool itself?",https://stackoverflow.com/questions/75141650/memory-leak-in-microsofts-wmi-library-is-there-a-way-to-mitigate-it,https://stackoverflow.com/questions/75141650/memory-leak-in-microsofts-wmi-library-is-there-a-way-to-mitigate-it,targeted
Stack Overflow,question,asker,REF,CWE-911 refcount,N2,Composite cleanup,Is a reference cycle or refcount imbalance preventing release?,https://stackoverflow.com/questions/13644380/d3d11-increased-ref-count-from-nowhere,https://stackoverflow.com/questions/13644380/d3d11-increased-ref-count-from-nowhere,targeted
Stack Overflow,question,asker,REF,CWE-911 refcount,N2,Composite cleanup,Is a reference cycle or refcount imbalance preventing release?,https://stackoverflow.com/questions/6845691/under-what-conditions-is-ccmdtargetonfinalrelease-called,https://stackoverflow.com/questions/6845691/under-what-conditions-is-ccmdtargetonfinalrelease-called,targeted
Stack Overflow,question,asker,REF,CWE-911 refcount,L2,Lifetime,"Is the object destroyed when its lifetime ends (scope exit, destructor called, virtual destructor)?",https://stackoverflow.com/questions/6845691/under-what-conditions-is-ccmdtargetonfinalrelease-called,https://stackoverflow.com/questions/6845691/under-what-conditions-is-ccmdtargetonfinalrelease-called,targeted
Stack Overflow,question,asker,REF,CWE-911 refcount,N2,Composite cleanup,Is a reference cycle or refcount imbalance preventing release?,https://stackoverflow.com/questions/6845691/under-what-conditions-is-ccmdtargetonfinalrelease-called,https://stackoverflow.com/questions/6845691/under-what-conditions-is-ccmdtargetonfinalrelease-called,targeted
Stack Overflow,question,asker,REF,CWE-911 refcount,L2,Lifetime,"Is the object destroyed when its lifetime ends (scope exit, destructor called, virtual destructor)?",https://stackoverflow.com/questions/6845691/under-what-conditions-is-ccmdtargetonfinalrelease-called,https://stackoverflow.com/questions/6845691/under-what-conditions-is-ccmdtargetonfinalrelease-called,targeted
Stack Overflow,question,asker,REF,CWE-911 refcount,N2,Composite cleanup,Is a reference cycle or refcount imbalance preventing release?,https://stackoverflow.com/questions/6845691/under-what-conditions-is-ccmdtargetonfinalrelease-called,https://stackoverflow.com/questions/6845691/under-what-conditions-is-ccmdtargetonfinalrelease-called,targeted
Stack Overflow,question,asker,REF,CWE-911 refcount,L2,Lifetime,"Is the object destroyed when its lifetime ends (scope exit, destructor called, virtual destructor)?",https://stackoverflow.com/questions/6845691/under-what-conditions-is-ccmdtargetonfinalrelease-called,https://stackoverflow.com/questions/6845691/under-what-conditions-is-ccmdtargetonfinalrelease-called,targeted
Stack Overflow,question,asker,REF,CWE-911 refcount,O1,Ownership,Who is responsible for releasing this memory (caller vs. callee contract)?,https://stackoverflow.com/questions/1198829/who-takes-ownership-of-the-ierrorinfo,https://stackoverflow.com/questions/1198829/who-takes-ownership-of-the-ierrorinfo,targeted
Stack Overflow,question,asker,REF,CWE-911 refcount,N2,Composite cleanup,Is a reference cycle or refcount imbalance preventing release?,https://stackoverflow.com/questions/1198829/who-takes-ownership-of-the-ierrorinfo,https://stackoverflow.com/questions/1198829/who-takes-ownership-of-the-ierrorinfo,targeted
Stack Overflow,question,asker,REF,CWE-911 refcount,V1,Report interpretation,"Is the suspected leak/invalid free real, or a false positive / benign report?",https://stackoverflow.com/questions/1198829/who-takes-ownership-of-the-ierrorinfo,https://stackoverflow.com/questions/1198829/who-takes-ownership-of-the-ierrorinfo,targeted
Stack Overflow,question,asker,REF,CWE-911 refcount,N2,Composite cleanup,Is a reference cycle or refcount imbalance preventing release?,https://stackoverflow.com/questions/7284477/need-to-release-a-com-ptr-t-before-reassigning-with-createinstance,https://stackoverflow.com/questions/7284477/need-to-release-a-com-ptr-t-before-reassigning-with-createinstance,targeted
Stack Overflow,question,asker,REF,CWE-911 refcount,E1,Escape / aliasing,Was the last reference overwritten or lost before release?,https://stackoverflow.com/questions/7284477/need-to-release-a-com-ptr-t-before-reassigning-with-createinstance,https://stackoverflow.com/questions/7284477/need-to-release-a-com-ptr-t-before-reassigning-with-createinstance,targeted
Stack Overflow,question,asker,REF,CWE-911 refcount,N2,Composite cleanup,Is a reference cycle or refcount imbalance preventing release?,https://stackoverflow.com/questions/7284477/need-to-release-a-com-ptr-t-before-reassigning-with-createinstance,https://stackoverflow.com/questions/7284477/need-to-release-a-com-ptr-t-before-reassigning-with-createinstance,targeted
Stack Overflow,question,asker,REF,CWE-911 refcount,E1,Escape / aliasing,Was the last reference overwritten or lost before release?,https://stackoverflow.com/questions/7284477/need-to-release-a-com-ptr-t-before-reassigning-with-createinstance,https://stackoverflow.com/questions/7284477/need-to-release-a-com-ptr-t-before-reassigning-with-createinstance,targeted
Stack Overflow,question,asker,IN,Inside the seven CWEs,E3,Escape / aliasing,"Do other aliases or copies refer to the same block (shallow copy, copy ctor, two owners)?",https://stackoverflow.com/questions/14050058/pointers-duplicate-object-instance,https://stackoverflow.com/questions/14050058/pointers-duplicate-object-instance,targeted
Stack Overflow,question,asker,IN,Inside the seven CWEs,V1,Report interpretation,"Is the suspected leak/invalid free real, or a false positive / benign report?",https://stackoverflow.com/questions/260915/how-can-i-create-a-dynamically-sized-array-of-structs,https://stackoverflow.com/questions/260915/how-can-i-create-a-dynamically-sized-array-of-structs,targeted
Stack Overflow,question,asker,IN,Inside the seven CWEs,D1,Deallocation,"Is there a matching release for this allocation, and where should it go?",https://stackoverflow.com/questions/13679635/how-to-properly-destroy-c-vector-of-vectors-and-release-memory,https://stackoverflow.com/questions/13679635/how-to-properly-destroy-c-vector-of-vectors-and-release-memory,targeted
Stack Overflow,question,asker,HC,CWE-122/787 heap corruption,H1,Deallocation,Was the heap already corrupted before the failing free/malloc (earlier overflow)?,https://stackoverflow.com/questions/12724057/immediate-detection-of-heap-corruption-errors-on-windows-how,https://stackoverflow.com/questions/12724057/immediate-detection-of-heap-corruption-errors-on-windows-how,targeted
Stack Overflow,question,asker,HC,CWE-122/787 heap corruption,R5,Report interpretation,"How do I detect, configure, or suppress this with the tool?",https://stackoverflow.com/questions/12724057/immediate-detection-of-heap-corruption-errors-on-windows-how,https://stackoverflow.com/questions/12724057/immediate-detection-of-heap-corruption-errors-on-windows-how,targeted
Stack Overflow,question,asker,HC,CWE-122/787 heap corruption,R5,Report interpretation,"How do I detect, configure, or suppress this with the tool?",https://stackoverflow.com/questions/12724057/immediate-detection-of-heap-corruption-errors-on-windows-how,https://stackoverflow.com/questions/12724057/immediate-detection-of-heap-corruption-errors-on-windows-how,targeted
Stack Overflow,question,asker,HC,CWE-122/787 heap corruption,R2,Report interpretation,"What does the tool's report category or runtime error mean (definitely/indirectly/possibly lost, still reachable, suppressed, invalid pointer)?",https://stackoverflow.com/questions/55801993/what-is-the-meaning-of-this-malloc-error-corrupted-top-size,https://stackoverflow.com/questions/55801993/what-is-the-meaning-of-this-malloc-error-corrupted-top-size,targeted
Stack Overflow,question,asker,HC,CWE-122/787 heap corruption,H1,Deallocation,Was the heap already corrupted before the failing free/malloc (earlier overflow)?,https://stackoverflow.com/questions/55801993/what-is-the-meaning-of-this-malloc-error-corrupted-top-size,https://stackoverflow.com/questions/55801993/what-is-the-meaning-of-this-malloc-error-corrupted-top-size,targeted
Stack Overflow,question,asker,HC,CWE-122/787 heap corruption,H1,Deallocation,Was the heap already corrupted before the failing free/malloc (earlier overflow)?,https://stackoverflow.com/questions/56855852/why-does-malloc-corrupted-top-size-error-get-fixed-when-i-have-printf-bef,https://stackoverflow.com/questions/56855852/why-does-malloc-corrupted-top-size-error-get-fixed-when-i-have-printf-bef,targeted
Stack Overflow,question,asker,DF,CWE-415 double free,R2,Report interpretation,"What does the tool's report category or runtime error mean (definitely/indirectly/possibly lost, still reachable, suppressed, invalid pointer)?",https://stackoverflow.com/questions/21057393/what-does-double-free-mean,https://stackoverflow.com/questions/21057393/what-does-double-free-mean,targeted
Stack Overflow,question,asker,DF,CWE-415 double free,D4,Deallocation,"Is the pointer valid to free right now (initialized, not already freed, not dangling)?",https://stackoverflow.com/questions/21057393/what-does-double-free-mean,https://stackoverflow.com/questions/21057393/what-does-double-free-mean,targeted
Stack Overflow,question,asker,DF,CWE-415 double free,D4,Deallocation,"Is the pointer valid to free right now (initialized, not already freed, not dangling)?",https://stackoverflow.com/questions/21057393/what-does-double-free-mean,https://stackoverflow.com/questions/21057393/what-does-double-free-mean,targeted
Stack Overflow,question,asker,DF,CWE-415 double free,D4,Deallocation,"Is the pointer valid to free right now (initialized, not already freed, not dangling)?",https://stackoverflow.com/questions/21057393/what-does-double-free-mean,https://stackoverflow.com/questions/21057393/what-does-double-free-mean,targeted
Stack Overflow,question,asker,DF,CWE-415 double free,E3,Escape / aliasing,"Do other aliases or copies refer to the same block (shallow copy, copy ctor, two owners)?",https://stackoverflow.com/questions/21057393/what-does-double-free-mean,https://stackoverflow.com/questions/21057393/what-does-double-free-mean,targeted
Stack Overflow,question,asker,IN,Inside the seven CWEs,V1,Report interpretation,"Is the suspected leak/invalid free real, or a false positive / benign report?",https://stackoverflow.com/questions/299761/cuda-wrapping-device-memory-allocation-in-c,https://stackoverflow.com/questions/299761/cuda-wrapping-device-memory-allocation-in-c,targeted
Stack Overflow,question,asker,IN,Inside the seven CWEs,V1,Report interpretation,"Is the suspected leak/invalid free real, or a false positive / benign report?",https://stackoverflow.com/questions/15431365/cudamemcpy-segmentation-fault,https://stackoverflow.com/questions/15431365/cudamemcpy-segmentation-fault,targeted
Stack Overflow,question,asker,RES,CWE-772/775 resource leak,R5,Report interpretation,"How do I detect, configure, or suppress this with the tool?",https://stackoverflow.com/questions/65928467/how-to-use-thrust-and-valgrind-together-to-detect-memory-leaks,https://stackoverflow.com/questions/65928467/how-to-use-thrust-and-valgrind-together-to-detect-memory-leaks,targeted
Stack Overflow,question,asker,RES,CWE-772/775 resource leak,R5,Report interpretation,"How do I detect, configure, or suppress this with the tool?",https://stackoverflow.com/questions/65928467/how-to-use-thrust-and-valgrind-together-to-detect-memory-leaks,https://stackoverflow.com/questions/65928467/how-to-use-thrust-and-valgrind-together-to-detect-memory-leaks,targeted
Stack Overflow,question,asker,IN,Inside the seven CWEs,R2,Report interpretation,"What does the tool's report category or runtime error mean (definitely/indirectly/possibly lost, still reachable, suppressed, invalid pointer)?",https://stackoverflow.com/questions/13150955/what-does-this-valgrind-error-mean,https://stackoverflow.com/questions/13150955/what-does-this-valgrind-error-mean,targeted
Stack Overflow,question,asker,IN,Inside the seven CWEs,R5,Report interpretation,"How do I detect, configure, or suppress this with the tool?",https://stackoverflow.com/questions/66898984/segmentation-fault-when-replacing-malloc-calloc-realloc-and-free-via,https://stackoverflow.com/questions/66898984/segmentation-fault-when-replacing-malloc-calloc-realloc-and-free-via,targeted
Stack Overflow,question,asker,RES,CWE-772/775 resource leak,L1,Lifetime,"Must the memory be freed before program exit, or is exit-time retention acceptable?",https://stackoverflow.com/questions/33040770/mem-alloced-via-mmap-without-munmap-will-cause-leak-after-process-exits-or-termi,https://stackoverflow.com/questions/33040770/mem-alloced-via-mmap-without-munmap-will-cause-leak-after-process-exits-or-termi,targeted
Stack Overflow,question,asker,LIB,Library global cleanup,N1,Composite cleanup,"Are nested sub-allocations released (struct members, list nodes, 2-D arrays) before/with the parent?",https://stackoverflow.com/questions/16659303/huge-memory-leak-with-libxml2,https://stackoverflow.com/questions/16659303/huge-memory-leak-with-libxml2,targeted
Stack Overflow,question,asker,LIB,Library global cleanup,D1,Deallocation,"Is there a matching release for this allocation, and where should it go?",https://stackoverflow.com/questions/16659303/huge-memory-leak-with-libxml2,https://stackoverflow.com/questions/16659303/huge-memory-leak-with-libxml2,targeted
Stack Overflow,question,asker,LIB,Library global cleanup,R3,Report interpretation,"Is the report caused by my code, or by a library, runtime, or the tool itself?",https://stackoverflow.com/questions/4617328/did-i-find-a-libxml2-bug-memory-leak-in-multi-threaded-parsing,https://stackoverflow.com/questions/4617328/did-i-find-a-libxml2-bug-memory-leak-in-multi-threaded-parsing,targeted
Stack Overflow,question,asker,LIB,Library global cleanup,L4,Lifetime,Are threads joined/detached so that their resources are released?,https://stackoverflow.com/questions/4617328/did-i-find-a-libxml2-bug-memory-leak-in-multi-threaded-parsing,https://stackoverflow.com/questions/4617328/did-i-find-a-libxml2-bug-memory-leak-in-multi-threaded-parsing,targeted
Stack Overflow,question,asker,LIB,Library global cleanup,R3,Report interpretation,"Is the report caused by my code, or by a library, runtime, or the tool itself?",https://stackoverflow.com/questions/27900525/memory-leak-with-xmlcopynode-libxml2,https://stackoverflow.com/questions/27900525/memory-leak-with-xmlcopynode-libxml2,targeted
Stack Overflow,question,asker,IN,Inside the seven CWEs,R4,Report interpretation,Where was the block allocated / where does the leak or bad free originate?,https://stackoverflow.com/questions/26862876/memory-leak-after-returning-xmlchar-from-function,https://stackoverflow.com/questions/26862876/memory-leak-after-returning-xmlchar-from-function,targeted
Stack Overflow,question,asker,LIB,Library global cleanup,L1,Lifetime,"Must the memory be freed before program exit, or is exit-time retention acceptable?",https://stackoverflow.com/questions/49896108/libxml2-so-init-cleanupparser-usage-for-multiple-processes-with-threads,https://stackoverflow.com/questions/49896108/libxml2-so-init-cleanupparser-usage-for-multiple-processes-with-threads,targeted
Stack Overflow,question,asker,LIB,Library global cleanup,L4,Lifetime,Are threads joined/detached so that their resources are released?,https://stackoverflow.com/questions/49896108/libxml2-so-init-cleanupparser-usage-for-multiple-processes-with-threads,https://stackoverflow.com/questions/49896108/libxml2-so-init-cleanupparser-usage-for-multiple-processes-with-threads,targeted
Stack Overflow,question,asker,LIB,Library global cleanup,R3,Report interpretation,"Is the report caused by my code, or by a library, runtime, or the tool itself?",https://stackoverflow.com/questions/4254610/valgrind-reports-memory-possibly-lost-when-using-glib-data-types,https://stackoverflow.com/questions/4254610/valgrind-reports-memory-possibly-lost-when-using-glib-data-types,targeted
Stack Overflow,question,asker,LIB,Library global cleanup,R3,Report interpretation,"Is the report caused by my code, or by a library, runtime, or the tool itself?",https://stackoverflow.com/questions/10560910/avoiding-glib-memory-pools-valgrind-possibly-lost-in-c,https://stackoverflow.com/questions/10560910/avoiding-glib-memory-pools-valgrind-possibly-lost-in-c,targeted
Stack Overflow,question,asker,IN,Inside the seven CWEs,R5,Report interpretation,"How do I detect, configure, or suppress this with the tool?",https://stackoverflow.com/questions/12672770/how-to-find-memory-leaks-in-a-very-slow-application,https://stackoverflow.com/questions/12672770/how-to-find-memory-leaks-in-a-very-slow-application,targeted
Stack Overflow,question,asker,IN,Inside the seven CWEs,R2,Report interpretation,"What does the tool's report category or runtime error mean (definitely/indirectly/possibly lost, still reachable, suppressed, invalid pointer)?",https://stackoverflow.com/questions/9989496/malloc-and-freeing-memory-between-threads-in-c,https://stackoverflow.com/questions/9989496/malloc-and-freeing-memory-between-threads-in-c,targeted
Stack Overflow,question,asker,IN,Inside the seven CWEs,R5,Report interpretation,"How do I detect, configure, or suppress this with the tool?",https://stackoverflow.com/questions/8370468/debugging-segmentation-faults-on-a-mac,https://stackoverflow.com/questions/8370468/debugging-segmentation-faults-on-a-mac,targeted
Stack Overflow,question,asker,IN,Inside the seven CWEs,R4,Report interpretation,Where was the block allocated / where does the leak or bad free originate?,https://stackoverflow.com/questions/7655834/valgrind-giving-error-but-unable-to-find-location,https://stackoverflow.com/questions/7655834/valgrind-giving-error-but-unable-to-find-location,targeted
Stack Overflow,question,asker,IN,Inside the seven CWEs,G,Non-diagnostic,Generic: why does this leak/crash? (no specific evidence asked),https://stackoverflow.com/questions/30754437/valgrind-shows-me-a-leak-when-using-libxml2,https://stackoverflow.com/questions/30754437/valgrind-shows-me-a-leak-when-using-libxml2,targeted
Stack Overflow,question,asker,GRW,CWE-400/770 growth without classic leak,L3,Lifetime,"Does memory keep growing with repetitions (retained longer than needed, unbounded growth)?",https://stackoverflow.com/questions/7955109/dlopen-and-dlclose-memory-management-in-c-appln,https://stackoverflow.com/questions/7955109/dlopen-and-dlclose-memory-management-in-c-appln,targeted
Stack Overflow,question,asker,GRW,CWE-400/770 growth without classic leak,V1,Report interpretation,"Is the suspected leak/invalid free real, or a false positive / benign report?",https://stackoverflow.com/questions/7955109/dlopen-and-dlclose-memory-management-in-c-appln,https://stackoverflow.com/questions/7955109/dlopen-and-dlclose-memory-management-in-c-appln,targeted
Stack Overflow,question,asker,LIB,Library global cleanup,L1,Lifetime,"Must the memory be freed before program exit, or is exit-time retention acceptable?",https://stackoverflow.com/questions/7955109/dlopen-and-dlclose-memory-management-in-c-appln,https://stackoverflow.com/questions/7955109/dlopen-and-dlclose-memory-management-in-c-appln,targeted
Stack Overflow,question,asker,LIB,Library global cleanup,X1,Cross-module,"Are allocation and release done by the same module/runtime heap (DLL, CRT, FFI boundary)?",https://stackoverflow.com/questions/7955109/dlopen-and-dlclose-memory-management-in-c-appln,https://stackoverflow.com/questions/7955109/dlopen-and-dlclose-memory-management-in-c-appln,targeted
Stack Overflow,question,asker,IN,Inside the seven CWEs,R3,Report interpretation,"Is the report caused by my code, or by a library, runtime, or the tool itself?",https://stackoverflow.com/questions/78525668/egl-memory-leak,https://stackoverflow.com/questions/78525668/egl-memory-leak,targeted
Stack Overflow,question,asker,LIB,Library global cleanup,R3,Report interpretation,"Is the report caused by my code, or by a library, runtime, or the tool itself?",https://stackoverflow.com/questions/78525668/egl-memory-leak,https://stackoverflow.com/questions/78525668/egl-memory-leak,targeted
Stack Overflow,question,asker,POOL,Pools/arenas,R5,Report interpretation,"How do I detect, configure, or suppress this with the tool?",https://stackoverflow.com/questions/48861544/is-there-any-way-to-name-mempools-in-valgrind-memcheck,https://stackoverflow.com/questions/48861544/is-there-any-way-to-name-mempools-in-valgrind-memcheck,targeted
Stack Overflow,question,asker,THR,CWE-404 thread/process lifetime,L4,Lifetime,Are threads joined/detached so that their resources are released?,https://stackoverflow.com/questions/44980711/whats-a-a-good-way-to-stop-a-pool-of-threads-from-running,https://stackoverflow.com/questions/44980711/whats-a-a-good-way-to-stop-a-pool-of-threads-from-running,targeted
Stack Overflow,question,asker,THR,CWE-404 thread/process lifetime,L4,Lifetime,Are threads joined/detached so that their resources are released?,https://stackoverflow.com/questions/44980711/whats-a-a-good-way-to-stop-a-pool-of-threads-from-running,https://stackoverflow.com/questions/44980711/whats-a-a-good-way-to-stop-a-pool-of-threads-from-running,targeted
Stack Overflow,question,asker,IN,Inside the seven CWEs,R5,Report interpretation,"How do I detect, configure, or suppress this with the tool?",https://stackoverflow.com/questions/18455698/lightweight-memory-leak-debugging-on-linux,https://stackoverflow.com/questions/18455698/lightweight-memory-leak-debugging-on-linux,targeted
Stack Overflow,question,asker,IN,Inside the seven CWEs,C1,Control flow,"Is the memory released on every path: error handling, early return, exceptions, longjmp?",https://stackoverflow.com/questions/52829477/should-you-free-an-array-if-allocating-that-array-threw-an-exception,https://stackoverflow.com/questions/52829477/should-you-free-an-array-if-allocating-that-array-threw-an-exception,targeted
Stack Overflow,question,asker,IN,Inside the seven CWEs,C1,Control flow,"Is the memory released on every path: error handling, early return, exceptions, longjmp?",https://stackoverflow.com/questions/52829477/should-you-free-an-array-if-allocating-that-array-threw-an-exception,https://stackoverflow.com/questions/52829477/should-you-free-an-array-if-allocating-that-array-threw-an-exception,targeted
Stack Overflow,question,asker,IN,Inside the seven CWEs,G,Non-diagnostic,Generic: why does this leak/crash? (no specific evidence asked),https://stackoverflow.com/questions/52829477/should-you-free-an-array-if-allocating-that-array-threw-an-exception,https://stackoverflow.com/questions/52829477/should-you-free-an-array-if-allocating-that-array-threw-an-exception,targeted
Stack Overflow,question,asker,IN,Inside the seven CWEs,R5,Report interpretation,"How do I detect, configure, or suppress this with the tool?",https://stackoverflow.com/questions/14235858/free-application-to-check-memory-leaks-in-windows-x64,https://stackoverflow.com/questions/14235858/free-application-to-check-memory-leaks-in-windows-x64,targeted
Stack Overflow,question,asker,GRW,CWE-400/770 growth without classic leak,R6,Report interpretation,"Is the growth in RSS / task-manager memory leaked memory, or freed memory the allocator has not returned (fragmentation, arenas, caches)?",https://stackoverflow.com/questions/2798413/basic-heap-usage-statistics-in-gcc-on-64-bit-platform,https://stackoverflow.com/questions/2798413/basic-heap-usage-statistics-in-gcc-on-64-bit-platform,targeted
Stack Overflow,question,asker,IN,Inside the seven CWEs,N1,Composite cleanup,"Are nested sub-allocations released (struct members, list nodes, 2-D arrays) before/with the parent?",https://stackoverflow.com/questions/1361139/how-to-avoid-memory-leaks-when-using-a-vector-of-pointers-to-dynamically-allocat,https://stackoverflow.com/questions/1361139/how-to-avoid-memory-leaks-when-using-a-vector-of-pointers-to-dynamically-allocat,targeted
Stack Overflow,question,asker,IN,Inside the seven CWEs,O2,Ownership,"Was ownership transferred (to a container, smart pointer, library, or object), so someone else releases it?",https://stackoverflow.com/questions/1361139/how-to-avoid-memory-leaks-when-using-a-vector-of-pointers-to-dynamically-allocat,https://stackoverflow.com/questions/1361139/how-to-avoid-memory-leaks-when-using-a-vector-of-pointers-to-dynamically-allocat,targeted
Stack Overflow,question,asker,IN,Inside the seven CWEs,P,Non-diagnostic,Prevention / best-practice advice,https://stackoverflow.com/questions/1361139/how-to-avoid-memory-leaks-when-using-a-vector-of-pointers-to-dynamically-allocat,https://stackoverflow.com/questions/1361139/how-to-avoid-memory-leaks-when-using-a-vector-of-pointers-to-dynamically-allocat,targeted
Stack Overflow,question,asker,IN,Inside the seven CWEs,V1,Report interpretation,"Is the suspected leak/invalid free real, or a false positive / benign report?",https://stackoverflow.com/questions/12795196/clearing-a-vector-of-pointers,https://stackoverflow.com/questions/12795196/clearing-a-vector-of-pointers,targeted
Stack Overflow,question,asker,IN,Inside the seven CWEs,O2,Ownership,"Was ownership transferred (to a container, smart pointer, library, or object), so someone else releases it?",https://stackoverflow.com/questions/12795196/clearing-a-vector-of-pointers,https://stackoverflow.com/questions/12795196/clearing-a-vector-of-pointers,targeted
Stack Overflow,question,asker,IN,Inside the seven CWEs,N1,Composite cleanup,"Are nested sub-allocations released (struct members, list nodes, 2-D arrays) before/with the parent?",https://stackoverflow.com/questions/12795196/clearing-a-vector-of-pointers,https://stackoverflow.com/questions/12795196/clearing-a-vector-of-pointers,targeted
Stack Overflow,question,asker,IN,Inside the seven CWEs,O2,Ownership,"Was ownership transferred (to a container, smart pointer, library, or object), so someone else releases it?",https://stackoverflow.com/questions/31410858/adding-elements-to-stdvector-of-an-abstract-class,https://stackoverflow.com/questions/31410858/adding-elements-to-stdvector-of-an-abstract-class,targeted
Stack Overflow,question,asker,IN,Inside the seven CWEs,L2,Lifetime,"Is the object destroyed when its lifetime ends (scope exit, destructor called, virtual destructor)?",https://stackoverflow.com/questions/31410858/adding-elements-to-stdvector-of-an-abstract-class,https://stackoverflow.com/questions/31410858/adding-elements-to-stdvector-of-an-abstract-class,targeted
Stack Overflow,question,asker,IN,Inside the seven CWEs,V1,Report interpretation,"Is the suspected leak/invalid free real, or a false positive / benign report?",https://stackoverflow.com/questions/20158793/creating-c-vector-of-pointers,https://stackoverflow.com/questions/20158793/creating-c-vector-of-pointers,targeted
Stack Overflow,question,asker,IN,Inside the seven CWEs,C1,Control flow,"Is the memory released on every path: error handling, early return, exceptions, longjmp?",https://stackoverflow.com/questions/19414331/safe-to-use-vector-emplace-back-new-mypointer-could-failure-inside-vector-le,https://stackoverflow.com/questions/19414331/safe-to-use-vector-emplace-back-new-mypointer-could-failure-inside-vector-le,targeted
Stack Overflow,question,asker,IN,Inside the seven CWEs,O2,Ownership,"Was ownership transferred (to a container, smart pointer, library, or object), so someone else releases it?",https://stackoverflow.com/questions/19414331/safe-to-use-vector-emplace-back-new-mypointer-could-failure-inside-vector-le,https://stackoverflow.com/questions/19414331/safe-to-use-vector-emplace-back-new-mypointer-could-failure-inside-vector-le,targeted
Stack Overflow,question,asker,IN,Inside the seven CWEs,C1,Control flow,"Is the memory released on every path: error handling, early return, exceptions, longjmp?",https://stackoverflow.com/questions/19414331/safe-to-use-vector-emplace-back-new-mypointer-could-failure-inside-vector-le,https://stackoverflow.com/questions/19414331/safe-to-use-vector-emplace-back-new-mypointer-could-failure-inside-vector-le,targeted
Stack Overflow,question,asker,IN,Inside the seven CWEs,C1,Control flow,"Is the memory released on every path: error handling, early return, exceptions, longjmp?",https://stackoverflow.com/questions/19414331/safe-to-use-vector-emplace-back-new-mypointer-could-failure-inside-vector-le,https://stackoverflow.com/questions/19414331/safe-to-use-vector-emplace-back-new-mypointer-could-failure-inside-vector-le,targeted
Stack Overflow,question,asker,IN,Inside the seven CWEs,O2,Ownership,"Was ownership transferred (to a container, smart pointer, library, or object), so someone else releases it?",https://stackoverflow.com/questions/19414331/safe-to-use-vector-emplace-back-new-mypointer-could-failure-inside-vector-le,https://stackoverflow.com/questions/19414331/safe-to-use-vector-emplace-back-new-mypointer-could-failure-inside-vector-le,targeted
Stack Overflow,question,asker,IN,Inside the seven CWEs,D3,Deallocation,Is the deallocator the right one for the allocator (free vs delete vs delete[] vs library free)?,https://stackoverflow.com/questions/75600524/why-is-there-a-memory-leak-in-this-program-and-how-can-i-solve-it-given-the-con,https://stackoverflow.com/questions/75600524/why-is-there-a-memory-leak-in-this-program-and-how-can-i-solve-it-given-the-con,targeted
Stack Overflow,question,asker,IN,Inside the seven CWEs,L2,Lifetime,"Is the object destroyed when its lifetime ends (scope exit, destructor called, virtual destructor)?",https://stackoverflow.com/questions/75600524/why-is-there-a-memory-leak-in-this-program-and-how-can-i-solve-it-given-the-con,https://stackoverflow.com/questions/75600524/why-is-there-a-memory-leak-in-this-program-and-how-can-i-solve-it-given-the-con,targeted
Stack Overflow,question,responder,RES,CWE-772/775 resource leak,C1,Control flow,"Is the memory released on every path: error handling, early return, exceptions, longjmp?",https://stackoverflow.com/questions/33114152/what-to-do-if-a-posix-close-call-fails,https://stackoverflow.com/a/33114363,targeted
Stack Overflow,question,asker,GRW,CWE-400/770 growth without classic leak,R6,Report interpretation,"Is the growth in RSS / task-manager memory leaked memory, or freed memory the allocator has not returned (fragmentation, arenas, caches)?",https://stackoverflow.com/questions/76274268/why-is-the-pandas-library-using-so-much-more-memory-on-ubuntu-than-mac-os,https://stackoverflow.com/questions/76274268/#comment134512979_76274268,targeted
Stack Overflow,question,asker,GRW,CWE-400/770 growth without classic leak,R6,Report interpretation,"Is the growth in RSS / task-manager memory leaked memory, or freed memory the allocator has not returned (fragmentation, arenas, caches)?",https://stackoverflow.com/questions/73314413/why-does-my-c-program-suddenly-release-memory,https://stackoverflow.com/questions/73314413/#comment129475517_73314413,targeted
Stack Overflow,question,asker,IN,Inside the seven CWEs,R5,Report interpretation,"How do I detect, configure, or suppress this with the tool?",https://stackoverflow.com/questions/73314413/why-does-my-c-program-suddenly-release-memory,https://stackoverflow.com/questions/73314413/#comment129474744_73314413,targeted
Stack Overflow,question,responder,GRW,CWE-400/770 growth without classic leak,L3,Lifetime,"Does memory keep growing with repetitions (retained longer than needed, unbounded growth)?",https://stackoverflow.com/questions/63003465/finding-leaks-that-disappear-at-exit,https://stackoverflow.com/questions/63003465/#comment111415534_63003465,targeted
Stack Overflow,question,responder,GRW,CWE-400/770 growth without classic leak,V1,Report interpretation,"Is the suspected leak/invalid free real, or a false positive / benign report?",https://stackoverflow.com/questions/63003465/finding-leaks-that-disappear-at-exit,https://stackoverflow.com/questions/63003465/#comment111414094_63003465,targeted
Stack Overflow,question,responder,GRW,CWE-400/770 growth without classic leak,R6,Report interpretation,"Is the growth in RSS / task-manager memory leaked memory, or freed memory the allocator has not returned (fragmentation, arenas, caches)?",https://stackoverflow.com/questions/63003465/finding-leaks-that-disappear-at-exit,https://stackoverflow.com/questions/63003465/#comment111414094_63003465,targeted
Stack Overflow,question,asker,RES,CWE-772/775 resource leak,RK,Resource kind,"What kind of resource is held (memory, fd, socket, handle, JNI ref, GPU object, thread), and which call releases it?",https://stackoverflow.com/questions/62148840/how-to-safely-stop-a-iocp-wsarecv-task-and-free-the-wsaoverlapped-structure,https://stackoverflow.com/questions/62148840/#comment109943548_62148840,targeted
Stack Overflow,question,asker,RES,CWE-772/775 resource leak,N1,Composite cleanup,"Are nested sub-allocations released (struct members, list nodes, 2-D arrays) before/with the parent?",https://stackoverflow.com/questions/62148840/how-to-safely-stop-a-iocp-wsarecv-task-and-free-the-wsaoverlapped-structure,https://stackoverflow.com/questions/62148840/#comment109943548_62148840,targeted
Stack Overflow,question,responder,POOL,Pools/arenas,R5,Report interpretation,"How do I detect, configure, or suppress this with the tool?",https://stackoverflow.com/questions/77777506/the-segmentation-fault-in-malloc-trim0-when-run-asan,https://stackoverflow.com/questions/77777506/#comment137118051_77777506,targeted
Stack Overflow,question,responder,REF,CWE-911 refcount,N2,Composite cleanup,Is a reference cycle or refcount imbalance preventing release?,https://stackoverflow.com/questions/76168695/a-memory-leak-in-a-simple-python-c-extension,https://stackoverflow.com/questions/76168695/#comment134325470_76168695,targeted
Stack Overflow,question,responder,REF,CWE-911 refcount,N2,Composite cleanup,Is a reference cycle or refcount imbalance preventing release?,https://stackoverflow.com/questions/76168695/a-memory-leak-in-a-simple-python-c-extension,https://stackoverflow.com/questions/76168695/#comment134325312_76168695,targeted
Stack Overflow,question,responder,REF,CWE-911 refcount,C2,Control flow,"Is the old block released on each loop iteration / reallocation (realloc failure, reassignment in a loop)?",https://stackoverflow.com/questions/76168695/a-memory-leak-in-a-simple-python-c-extension,https://stackoverflow.com/questions/76168695/#comment134325312_76168695,targeted
Stack Overflow,question,responder,GRW,CWE-400/770 growth without classic leak,R6,Report interpretation,"Is the growth in RSS / task-manager memory leaked memory, or freed memory the allocator has not returned (fragmentation, arenas, caches)?",https://stackoverflow.com/questions/75141650/memory-leak-in-microsofts-wmi-library-is-there-a-way-to-mitigate-it,https://stackoverflow.com/questions/75141650/#comment132602415_75141650,targeted
Stack Overflow,question,responder,IN,Inside the seven CWEs,R5,Report interpretation,"How do I detect, configure, or suppress this with the tool?",https://stackoverflow.com/questions/66898984/segmentation-fault-when-replacing-malloc-calloc-realloc-and-free-via,https://stackoverflow.com/questions/66898984/#comment118254894_66898984,targeted
Stack Overflow,question,responder,IN,Inside the seven CWEs,R5,Report interpretation,"How do I detect, configure, or suppress this with the tool?",https://stackoverflow.com/questions/66878316/ec-key-verification-failed,https://stackoverflow.com/questions/66878316/#comment118218954_66878316,targeted
Stack Overflow,question,asker,RES,CWE-772/775 resource leak,R5,Report interpretation,"How do I detect, configure, or suppress this with the tool?",https://stackoverflow.com/questions/65928467/how-to-use-thrust-and-valgrind-together-to-detect-memory-leaks,https://stackoverflow.com/questions/65928467/#comment116727933_65928467,targeted
Stack Overflow,question,responder,IN,Inside the seven CWEs,V1,Report interpretation,"Is the suspected leak/invalid free real, or a false positive / benign report?",https://stackoverflow.com/questions/63455251/how-to-destroy-cuda-graphics-datatypes,https://stackoverflow.com/questions/63455251/#comment112210442_63455251,targeted
Stack Overflow,question,responder,RES,CWE-772/775 resource leak,L2,Lifetime,"Is the object destroyed when its lifetime ends (scope exit, destructor called, virtual destructor)?",https://stackoverflow.com/questions/68352718/is-it-necessary-to-call-destroy-on-a-stdcoroutine-handle,https://stackoverflow.com/questions/68352718/#comment131634255_68353059,targeted
Stack Overflow,question,responder,RES,CWE-772/775 resource leak,L2,Lifetime,"Is the object destroyed when its lifetime ends (scope exit, destructor called, virtual destructor)?",https://stackoverflow.com/questions/68352718/is-it-necessary-to-call-destroy-on-a-stdcoroutine-handle,https://stackoverflow.com/questions/68352718/#comment131634255_68353059,targeted
Stack Overflow,question,responder,UAF,CWE-416 use after free,D5,Deallocation,"Is the block accessed after it was released (use after free, dangling reference)?",https://stackoverflow.com/questions/21057393/what-does-double-free-mean,https://stackoverflow.com/questions/21057393/#comment130329454_21057524,targeted
Stack Overflow,question,responder,REF,CWE-911 refcount,L2,Lifetime,"Is the object destroyed when its lifetime ends (scope exit, destructor called, virtual destructor)?",https://stackoverflow.com/questions/5606589/why-do-i-not-need-to-free-this-memory,https://stackoverflow.com/questions/5606589/#comment105598098_5606926,targeted
Stack Overflow,question,responder,REF,CWE-911 refcount,L2,Lifetime,"Is the object destroyed when its lifetime ends (scope exit, destructor called, virtual destructor)?",https://stackoverflow.com/questions/5606589/why-do-i-not-need-to-free-this-memory,https://stackoverflow.com/questions/5606589/#comment105598098_5606926,targeted
Stack Overflow,question,asker,GRW,CWE-400/770 growth without classic leak,K,Non-diagnostic,"Allocator internals (how free knows the size, etc.)",https://stackoverflow.com/questions/55768549/in-malloc-why-use-brk-at-all-why-not-just-use-mmap,https://stackoverflow.com/questions/55768549/#comment98212131_55768794,targeted
Stack Overflow,question,responder,IN,Inside the seven CWEs,V1,Report interpretation,"Is the suspected leak/invalid free real, or a false positive / benign report?",https://stackoverflow.com/questions/14379328/return-char-from-function,https://stackoverflow.com/questions/14379328/#comment128055202_14379448,targeted
Stack Overflow,question,responder,IN,Inside the seven CWEs,D1,Deallocation,"Is there a matching release for this allocation, and where should it go?",https://stackoverflow.com/questions/18455698/lightweight-memory-leak-debugging-on-linux,https://stackoverflow.com/questions/18455698/#comment97072570_41052003,targeted
Stack Overflow,question,responder,GRW,CWE-400/770 growth without classic leak,R6,Report interpretation,"Is the growth in RSS / task-manager memory leaked memory, or freed memory the allocator has not returned (fragmentation, arenas, caches)?",https://stackoverflow.com/questions/16659303/huge-memory-leak-with-libxml2,https://stackoverflow.com/questions/16659303/#comment65272489_16659756,targeted
Stack Overflow,question,responder,GRW,CWE-400/770 growth without classic leak,R3,Report interpretation,"Is the report caused by my code, or by a library, runtime, or the tool itself?",https://stackoverflow.com/questions/16659303/huge-memory-leak-with-libxml2,https://stackoverflow.com/questions/16659303/#comment65272489_16659756,targeted
Stack Overflow,question,asker,LIB,Library global cleanup,R3,Report interpretation,"Is the report caused by my code, or by a library, runtime, or the tool itself?",https://stackoverflow.com/questions/27900525/memory-leak-with-xmlcopynode-libxml2,https://stackoverflow.com/questions/27900525/#comment44203465_27901371,targeted
Stack Overflow,question,asker,LIB,Library global cleanup,L1,Lifetime,"Must the memory be freed before program exit, or is exit-time retention acceptable?",https://stackoverflow.com/questions/27900525/memory-leak-with-xmlcopynode-libxml2,https://stackoverflow.com/questions/27900525/#comment44203465_27901371,targeted
Stack Overflow,question,asker,IN,Inside the seven CWEs,N1,Composite cleanup,"Are nested sub-allocations released (struct members, list nodes, 2-D arrays) before/with the parent?",https://stackoverflow.com/questions/26862876/memory-leak-after-returning-xmlchar-from-function,https://stackoverflow.com/questions/26862876/#comment42288674_26864195,targeted
Stack Overflow,question,responder,IN,Inside the seven CWEs,N1,Composite cleanup,"Are nested sub-allocations released (struct members, list nodes, 2-D arrays) before/with the parent?",https://stackoverflow.com/questions/26862876/memory-leak-after-returning-xmlchar-from-function,https://stackoverflow.com/questions/26862876/#comment42288670_26864195,targeted
Stack Overflow,question,responder,IN,Inside the seven CWEs,N1,Composite cleanup,"Are nested sub-allocations released (struct members, list nodes, 2-D arrays) before/with the parent?",https://stackoverflow.com/questions/26862876/memory-leak-after-returning-xmlchar-from-function,https://stackoverflow.com/questions/26862876/#comment42288508_26864195,targeted
Stack Overflow,question,asker,IN,Inside the seven CWEs,V1,Report interpretation,"Is the suspected leak/invalid free real, or a false positive / benign report?",https://stackoverflow.com/questions/14379328/return-char-from-function,https://stackoverflow.com/questions/14379328/#comment19999635_14379448,targeted
Stack Overflow,question,asker,IN,Inside the seven CWEs,D1,Deallocation,"Is there a matching release for this allocation, and where should it go?",https://stackoverflow.com/questions/14379328/return-char-from-function,https://stackoverflow.com/questions/14379328/#comment19999303_14379401,targeted
Stack Overflow,question,asker,IN,Inside the seven CWEs,D1,Deallocation,"Is there a matching release for this allocation, and where should it go?",https://stackoverflow.com/questions/14379328/return-char-from-function,https://stackoverflow.com/questions/14379328/#comment19998954_14379401,targeted
Stack Overflow,question,asker,IN,Inside the seven CWEs,D1,Deallocation,"Is there a matching release for this allocation, and where should it go?",https://stackoverflow.com/questions/14379328/return-char-from-function,https://stackoverflow.com/questions/14379328/#comment19998954_14379401,targeted
Stack Overflow,question,asker,IN,Inside the seven CWEs,L1,Lifetime,"Must the memory be freed before program exit, or is exit-time retention acceptable?",https://stackoverflow.com/questions/23537890/how-to-free-memory-allocated-to-local-static-pointer,https://stackoverflow.com/questions/23537890/how-to-free-memory-allocated-to-local-static-pointer,dropped
Stack Overflow,question,asker,IN,Inside the seven CWEs,E2,Escape / aliasing,"Does the pointer escape (global, struct field, return value) so it must be released elsewhere?",https://stackoverflow.com/questions/23537890/how-to-free-memory-allocated-to-local-static-pointer,https://stackoverflow.com/questions/23537890/how-to-free-memory-allocated-to-local-static-pointer,dropped
Stack Overflow,question,asker,IN,Inside the seven CWEs,D1,Deallocation,"Is there a matching release for this allocation, and where should it go?",https://stackoverflow.com/questions/55208988/if-free-is-called-inside-a-function-does-it-only-free-locally,https://stackoverflow.com/questions/55208988/if-free-is-called-inside-a-function-does-it-only-free-locally,dropped
Stack Overflow,question,asker,IN,Inside the seven CWEs,O1,Ownership,Who is responsible for releasing this memory (caller vs. callee contract)?,https://stackoverflow.com/questions/55208988/if-free-is-called-inside-a-function-does-it-only-free-locally,https://stackoverflow.com/questions/55208988/if-free-is-called-inside-a-function-does-it-only-free-locally,dropped
Stack Overflow,question,asker,IN,Inside the seven CWEs,D1,Deallocation,"Is there a matching release for this allocation, and where should it go?",https://stackoverflow.com/questions/55208988/if-free-is-called-inside-a-function-does-it-only-free-locally,https://stackoverflow.com/questions/55208988/if-free-is-called-inside-a-function-does-it-only-free-locally,dropped
Stack Overflow,question,asker,IN,Inside the seven CWEs,D1,Deallocation,"Is there a matching release for this allocation, and where should it go?",https://stackoverflow.com/questions/21124065/free-dynamically-allocated-array-c,https://stackoverflow.com/questions/21124065/free-dynamically-allocated-array-c,dropped
Stack Overflow,question,asker,IN,Inside the seven CWEs,O1,Ownership,Who is responsible for releasing this memory (caller vs. callee contract)?,https://stackoverflow.com/questions/21124065/free-dynamically-allocated-array-c,https://stackoverflow.com/questions/21124065/free-dynamically-allocated-array-c,dropped
Stack Overflow,question,asker,IN,Inside the seven CWEs,O1,Ownership,Who is responsible for releasing this memory (caller vs. callee contract)?,https://stackoverflow.com/questions/21124065/free-dynamically-allocated-array-c,https://stackoverflow.com/questions/21124065/free-dynamically-allocated-array-c,dropped
Stack Overflow,question,asker,IN,Inside the seven CWEs,O1,Ownership,Who is responsible for releasing this memory (caller vs. callee contract)?,https://stackoverflow.com/questions/21124065/free-dynamically-allocated-array-c,https://stackoverflow.com/questions/21124065/free-dynamically-allocated-array-c,dropped
Stack Overflow,question,asker,IN,Inside the seven CWEs,N1,Composite cleanup,"Are nested sub-allocations released (struct members, list nodes, 2-D arrays) before/with the parent?",https://stackoverflow.com/questions/8217694/malloc-in-a-loop-are-all-allocated-blocks-consecutive,https://stackoverflow.com/questions/8217694/malloc-in-a-loop-are-all-allocated-blocks-consecutive,dropped
Stack Overflow,question,asker,IN,Inside the seven CWEs,A1,Allocation,"Is this memory on the heap at all (vs. stack, static, string literal)?",https://stackoverflow.com/questions/19600526/why-does-modifying-a-string-literal-cause-a-segmentation-fault,https://stackoverflow.com/questions/19600526/why-does-modifying-a-string-literal-cause-a-segmentation-fault,dropped
Stack Overflow,question,asker,IN,Inside the seven CWEs,L1,Lifetime,"Must the memory be freed before program exit, or is exit-time retention acceptable?",https://stackoverflow.com/questions/19600526/why-does-modifying-a-string-literal-cause-a-segmentation-fault,https://stackoverflow.com/questions/19600526/why-does-modifying-a-string-literal-cause-a-segmentation-fault,dropped
Stack Overflow,question,asker,IN,Inside the seven CWEs,A1,Allocation,"Is this memory on the heap at all (vs. stack, static, string literal)?",https://stackoverflow.com/questions/15454403/deleting-an-object-off-the-stack,https://stackoverflow.com/questions/15454403/deleting-an-object-off-the-stack,dropped
Stack Overflow,question,asker,IN,Inside the seven CWEs,A1,Allocation,"Is this memory on the heap at all (vs. stack, static, string literal)?",https://stackoverflow.com/questions/14109257/static-variables-in-a-window-procedure,https://stackoverflow.com/questions/14109257/static-variables-in-a-window-procedure,dropped
Stack Overflow,question,asker,IN,Inside the seven CWEs,L2,Lifetime,"Is the object destroyed when its lifetime ends (scope exit, destructor called, virtual destructor)?",https://stackoverflow.com/questions/14109257/static-variables-in-a-window-procedure,https://stackoverflow.com/questions/14109257/static-variables-in-a-window-procedure,dropped
Stack Overflow,question,asker,IN,Inside the seven CWEs,L1,Lifetime,"Must the memory be freed before program exit, or is exit-time retention acceptable?",https://stackoverflow.com/questions/39385520/do-i-have-to-free-static-dynamically-allocated-pointers,https://stackoverflow.com/questions/39385520/do-i-have-to-free-static-dynamically-allocated-pointers,dropped
Stack Overflow,question,asker,IN,Inside the seven CWEs,D1,Deallocation,"Is there a matching release for this allocation, and where should it go?",https://stackoverflow.com/questions/39385520/do-i-have-to-free-static-dynamically-allocated-pointers,https://stackoverflow.com/questions/39385520/do-i-have-to-free-static-dynamically-allocated-pointers,dropped
Stack Overflow,question,asker,IN,Inside the seven CWEs,C2,Control flow,"Is the old block released on each loop iteration / reallocation (realloc failure, reassignment in a loop)?",https://stackoverflow.com/questions/39385520/do-i-have-to-free-static-dynamically-allocated-pointers,https://stackoverflow.com/questions/39385520/do-i-have-to-free-static-dynamically-allocated-pointers,dropped
Stack Overflow,question,asker,IN,Inside the seven CWEs,O1,Ownership,Who is responsible for releasing this memory (caller vs. callee contract)?,https://stackoverflow.com/questions/15238745/static-vs-malloc,https://stackoverflow.com/questions/15238745/static-vs-malloc,dropped
Stack Overflow,question,asker,IN,Inside the seven CWEs,A1,Allocation,"Is this memory on the heap at all (vs. stack, static, string literal)?",https://stackoverflow.com/questions/44314867/is-it-necessary-to-clean-up-stack-contents,https://stackoverflow.com/questions/44314867/is-it-necessary-to-clean-up-stack-contents,dropped
Stack Overflow,question,asker,IN,Inside the seven CWEs,A1,Allocation,"Is this memory on the heap at all (vs. stack, static, string literal)?",https://stackoverflow.com/questions/44314867/is-it-necessary-to-clean-up-stack-contents,https://stackoverflow.com/questions/44314867/is-it-necessary-to-clean-up-stack-contents,dropped
Stack Overflow,question,asker,UAF,CWE-416 use after free,D5,Deallocation,"Is the block accessed after it was released (use after free, dangling reference)?",https://stackoverflow.com/questions/72583216/is-it-unsafe-to-co-yield-a-pointer-to-a-local-coroutine-variable,https://stackoverflow.com/questions/72583216/is-it-unsafe-to-co-yield-a-pointer-to-a-local-coroutine-variable,dropped
Stack Overflow,question,asker,UAF,CWE-416 use after free,L2,Lifetime,"Is the object destroyed when its lifetime ends (scope exit, destructor called, virtual destructor)?",https://stackoverflow.com/questions/72583216/is-it-unsafe-to-co-yield-a-pointer-to-a-local-coroutine-variable,https://stackoverflow.com/questions/72583216/is-it-unsafe-to-co-yield-a-pointer-to-a-local-coroutine-variable,dropped
Stack Overflow,question,asker,IN,Inside the seven CWEs,D2,Deallocation,Is the pointer passed to free exactly the one the allocator returned (not offset/advanced)?,https://stackoverflow.com/questions/49568052/freeing-a-c-pointer-after-altering-its-value,https://stackoverflow.com/questions/49568052/freeing-a-c-pointer-after-altering-its-value,dropped
Stack Overflow,question,asker,UAF,CWE-416 use after free,D5,Deallocation,"Is the block accessed after it was released (use after free, dangling reference)?",https://stackoverflow.com/questions/8424684/optimistic-reads-and-locking-stm-software-transactional-memory-with-c-c,https://stackoverflow.com/questions/8424684/optimistic-reads-and-locking-stm-software-transactional-memory-with-c-c,dropped
Stack Overflow,question,asker,UAF,CWE-416 use after free,L4,Lifetime,Are threads joined/detached so that their resources are released?,https://stackoverflow.com/questions/8424684/optimistic-reads-and-locking-stm-software-transactional-memory-with-c-c,https://stackoverflow.com/questions/8424684/optimistic-reads-and-locking-stm-software-transactional-memory-with-c-c,dropped
Stack Overflow,question,asker,IN,Inside the seven CWEs,K,Non-diagnostic,"Allocator internals (how free knows the size, etc.)",https://stackoverflow.com/questions/11494379/how-to-offload-memory-offset-calculation-from-runtime-in-c-c,https://stackoverflow.com/questions/11494379/how-to-offload-memory-offset-calculation-from-runtime-in-c-c,dropped
Stack Overflow,question,asker,IN,Inside the seven CWEs,K,Non-diagnostic,"Allocator internals (how free knows the size, etc.)",https://stackoverflow.com/questions/6013713/freeing-pointer-after-pointer-arithmetic,https://stackoverflow.com/questions/6013713/freeing-pointer-after-pointer-arithmetic,dropped
Stack Overflow,question,asker,IN,Inside the seven CWEs,D2,Deallocation,Is the pointer passed to free exactly the one the allocator returned (not offset/advanced)?,https://stackoverflow.com/questions/6013713/freeing-pointer-after-pointer-arithmetic,https://stackoverflow.com/questions/6013713/freeing-pointer-after-pointer-arithmetic,dropped
Stack Overflow,question,asker,IN,Inside the seven CWEs,D2,Deallocation,Is the pointer passed to free exactly the one the allocator returned (not offset/advanced)?,https://stackoverflow.com/questions/64246400/how-to-delete-elements-from-the-middle-of-a-pointer-array-using-free-or-any-ot,https://stackoverflow.com/questions/64246400/how-to-delete-elements-from-the-middle-of-a-pointer-array-using-free-or-any-ot,dropped
Stack Overflow,question,asker,IN,Inside the seven CWEs,D2,Deallocation,Is the pointer passed to free exactly the one the allocator returned (not offset/advanced)?,https://stackoverflow.com/questions/64246400/how-to-delete-elements-from-the-middle-of-a-pointer-array-using-free-or-any-ot,https://stackoverflow.com/questions/64246400/how-to-delete-elements-from-the-middle-of-a-pointer-array-using-free-or-any-ot,dropped
Stack Overflow,question,asker,IN,Inside the seven CWEs,K,Non-diagnostic,"Allocator internals (how free knows the size, etc.)",https://stackoverflow.com/questions/75991615/how-does-c-free-all-bytes-of-a-dynamically-allocated-array,https://stackoverflow.com/questions/75991615/how-does-c-free-all-bytes-of-a-dynamically-allocated-array,dropped
Stack Overflow,question,asker,IN,Inside the seven CWEs,D3,Deallocation,Is the deallocator the right one for the allocator (free vs delete vs delete[] vs library free)?,https://stackoverflow.com/questions/21500469/how-do-i-fix-this-error-with-allocation-and-deallocation-mismatch,https://stackoverflow.com/questions/21500469/how-do-i-fix-this-error-with-allocation-and-deallocation-mismatch,dropped
Stack Overflow,question,asker,GRW,CWE-400/770 growth without classic leak,R6,Report interpretation,"Is the growth in RSS / task-manager memory leaked memory, or freed memory the allocator has not returned (fragmentation, arenas, caches)?",https://stackoverflow.com/questions/63470660/c17-strange-behavior-in-memory-allocation-deallocation-order,https://stackoverflow.com/questions/63470660/c17-strange-behavior-in-memory-allocation-deallocation-order,dropped
Stack Overflow,question,asker,UAF,CWE-416 use after free,D4,Deallocation,"Is the pointer valid to free right now (initialized, not already freed, not dangling)?",https://stackoverflow.com/questions/33374483/what-does-visual-studio-do-with-a-deleted-pointer-and-why,https://stackoverflow.com/questions/33374483/what-does-visual-studio-do-with-a-deleted-pointer-and-why,dropped
Stack Overflow,question,asker,IN,Inside the seven CWEs,X1,Cross-module,"Are allocation and release done by the same module/runtime heap (DLL, CRT, FFI boundary)?",https://stackoverflow.com/questions/65160150/is-it-necessary-to-free-the-memory-of-strings-in-c-received-from-c,https://stackoverflow.com/questions/65160150/is-it-necessary-to-free-the-memory-of-strings-in-c-received-from-c,dropped
Stack Overflow,question,asker,IN,Inside the seven CWEs,O1,Ownership,Who is responsible for releasing this memory (caller vs. callee contract)?,https://stackoverflow.com/questions/65160150/is-it-necessary-to-free-the-memory-of-strings-in-c-received-from-c,https://stackoverflow.com/questions/65160150/is-it-necessary-to-free-the-memory-of-strings-in-c-received-from-c,dropped
Stack Overflow,question,asker,IN,Inside the seven CWEs,X1,Cross-module,"Are allocation and release done by the same module/runtime heap (DLL, CRT, FFI boundary)?",https://stackoverflow.com/questions/65160150/is-it-necessary-to-free-the-memory-of-strings-in-c-received-from-c,https://stackoverflow.com/questions/65160150/is-it-necessary-to-free-the-memory-of-strings-in-c-received-from-c,dropped
Stack Overflow,question,asker,IN,Inside the seven CWEs,O1,Ownership,Who is responsible for releasing this memory (caller vs. callee contract)?,https://stackoverflow.com/questions/65160150/is-it-necessary-to-free-the-memory-of-strings-in-c-received-from-c,https://stackoverflow.com/questions/65160150/is-it-necessary-to-free-the-memory-of-strings-in-c-received-from-c,dropped
Stack Overflow,question,asker,IN,Inside the seven CWEs,X1,Cross-module,"Are allocation and release done by the same module/runtime heap (DLL, CRT, FFI boundary)?",https://stackoverflow.com/questions/68457968/within-a-dll-function-returning-memory-where-to-allocate-and-where-to-deallocat,https://stackoverflow.com/questions/68457968/within-a-dll-function-returning-memory-where-to-allocate-and-where-to-deallocat,dropped
Stack Overflow,question,asker,IN,Inside the seven CWEs,O1,Ownership,Who is responsible for releasing this memory (caller vs. callee contract)?,https://stackoverflow.com/questions/68457968/within-a-dll-function-returning-memory-where-to-allocate-and-where-to-deallocat,https://stackoverflow.com/questions/68457968/within-a-dll-function-returning-memory-where-to-allocate-and-where-to-deallocat,dropped
Stack Overflow,question,asker,IN,Inside the seven CWEs,X1,Cross-module,"Are allocation and release done by the same module/runtime heap (DLL, CRT, FFI boundary)?",https://stackoverflow.com/questions/68457968/within-a-dll-function-returning-memory-where-to-allocate-and-where-to-deallocat,https://stackoverflow.com/questions/68457968/within-a-dll-function-returning-memory-where-to-allocate-and-where-to-deallocat,dropped
Stack Overflow,question,asker,IN,Inside the seven CWEs,O1,Ownership,Who is responsible for releasing this memory (caller vs. callee contract)?,https://stackoverflow.com/questions/68457968/within-a-dll-function-returning-memory-where-to-allocate-and-where-to-deallocat,https://stackoverflow.com/questions/68457968/within-a-dll-function-returning-memory-where-to-allocate-and-where-to-deallocat,dropped
Stack Overflow,question,asker,UAF,CWE-416 use after free,D5,Deallocation,"Is the block accessed after it was released (use after free, dangling reference)?",https://stackoverflow.com/questions/18383844/invalid-pointer-becoming-valid-again,https://stackoverflow.com/questions/18383844/invalid-pointer-becoming-valid-again,dropped
Stack Overflow,question,asker,UAF,CWE-416 use after free,D4,Deallocation,"Is the pointer valid to free right now (initialized, not already freed, not dangling)?",https://stackoverflow.com/questions/704466/why-doesnt-delete-set-the-pointer-to-null,https://stackoverflow.com/questions/704466/why-doesnt-delete-set-the-pointer-to-null,dropped
Stack Overflow,question,asker,IN,Inside the seven CWEs,D1,Deallocation,"Is there a matching release for this allocation, and where should it go?",https://stackoverflow.com/questions/10360461/removing-item-from-vector-while-in-c11-range-for-loop,https://stackoverflow.com/questions/10360461/removing-item-from-vector-while-in-c11-range-for-loop,dropped
Stack Overflow,question,asker,IN,Inside the seven CWEs,O2,Ownership,"Was ownership transferred (to a container, smart pointer, library, or object), so someone else releases it?",https://stackoverflow.com/questions/10360461/removing-item-from-vector-while-in-c11-range-for-loop,https://stackoverflow.com/questions/10360461/removing-item-from-vector-while-in-c11-range-for-loop,dropped
Stack Overflow,question,asker,IN,Inside the seven CWEs,D4,Deallocation,"Is the pointer valid to free right now (initialized, not already freed, not dangling)?",https://stackoverflow.com/questions/28973502/crash-in-free,https://stackoverflow.com/questions/28973502/crash-in-free,dropped
Stack Overflow,question,asker,UAF,CWE-416 use after free,D5,Deallocation,"Is the block accessed after it was released (use after free, dangling reference)?",https://stackoverflow.com/questions/66606248/is-it-ub-to-return-a-pointer-to-local-variable,https://stackoverflow.com/questions/66606248/is-it-ub-to-return-a-pointer-to-local-variable,dropped
Stack Overflow,question,asker,IN,Inside the seven CWEs,A2,Allocation,Does this function/API allocate what it returns (must the caller free it)?,https://stackoverflow.com/questions/3647953/when-a-third-party-c-function-returns-a-pointer-should-you-free-it-yourself,https://stackoverflow.com/questions/3647953/when-a-third-party-c-function-returns-a-pointer-should-you-free-it-yourself,dropped
Stack Overflow,question,asker,IN,Inside the seven CWEs,O1,Ownership,Who is responsible for releasing this memory (caller vs. callee contract)?,https://stackoverflow.com/questions/3647953/when-a-third-party-c-function-returns-a-pointer-should-you-free-it-yourself,https://stackoverflow.com/questions/3647953/when-a-third-party-c-function-returns-a-pointer-should-you-free-it-yourself,dropped
Stack Overflow,question,asker,IN,Inside the seven CWEs,O1,Ownership,Who is responsible for releasing this memory (caller vs. callee contract)?,https://stackoverflow.com/questions/3647953/when-a-third-party-c-function-returns-a-pointer-should-you-free-it-yourself,https://stackoverflow.com/questions/3647953/when-a-third-party-c-function-returns-a-pointer-should-you-free-it-yourself,dropped
Stack Overflow,question,asker,IN,Inside the seven CWEs,A2,Allocation,Does this function/API allocate what it returns (must the caller free it)?,https://stackoverflow.com/questions/61476655/how-time-h-handles-memory,https://stackoverflow.com/questions/61476655/how-time-h-handles-memory,dropped
Stack Overflow,question,asker,REF,CWE-911 refcount,A2,Allocation,Does this function/API allocate what it returns (must the caller free it)?,https://stackoverflow.com/questions/2848273/should-a-g-object-new-have-a-matching-g-object-unref,https://stackoverflow.com/questions/2848273/should-a-g-object-new-have-a-matching-g-object-unref,dropped
Stack Overflow,question,asker,REF,CWE-911 refcount,O1,Ownership,Who is responsible for releasing this memory (caller vs. callee contract)?,https://stackoverflow.com/questions/2848273/should-a-g-object-new-have-a-matching-g-object-unref,https://stackoverflow.com/questions/2848273/should-a-g-object-new-have-a-matching-g-object-unref,dropped
Stack Overflow,question,asker,IN,Inside the seven CWEs,D1,Deallocation,"Is there a matching release for this allocation, and where should it go?",https://stackoverflow.com/questions/7733308/c-returning-string-from-function,https://stackoverflow.com/questions/7733308/c-returning-string-from-function,dropped
Stack Overflow,question,asker,IN,Inside the seven CWEs,O1,Ownership,Who is responsible for releasing this memory (caller vs. callee contract)?,https://stackoverflow.com/questions/7733308/c-returning-string-from-function,https://stackoverflow.com/questions/7733308/c-returning-string-from-function,dropped
Stack Overflow,question,asker,IN,Inside the seven CWEs,A2,Allocation,Does this function/API allocate what it returns (must the caller free it)?,https://stackoverflow.com/questions/76044569/how-do-i-free-allocated-memory-for-environ-in-c,https://stackoverflow.com/questions/76044569/how-do-i-free-allocated-memory-for-environ-in-c,dropped
Stack Overflow,question,asker,HC,CWE-122/787 heap corruption,H1,Deallocation,Was the heap already corrupted before the failing free/malloc (earlier overflow)?,https://stackoverflow.com/questions/2662652/why-would-i-get-a-bus-error-or-segmentation-fault-when-calling-free-normally,https://stackoverflow.com/questions/2662652/why-would-i-get-a-bus-error-or-segmentation-fault-when-calling-free-normally,dropped
Stack Overflow,question,asker,HC,CWE-122/787 heap corruption,D4,Deallocation,"Is the pointer valid to free right now (initialized, not already freed, not dangling)?",https://stackoverflow.com/questions/2662652/why-would-i-get-a-bus-error-or-segmentation-fault-when-calling-free-normally,https://stackoverflow.com/questions/2662652/why-would-i-get-a-bus-error-or-segmentation-fault-when-calling-free-normally,dropped
Stack Overflow,question,asker,IN,Inside the seven CWEs,D4,Deallocation,"Is the pointer valid to free right now (initialized, not already freed, not dangling)?",https://stackoverflow.com/questions/2662652/why-would-i-get-a-bus-error-or-segmentation-fault-when-calling-free-normally,https://stackoverflow.com/questions/2662652/why-would-i-get-a-bus-error-or-segmentation-fault-when-calling-free-normally,dropped
Stack Overflow,question,asker,IN,Inside the seven CWEs,A2,Allocation,Does this function/API allocate what it returns (must the caller free it)?,https://stackoverflow.com/questions/43187986/how-do-i-know-when-i-ought-to-free-strings-in-c-returned-by-library-functions,https://stackoverflow.com/questions/43187986/how-do-i-know-when-i-ought-to-free-strings-in-c-returned-by-library-functions,dropped
Stack Overflow,question,asker,IN,Inside the seven CWEs,A2,Allocation,Does this function/API allocate what it returns (must the caller free it)?,https://stackoverflow.com/questions/43187986/how-do-i-know-when-i-ought-to-free-strings-in-c-returned-by-library-functions,https://stackoverflow.com/questions/43187986/how-do-i-know-when-i-ought-to-free-strings-in-c-returned-by-library-functions,dropped
Stack Overflow,question,asker,IN,Inside the seven CWEs,C2,Control flow,"Is the old block released on each loop iteration / reallocation (realloc failure, reassignment in a loop)?",https://stackoverflow.com/questions/21437482/how-does-realloc-handle-memory-insufficiency,https://stackoverflow.com/questions/21437482/how-does-realloc-handle-memory-insufficiency,dropped
Stack Overflow,question,asker,IN,Inside the seven CWEs,C2,Control flow,"Is the old block released on each loop iteration / reallocation (realloc failure, reassignment in a loop)?",https://stackoverflow.com/questions/21437482/how-does-realloc-handle-memory-insufficiency,https://stackoverflow.com/questions/21437482/how-does-realloc-handle-memory-insufficiency,dropped
Stack Overflow,question,asker,IN,Inside the seven CWEs,A3,Allocation,Which allocator family produced this pointer (malloc/new/new[]/custom/library)?,https://stackoverflow.com/questions/26009570/what-improvements-does-gccs-builtin-malloc-provide-over-plain-malloc,https://stackoverflow.com/questions/26009570/what-improvements-does-gccs-builtin-malloc-provide-over-plain-malloc,dropped
Stack Overflow,question,asker,UAF,CWE-416 use after free,D5,Deallocation,"Is the block accessed after it was released (use after free, dangling reference)?",https://stackoverflow.com/questions/17914579/using-original-pointer-after-realloc,https://stackoverflow.com/questions/17914579/using-original-pointer-after-realloc,dropped
Stack Overflow,question,asker,UAF,CWE-416 use after free,D5,Deallocation,"Is the block accessed after it was released (use after free, dangling reference)?",https://stackoverflow.com/questions/17914579/using-original-pointer-after-realloc,https://stackoverflow.com/questions/17914579/using-original-pointer-after-realloc,dropped
Stack Overflow,question,asker,IN,Inside the seven CWEs,G,Non-diagnostic,Generic: why does this leak/crash? (no specific evidence asked),https://stackoverflow.com/questions/26353694/why-is-freeusr-input-not-working,https://stackoverflow.com/questions/26353694/why-is-freeusr-input-not-working,dropped
Stack Overflow,question,asker,IN,Inside the seven CWEs,G,Non-diagnostic,Generic: why does this leak/crash? (no specific evidence asked),https://stackoverflow.com/questions/22901208/why-wont-free-work,https://stackoverflow.com/questions/22901208/why-wont-free-work,dropped
Stack Overflow,question,asker,GRW,CWE-400/770 growth without classic leak,R6,Report interpretation,"Is the growth in RSS / task-manager memory leaked memory, or freed memory the allocator has not returned (fragmentation, arenas, caches)?",https://stackoverflow.com/questions/30239619/should-i-put-large-arrays-on-stack-or-heap,https://stackoverflow.com/questions/30239619/should-i-put-large-arrays-on-stack-or-heap,dropped
Stack Overflow,question,asker,IN,Inside the seven CWEs,R3,Report interpretation,"Is the report caused by my code, or by a library, runtime, or the tool itself?",https://stackoverflow.com/questions/48590861/valgrind-c-argument-of-function-has-a-fishy-possibly-negative-value,https://stackoverflow.com/questions/48590861/valgrind-c-argument-of-function-has-a-fishy-possibly-negative-value,dropped
Stack Overflow,question,asker,POOL,Pools/arenas,D1,Deallocation,"Is there a matching release for this allocation, and where should it go?",https://stackoverflow.com/questions/37035739/how-does-mri-ruby-store-the-contents-of-a-string,https://stackoverflow.com/questions/37035739/how-does-mri-ruby-store-the-contents-of-a-string,dropped
Stack Overflow,question,responder,POOL,Pools/arenas,D1,Deallocation,"Is there a matching release for this allocation, and where should it go?",https://stackoverflow.com/questions/31769793/sequential-memory-allocation,https://stackoverflow.com/a/31769885,dropped
Stack Overflow,question,responder,IN,Inside the seven CWEs,C1,Control flow,"Is the memory released on every path: error handling, early return, exceptions, longjmp?",https://stackoverflow.com/questions/4025869/using-mixing-c-in-c-code,https://stackoverflow.com/a/4025907,dropped
Stack Overflow,question,responder,IN,Inside the seven CWEs,L1,Lifetime,"Must the memory be freed before program exit, or is exit-time retention acceptable?",https://stackoverflow.com/questions/39385520/do-i-have-to-free-static-dynamically-allocated-pointers,https://stackoverflow.com/questions/39385520/#comment66108346_39385520,dropped
Stack Overflow,question,responder,IN,Inside the seven CWEs,A1,Allocation,"Is this memory on the heap at all (vs. stack, static, string literal)?",https://stackoverflow.com/questions/15454403/deleting-an-object-off-the-stack,https://stackoverflow.com/questions/15454403/#comment21866397_15454403,dropped
Stack Overflow,question,responder,RES,CWE-772/775 resource leak,RK,Resource kind,"What kind of resource is held (memory, fd, socket, handle, JNI ref, GPU object, thread), and which call releases it?",https://stackoverflow.com/questions/12159739/linux-driver-development-difference-between-pci-and-pcie-driver,https://stackoverflow.com/questions/12159739/#comment16309611_12159739,dropped
Stack Overflow,question,responder,RES,CWE-772/775 resource leak,D1,Deallocation,"Is there a matching release for this allocation, and where should it go?",https://stackoverflow.com/questions/12159739/linux-driver-development-difference-between-pci-and-pcie-driver,https://stackoverflow.com/questions/12159739/#comment16309611_12159739,dropped
Stack Overflow,question,responder,IN,Inside the seven CWEs,O1,Ownership,Who is responsible for releasing this memory (caller vs. callee contract)?,https://stackoverflow.com/questions/7079062/pointer-and-allocation-outside-function-or-static-variable-and-allocation-inside,https://stackoverflow.com/questions/7079062/#comment8472072_7079062,dropped
Stack Overflow,question,asker,IN,Inside the seven CWEs,N1,Composite cleanup,"Are nested sub-allocations released (struct members, list nodes, 2-D arrays) before/with the parent?",https://stackoverflow.com/questions/57644453/why-is-my-acronym-lookup-utility-surprisingly-slow,https://stackoverflow.com/questions/57644453/#comment101740700_57644453,dropped
Stack Overflow,question,asker,IN,Inside the seven CWEs,N1,Composite cleanup,"Are nested sub-allocations released (struct members, list nodes, 2-D arrays) before/with the parent?",https://stackoverflow.com/questions/57644453/why-is-my-acronym-lookup-utility-surprisingly-slow,https://stackoverflow.com/questions/57644453/#comment101740700_57644453,dropped
Stack Overflow,question,responder,IN,Inside the seven CWEs,T1,Non-diagnostic,"Triage: reproducer, full trace, version, build flags",https://stackoverflow.com/questions/33381783/memory-overwriting-while-building-an-array-of-strings-from-file-data,https://stackoverflow.com/questions/33381783/#comment54557316_33381783,dropped
Stack Overflow,question,responder,UAF,CWE-416 use after free,D5,Deallocation,"Is the block accessed after it was released (use after free, dangling reference)?",https://stackoverflow.com/questions/33374483/what-does-visual-studio-do-with-a-deleted-pointer-and-why,https://stackoverflow.com/questions/33374483/#comment54580683_33374483,dropped
Stack Overflow,question,responder,UAF,CWE-416 use after free,D5,Deallocation,"Is the block accessed after it was released (use after free, dangling reference)?",https://stackoverflow.com/questions/33374483/what-does-visual-studio-do-with-a-deleted-pointer-and-why,https://stackoverflow.com/questions/33374483/#comment54580037_33374483,dropped
Stack Overflow,question,responder,UAF,CWE-416 use after free,D5,Deallocation,"Is the block accessed after it was released (use after free, dangling reference)?",https://stackoverflow.com/questions/17024866/when-is-it-valid-to-access-a-pointer-to-a-dead-object,https://stackoverflow.com/questions/17024866/#comment24607163_17024866,dropped
Stack Overflow,question,responder,UAF,CWE-416 use after free,L2,Lifetime,"Is the object destroyed when its lifetime ends (scope exit, destructor called, virtual destructor)?",https://stackoverflow.com/questions/17024866/when-is-it-valid-to-access-a-pointer-to-a-dead-object,https://stackoverflow.com/questions/17024866/#comment24607163_17024866,dropped
Stack Overflow,question,responder,IN,Inside the seven CWEs,A1,Allocation,"Is this memory on the heap at all (vs. stack, static, string literal)?",https://stackoverflow.com/questions/4595675/determining-whether-pointer-is-valid,https://stackoverflow.com/questions/4595675/#comment5049040_4595675,dropped
Stack Overflow,question,responder,IN,Inside the seven CWEs,O1,Ownership,Who is responsible for releasing this memory (caller vs. callee contract)?,https://stackoverflow.com/questions/4595675/determining-whether-pointer-is-valid,https://stackoverflow.com/questions/4595675/#comment5049040_4595675,dropped
Stack Overflow,question,asker,UAF,CWE-416 use after free,D5,Deallocation,"Is the block accessed after it was released (use after free, dangling reference)?",https://stackoverflow.com/questions/66606248/is-it-ub-to-return-a-pointer-to-local-variable,https://stackoverflow.com/questions/66606248/#comment117745006_66606248,dropped
Stack Overflow,question,asker,IN,Inside the seven CWEs,A2,Allocation,Does this function/API allocate what it returns (must the caller free it)?,https://stackoverflow.com/questions/43187986/how-do-i-know-when-i-ought-to-free-strings-in-c-returned-by-library-functions,https://stackoverflow.com/questions/43187986/#comment73450292_43187986,dropped
Stack Overflow,question,responder,IN,Inside the seven CWEs,V1,Report interpretation,"Is the suspected leak/invalid free real, or a false positive / benign report?",https://stackoverflow.com/questions/5120768/how-to-implement-the-factory-method-pattern-in-c-correctly,https://stackoverflow.com/questions/5120768/#comment25254492_5120768,dropped
Stack Overflow,question,responder,IN,Inside the seven CWEs,T1,Non-diagnostic,"Triage: reproducer, full trace, version, build flags",https://stackoverflow.com/questions/48590861/valgrind-c-argument-of-function-has-a-fishy-possibly-negative-value,https://stackoverflow.com/questions/48590861/#comment84178934_48590861,dropped
Stack Overflow,question,responder,IN,Inside the seven CWEs,R5,Report interpretation,"How do I detect, configure, or suppress this with the tool?",https://stackoverflow.com/questions/13435374/why-does-malloc-return-null-with-plenty-of-memory-and-always-at-the-same-point,https://stackoverflow.com/questions/13435374/#comment18366501_13435374,dropped
Stack Overflow,question,asker,IN,Inside the seven CWEs,N1,Composite cleanup,"Are nested sub-allocations released (struct members, list nodes, 2-D arrays) before/with the parent?",https://stackoverflow.com/questions/8217694/malloc-in-a-loop-are-all-allocated-blocks-consecutive,https://stackoverflow.com/questions/8217694/#comment10103474_8217737,dropped
Stack Overflow,question,asker,GRW,CWE-400/770 growth without classic leak,R6,Report interpretation,"Is the growth in RSS / task-manager memory leaked memory, or freed memory the allocator has not returned (fragmentation, arenas, caches)?",https://stackoverflow.com/questions/8611198/understanding-memory-allocation-test-program-crashing,https://stackoverflow.com/questions/8611198/#comment10687831_8611219,dropped
Stack Overflow,question,responder,GRW,CWE-400/770 growth without classic leak,R6,Report interpretation,"Is the growth in RSS / task-manager memory leaked memory, or freed memory the allocator has not returned (fragmentation, arenas, caches)?",https://stackoverflow.com/questions/1119134/how-do-malloc-and-free-work,https://stackoverflow.com/questions/1119134/#comment116344247_1119334,dropped
Stack Overflow,question,responder,GRW,CWE-400/770 growth without classic leak,L1,Lifetime,"Must the memory be freed before program exit, or is exit-time retention acceptable?",https://stackoverflow.com/questions/1119134/how-do-malloc-and-free-work,https://stackoverflow.com/questions/1119134/#comment116344247_1119334,dropped
Stack Overflow,question,responder,IN,Inside the seven CWEs,D4,Deallocation,"Is the pointer valid to free right now (initialized, not already freed, not dangling)?",https://stackoverflow.com/questions/2022335/whats-the-point-of-malloc0,https://stackoverflow.com/questions/2022335/#comment83026101_2022369,dropped
Stack Overflow,question,responder,HC,CWE-122/787 heap corruption,H1,Deallocation,Was the heap already corrupted before the failing free/malloc (earlier overflow)?,https://stackoverflow.com/questions/1119134/how-do-malloc-and-free-work,https://stackoverflow.com/questions/1119134/#comment64938271_1119334,dropped
Stack Overflow,question,responder,IN,Inside the seven CWEs,D4,Deallocation,"Is the pointer valid to free right now (initialized, not already freed, not dangling)?",https://stackoverflow.com/questions/2022335/whats-the-point-of-malloc0,https://stackoverflow.com/questions/2022335/#comment63418765_2022402,dropped
Stack Overflow,question,responder,IN,Inside the seven CWEs,D3,Deallocation,Is the deallocator the right one for the allocator (free vs delete vs delete[] vs library free)?,https://stackoverflow.com/questions/605845/should-i-cast-the-result-of-malloc-in-c,https://stackoverflow.com/questions/605845/#comment422670_605994,dropped
Stack Overflow,question,responder,IN,Inside the seven CWEs,L1,Lifetime,"Must the memory be freed before program exit, or is exit-time retention acceptable?",https://stackoverflow.com/questions/39385520/do-i-have-to-free-static-dynamically-allocated-pointers,https://stackoverflow.com/questions/39385520/#comment66098448_39385612,dropped
Stack Overflow,question,asker,UAF,CWE-416 use after free,D5,Deallocation,"Is the block accessed after it was released (use after free, dangling reference)?",https://stackoverflow.com/questions/8424684/optimistic-reads-and-locking-stm-software-transactional-memory-with-c-c,https://stackoverflow.com/questions/8424684/#comment10418544_8431297,dropped
Stack Overflow,question,asker,UAF,CWE-416 use after free,L4,Lifetime,Are threads joined/detached so that their resources are released?,https://stackoverflow.com/questions/8424684/optimistic-reads-and-locking-stm-software-transactional-memory-with-c-c,https://stackoverflow.com/questions/8424684/#comment10418544_8431297,dropped
Stack Overflow,question,asker,UAF,CWE-416 use after free,D5,Deallocation,"Is the block accessed after it was released (use after free, dangling reference)?",https://stackoverflow.com/questions/8424684/optimistic-reads-and-locking-stm-software-transactional-memory-with-c-c,https://stackoverflow.com/questions/8424684/#comment10418544_8431297,dropped
Stack Overflow,question,asker,IN,Inside the seven CWEs,E3,Escape / aliasing,"Do other aliases or copies refer to the same block (shallow copy, copy ctor, two owners)?",https://stackoverflow.com/questions/62993273/reset-pointer-position-of-an-array-of-strings-within-a-function-in-c,https://stackoverflow.com/questions/62993273/#comment111396586_62993497,dropped
Stack Overflow,question,asker,IN,Inside the seven CWEs,D4,Deallocation,"Is the pointer valid to free right now (initialized, not already freed, not dangling)?",https://stackoverflow.com/questions/62993273/reset-pointer-position-of-an-array-of-strings-within-a-function-in-c,https://stackoverflow.com/questions/62993273/#comment111396586_62993497,dropped
Stack Overflow,question,responder,HC,CWE-122/787 heap corruption,H1,Deallocation,Was the heap already corrupted before the failing free/malloc (earlier overflow)?,https://stackoverflow.com/questions/2022335/whats-the-point-of-malloc0,https://stackoverflow.com/questions/2022335/#comment134607708_20867246,dropped
Stack Overflow,question,responder,THR,CWE-404 thread/process lifetime,L4,Lifetime,Are threads joined/detached so that their resources are released?,https://stackoverflow.com/questions/15752659/thread-pooling-in-c11,https://stackoverflow.com/questions/15752659/#comment124816014_25684747,dropped
Stack Overflow,question,responder,IN,Inside the seven CWEs,R5,Report interpretation,"How do I detect, configure, or suppress this with the tool?",https://stackoverflow.com/questions/67887264/c-programing-reading-a-text-from-standard-input-into-dynamic-array-or-a-dynami,https://stackoverflow.com/questions/67887264/#comment120003133_67892435,dropped
Stack Overflow,question,responder,THR,CWE-404 thread/process lifetime,L4,Lifetime,Are threads joined/detached so that their resources are released?,https://stackoverflow.com/questions/15752659/thread-pooling-in-c11,https://stackoverflow.com/questions/15752659/#comment106826273_32593825,dropped
Stack Overflow,question,asker,UAF,CWE-416 use after free,D4,Deallocation,"Is the pointer valid to free right now (initialized, not already freed, not dangling)?",https://stackoverflow.com/questions/33374483/what-does-visual-studio-do-with-a-deleted-pointer-and-why,https://stackoverflow.com/questions/33374483/#comment54628971_33375390,dropped
Stack Overflow,question,asker,UAF,CWE-416 use after free,E3,Escape / aliasing,"Do other aliases or copies refer to the same block (shallow copy, copy ctor, two owners)?",https://stackoverflow.com/questions/33374483/what-does-visual-studio-do-with-a-deleted-pointer-and-why,https://stackoverflow.com/questions/33374483/#comment54628971_33375390,dropped
Stack Overflow,question,responder,IN,Inside the seven CWEs,D4,Deallocation,"Is the pointer valid to free right now (initialized, not already freed, not dangling)?",https://stackoverflow.com/questions/17024866/when-is-it-valid-to-access-a-pointer-to-a-dead-object,https://stackoverflow.com/questions/17024866/#comment24606826_17025177,dropped
Stack Overflow,question,asker,IN,Inside the seven CWEs,D1,Deallocation,"Is there a matching release for this allocation, and where should it go?",https://stackoverflow.com/questions/74218524/allocating-on-heap-and-then-use-shared-pointer-how-to-free-the-data,https://stackoverflow.com/questions/74218524/#comment131036684_74218699,dropped
Stack Overflow,question,responder,IN,Inside the seven CWEs,D1,Deallocation,"Is there a matching release for this allocation, and where should it go?",https://stackoverflow.com/questions/38792542/readline-h-history-usage-in-c,https://stackoverflow.com/questions/38792542/#comment96918730_38794313,dropped
Stack Overflow,question,asker,IN,Inside the seven CWEs,A2,Allocation,Does this function/API allocate what it returns (must the caller free it)?,https://stackoverflow.com/questions/43187986/how-do-i-know-when-i-ought-to-free-strings-in-c-returned-by-library-functions,https://stackoverflow.com/questions/43187986/#comment73450785_43188145,dropped
Stack Overflow,question,asker,IN,Inside the seven CWEs,A2,Allocation,Does this function/API allocate what it returns (must the caller free it)?,https://stackoverflow.com/questions/28973502/crash-in-free,https://stackoverflow.com/questions/28973502/#comment46199047_28973882,dropped
Stack Overflow,question,responder,IN,Inside the seven CWEs,O1,Ownership,Who is responsible for releasing this memory (caller vs. callee contract)?,https://stackoverflow.com/questions/41660675/error-when-reading-a-file-with-fgetc-overflow,https://stackoverflow.com/questions/41660675/#comment70520881_41661147,dropped
Stack Overflow,question,asker,IN,Inside the seven CWEs,C2,Control flow,"Is the old block released on each loop iteration / reallocation (realloc failure, reassignment in a loop)?",https://stackoverflow.com/questions/41660675/error-when-reading-a-file-with-fgetc-overflow,https://stackoverflow.com/questions/41660675/#comment70520824_41661147,dropped
Stack Overflow,question,asker,GRW,CWE-400/770 growth without classic leak,R6,Report interpretation,"Is the growth in RSS / task-manager memory leaked memory, or freed memory the allocator has not returned (fragmentation, arenas, caches)?",https://stackoverflow.com/questions/26020580/huge-stdvectorstdvector-does-not-release-all-memory-on-destruction,https://stackoverflow.com/questions/26020580/#comment40757827_26020785,dropped
GitHub,statement,asker,RES,CWE-772/775 resource leak,RK,Resource kind,"What kind of resource is held (memory, fd, socket, handle, JNI ref, GPU object, thread), and which call releases it?",https://github.com/lacatoire/php-src/issues/2659,https://github.com/lacatoire/php-src/issues/2659,targeted
GitHub,statement,asker,RES,CWE-772/775 resource leak,C1,Control flow,"Is the memory released on every path: error handling, early return, exceptions, longjmp?",https://github.com/lacatoire/php-src/issues/2659,https://github.com/lacatoire/php-src/issues/2659,targeted
GitHub,statement,asker,RES,CWE-772/775 resource leak,RK,Resource kind,"What kind of resource is held (memory, fd, socket, handle, JNI ref, GPU object, thread), and which call releases it?",https://github.com/lacatoire/php-src/issues/2659,https://github.com/lacatoire/php-src/issues/2659,targeted
GitHub,statement,asker,RES,CWE-772/775 resource leak,L3,Lifetime,"Does memory keep growing with repetitions (retained longer than needed, unbounded growth)?",https://github.com/lacatoire/php-src/issues/2659,https://github.com/lacatoire/php-src/issues/2659,targeted
GitHub,statement,asker,RES,CWE-772/775 resource leak,RK,Resource kind,"What kind of resource is held (memory, fd, socket, handle, JNI ref, GPU object, thread), and which call releases it?",https://github.com/nasa/cFS/issues/1104,https://github.com/nasa/cFS/issues/1104,targeted
GitHub,statement,asker,RES,CWE-772/775 resource leak,D1,Deallocation,"Is there a matching release for this allocation, and where should it go?",https://github.com/nasa/cFS/issues/1104,https://github.com/nasa/cFS/issues/1104,targeted
GitHub,statement,asker,RES,CWE-772/775 resource leak,RK,Resource kind,"What kind of resource is held (memory, fd, socket, handle, JNI ref, GPU object, thread), and which call releases it?",https://github.com/nasa/cFS/issues/1104,https://github.com/nasa/cFS/issues/1104,targeted
GitHub,statement,asker,RES,CWE-772/775 resource leak,L3,Lifetime,"Does memory keep growing with repetitions (retained longer than needed, unbounded growth)?",https://github.com/nasa/cFS/issues/1104,https://github.com/nasa/cFS/issues/1104,targeted
GitHub,statement,asker,RES,CWE-772/775 resource leak,A4,Allocation,"Is the allocation size bounded and validated (untrusted input, overflow, huge/negative size, failure)?",https://github.com/nasa/cFS/issues/1104,https://github.com/nasa/cFS/issues/1104,targeted
GitHub,statement,asker,RES,CWE-772/775 resource leak,RK,Resource kind,"What kind of resource is held (memory, fd, socket, handle, JNI ref, GPU object, thread), and which call releases it?",https://github.com/nasa/cFS/issues/1104,https://github.com/nasa/cFS/issues/1104,targeted
GitHub,statement,asker,RES,CWE-772/775 resource leak,L3,Lifetime,"Does memory keep growing with repetitions (retained longer than needed, unbounded growth)?",https://github.com/nasa/cFS/issues/1104,https://github.com/nasa/cFS/issues/1104,targeted
GitHub,statement,asker,RES,CWE-772/775 resource leak,RK,Resource kind,"What kind of resource is held (memory, fd, socket, handle, JNI ref, GPU object, thread), and which call releases it?",https://github.com/Keriew/augustus/issues/1207,https://github.com/Keriew/augustus/issues/1207,targeted
GitHub,statement,asker,RES,CWE-772/775 resource leak,R4,Report interpretation,Where was the block allocated / where does the leak or bad free originate?,https://github.com/Keriew/augustus/issues/1207,https://github.com/Keriew/augustus/issues/1207,targeted
GitHub,statement,asker,RES,CWE-772/775 resource leak,L3,Lifetime,"Does memory keep growing with repetitions (retained longer than needed, unbounded growth)?",https://github.com/Keriew/augustus/issues/1207,https://github.com/Keriew/augustus/issues/1207,targeted
GitHub,statement,asker,RES,CWE-772/775 resource leak,L3,Lifetime,"Does memory keep growing with repetitions (retained longer than needed, unbounded growth)?",https://github.com/Keriew/augustus/issues/1207,https://github.com/Keriew/augustus/issues/1207,targeted
GitHub,statement,responder,RES,CWE-772/775 resource leak,R3,Report interpretation,"Is the report caused by my code, or by a library, runtime, or the tool itself?",https://github.com/Keriew/augustus/issues/1207,https://github.com/Keriew/augustus/issues/1207#issuecomment-2829794735,targeted
GitHub,statement,asker,RES,CWE-772/775 resource leak,R3,Report interpretation,"Is the report caused by my code, or by a library, runtime, or the tool itself?",https://github.com/Keriew/augustus/issues/1207,https://github.com/Keriew/augustus/issues/1207#issuecomment-2833342554,targeted
GitHub,statement,responder,RES,CWE-772/775 resource leak,R3,Report interpretation,"Is the report caused by my code, or by a library, runtime, or the tool itself?",https://github.com/Keriew/augustus/issues/1207,https://github.com/Keriew/augustus/issues/1207#issuecomment-2833376452,targeted
GitHub,question,responder,RES,CWE-772/775 resource leak,R3,Report interpretation,"Is the report caused by my code, or by a library, runtime, or the tool itself?",https://github.com/Keriew/augustus/issues/1207,https://github.com/Keriew/augustus/issues/1207#issuecomment-3042176463,targeted
GitHub,statement,asker,RES,CWE-772/775 resource leak,RK,Resource kind,"What kind of resource is held (memory, fd, socket, handle, JNI ref, GPU object, thread), and which call releases it?",https://github.com/rigel314/folderTail/issues/1,https://github.com/rigel314/folderTail/issues/1,targeted
GitHub,statement,asker,RES,CWE-772/775 resource leak,D1,Deallocation,"Is there a matching release for this allocation, and where should it go?",https://github.com/rigel314/folderTail/issues/1,https://github.com/rigel314/folderTail/issues/1,targeted
GitHub,statement,asker,RES,CWE-772/775 resource leak,RK,Resource kind,"What kind of resource is held (memory, fd, socket, handle, JNI ref, GPU object, thread), and which call releases it?",https://github.com/aliyun/iotkit-embedded/issues/174,https://github.com/aliyun/iotkit-embedded/issues/174,targeted
GitHub,statement,asker,RES,CWE-772/775 resource leak,RK,Resource kind,"What kind of resource is held (memory, fd, socket, handle, JNI ref, GPU object, thread), and which call releases it?",https://github.com/aliyun/iotkit-embedded/issues/174,https://github.com/aliyun/iotkit-embedded/issues/174,targeted
GitHub,statement,asker,RES,CWE-772/775 resource leak,C1,Control flow,"Is the memory released on every path: error handling, early return, exceptions, longjmp?",https://github.com/aliyun/iotkit-embedded/issues/174,https://github.com/aliyun/iotkit-embedded/issues/174,targeted
GitHub,statement,asker,RES,CWE-772/775 resource leak,RK,Resource kind,"What kind of resource is held (memory, fd, socket, handle, JNI ref, GPU object, thread), and which call releases it?",https://github.com/aliyun/iotkit-embedded/issues/174,https://github.com/aliyun/iotkit-embedded/issues/174,targeted
GitHub,statement,asker,RES,CWE-772/775 resource leak,E1,Escape / aliasing,Was the last reference overwritten or lost before release?,https://github.com/aliyun/iotkit-embedded/issues/174,https://github.com/aliyun/iotkit-embedded/issues/174,targeted
GitHub,statement,asker,RES,CWE-772/775 resource leak,RK,Resource kind,"What kind of resource is held (memory, fd, socket, handle, JNI ref, GPU object, thread), and which call releases it?",https://github.com/aliyun/iotkit-embedded/issues/174,https://github.com/aliyun/iotkit-embedded/issues/174,targeted
GitHub,statement,asker,RES,CWE-772/775 resource leak,N3,Composite cleanup,Does the cleanup routine / destructor release every resource the object owns?,https://github.com/aliyun/iotkit-embedded/issues/174,https://github.com/aliyun/iotkit-embedded/issues/174,targeted
GitHub,statement,asker,RES,CWE-772/775 resource leak,C1,Control flow,"Is the memory released on every path: error handling, early return, exceptions, longjmp?",https://github.com/aliyun/iotkit-embedded/issues/174,https://github.com/aliyun/iotkit-embedded/issues/174,targeted
GitHub,statement,asker,RES,CWE-772/775 resource leak,RK,Resource kind,"What kind of resource is held (memory, fd, socket, handle, JNI ref, GPU object, thread), and which call releases it?",https://github.com/eclipse-mosquitto/mosquitto/issues/3678,https://github.com/eclipse-mosquitto/mosquitto/issues/3678,targeted
GitHub,statement,asker,RES,CWE-772/775 resource leak,C1,Control flow,"Is the memory released on every path: error handling, early return, exceptions, longjmp?",https://github.com/eclipse-mosquitto/mosquitto/issues/3678,https://github.com/eclipse-mosquitto/mosquitto/issues/3678,targeted
GitHub,statement,asker,RES,CWE-772/775 resource leak,RK,Resource kind,"What kind of resource is held (memory, fd, socket, handle, JNI ref, GPU object, thread), and which call releases it?",https://github.com/eclipse-mosquitto/mosquitto/issues/3678,https://github.com/eclipse-mosquitto/mosquitto/issues/3678,targeted
GitHub,statement,asker,RES,CWE-772/775 resource leak,C1,Control flow,"Is the memory released on every path: error handling, early return, exceptions, longjmp?",https://github.com/eclipse-mosquitto/mosquitto/issues/3678,https://github.com/eclipse-mosquitto/mosquitto/issues/3678,targeted
GitHub,statement,asker,RES,CWE-772/775 resource leak,RK,Resource kind,"What kind of resource is held (memory, fd, socket, handle, JNI ref, GPU object, thread), and which call releases it?",https://github.com/eclipse-mosquitto/mosquitto/issues/3678,https://github.com/eclipse-mosquitto/mosquitto/issues/3678,targeted
GitHub,statement,asker,RES,CWE-772/775 resource leak,O2,Ownership,"Was ownership transferred (to a container, smart pointer, library, or object), so someone else releases it?",https://github.com/eclipse-mosquitto/mosquitto/issues/3678,https://github.com/eclipse-mosquitto/mosquitto/issues/3678,targeted
GitHub,statement,asker,RES,CWE-772/775 resource leak,C1,Control flow,"Is the memory released on every path: error handling, early return, exceptions, longjmp?",https://github.com/eclipse-mosquitto/mosquitto/issues/3678,https://github.com/eclipse-mosquitto/mosquitto/issues/3678,targeted
GitHub,statement,asker,RES,CWE-772/775 resource leak,RK,Resource kind,"What kind of resource is held (memory, fd, socket, handle, JNI ref, GPU object, thread), and which call releases it?",https://github.com/eclipse-mosquitto/mosquitto/issues/3678,https://github.com/eclipse-mosquitto/mosquitto/issues/3678,targeted
GitHub,statement,asker,RES,CWE-772/775 resource leak,C1,Control flow,"Is the memory released on every path: error handling, early return, exceptions, longjmp?",https://github.com/eclipse-mosquitto/mosquitto/issues/3678,https://github.com/eclipse-mosquitto/mosquitto/issues/3678,targeted
GitHub,statement,asker,RES,CWE-772/775 resource leak,RK,Resource kind,"What kind of resource is held (memory, fd, socket, handle, JNI ref, GPU object, thread), and which call releases it?",https://github.com/containers/fuse-overlayfs/issues/378,https://github.com/containers/fuse-overlayfs/issues/378,targeted
GitHub,statement,asker,RES,CWE-772/775 resource leak,X1,Cross-module,"Are allocation and release done by the same module/runtime heap (DLL, CRT, FFI boundary)?",https://github.com/containers/fuse-overlayfs/issues/378,https://github.com/containers/fuse-overlayfs/issues/378,targeted
GitHub,statement,asker,RES,CWE-772/775 resource leak,RK,Resource kind,"What kind of resource is held (memory, fd, socket, handle, JNI ref, GPU object, thread), and which call releases it?",https://github.com/containers/fuse-overlayfs/issues/378,https://github.com/containers/fuse-overlayfs/issues/378,targeted
GitHub,statement,asker,RES,CWE-772/775 resource leak,X1,Cross-module,"Are allocation and release done by the same module/runtime heap (DLL, CRT, FFI boundary)?",https://github.com/containers/fuse-overlayfs/issues/378,https://github.com/containers/fuse-overlayfs/issues/378,targeted
GitHub,statement,asker,RES,CWE-772/775 resource leak,RK,Resource kind,"What kind of resource is held (memory, fd, socket, handle, JNI ref, GPU object, thread), and which call releases it?",https://github.com/att/ast/issues/422,https://github.com/att/ast/issues/422,targeted
GitHub,statement,asker,RES,CWE-772/775 resource leak,RK,Resource kind,"What kind of resource is held (memory, fd, socket, handle, JNI ref, GPU object, thread), and which call releases it?",https://github.com/att/ast/issues/422,https://github.com/att/ast/issues/422,targeted
GitHub,statement,asker,RES,CWE-772/775 resource leak,L3,Lifetime,"Does memory keep growing with repetitions (retained longer than needed, unbounded growth)?",https://github.com/att/ast/issues/422,https://github.com/att/ast/issues/422,targeted
GitHub,statement,asker,RES,CWE-772/775 resource leak,R3,Report interpretation,"Is the report caused by my code, or by a library, runtime, or the tool itself?",https://github.com/att/ast/issues/422,https://github.com/att/ast/issues/422,targeted
GitHub,statement,responder,RES,CWE-772/775 resource leak,T1,Non-diagnostic,"Triage: reproducer, full trace, version, build flags",https://github.com/att/ast/issues/422,https://github.com/att/ast/issues/422#issuecomment-504812052,targeted
GitHub,statement,asker,RES,CWE-772/775 resource leak,RK,Resource kind,"What kind of resource is held (memory, fd, socket, handle, JNI ref, GPU object, thread), and which call releases it?",https://github.com/ZahiMATA/42_Cube3d/issues/16,https://github.com/ZahiMATA/42_Cube3d/issues/16,targeted
GitHub,statement,asker,RES,CWE-772/775 resource leak,L1,Lifetime,"Must the memory be freed before program exit, or is exit-time retention acceptable?",https://github.com/ZahiMATA/42_Cube3d/issues/16,https://github.com/ZahiMATA/42_Cube3d/issues/16,targeted
GitHub,statement,asker,RES,CWE-772/775 resource leak,RK,Resource kind,"What kind of resource is held (memory, fd, socket, handle, JNI ref, GPU object, thread), and which call releases it?",https://github.com/shinagawa-web/tinytap/issues/214,https://github.com/shinagawa-web/tinytap/issues/214,targeted
GitHub,statement,asker,RES,CWE-772/775 resource leak,L3,Lifetime,"Does memory keep growing with repetitions (retained longer than needed, unbounded growth)?",https://github.com/shinagawa-web/tinytap/issues/214,https://github.com/shinagawa-web/tinytap/issues/214,targeted
GitHub,statement,asker,RES,CWE-772/775 resource leak,RK,Resource kind,"What kind of resource is held (memory, fd, socket, handle, JNI ref, GPU object, thread), and which call releases it?",https://github.com/shinagawa-web/tinytap/issues/214,https://github.com/shinagawa-web/tinytap/issues/214#issuecomment-5312865500,targeted
GitHub,statement,asker,RES,CWE-772/775 resource leak,L3,Lifetime,"Does memory keep growing with repetitions (retained longer than needed, unbounded growth)?",https://github.com/shinagawa-web/tinytap/issues/214,https://github.com/shinagawa-web/tinytap/issues/214#issuecomment-5312865500,targeted
GitHub,statement,asker,RES,CWE-772/775 resource leak,R5,Report interpretation,"How do I detect, configure, or suppress this with the tool?",https://github.com/shinagawa-web/tinytap/issues/214,https://github.com/shinagawa-web/tinytap/issues/214#issuecomment-5312865500,targeted
GitHub,statement,asker,RES,CWE-772/775 resource leak,RK,Resource kind,"What kind of resource is held (memory, fd, socket, handle, JNI ref, GPU object, thread), and which call releases it?",https://github.com/shinagawa-web/tinytap/issues/214,https://github.com/shinagawa-web/tinytap/issues/214#issuecomment-5312883403,targeted
GitHub,statement,asker,RES,CWE-772/775 resource leak,L3,Lifetime,"Does memory keep growing with repetitions (retained longer than needed, unbounded growth)?",https://github.com/shinagawa-web/tinytap/issues/214,https://github.com/shinagawa-web/tinytap/issues/214#issuecomment-5312883403,targeted
GitHub,statement,asker,RES,CWE-772/775 resource leak,L3,Lifetime,"Does memory keep growing with repetitions (retained longer than needed, unbounded growth)?",https://github.com/shinagawa-web/tinytap/issues/214,https://github.com/shinagawa-web/tinytap/issues/214#issuecomment-5312903717,targeted
GitHub,statement,asker,RES,CWE-772/775 resource leak,RK,Resource kind,"What kind of resource is held (memory, fd, socket, handle, JNI ref, GPU object, thread), and which call releases it?",https://github.com/sonertari/SSLproxy/issues/43,https://github.com/sonertari/SSLproxy/issues/43,targeted
GitHub,statement,asker,RES,CWE-772/775 resource leak,L3,Lifetime,"Does memory keep growing with repetitions (retained longer than needed, unbounded growth)?",https://github.com/sonertari/SSLproxy/issues/43,https://github.com/sonertari/SSLproxy/issues/43,targeted
GitHub,statement,responder,RES,CWE-772/775 resource leak,RK,Resource kind,"What kind of resource is held (memory, fd, socket, handle, JNI ref, GPU object, thread), and which call releases it?",https://github.com/sonertari/SSLproxy/issues/43,https://github.com/sonertari/SSLproxy/issues/43#issuecomment-1141410548,targeted
GitHub,statement,responder,RES,CWE-772/775 resource leak,D1,Deallocation,"Is there a matching release for this allocation, and where should it go?",https://github.com/sonertari/SSLproxy/issues/43,https://github.com/sonertari/SSLproxy/issues/43#issuecomment-1141410548,targeted
GitHub,statement,responder,RES,CWE-772/775 resource leak,R5,Report interpretation,"How do I detect, configure, or suppress this with the tool?",https://github.com/sonertari/SSLproxy/issues/43,https://github.com/sonertari/SSLproxy/issues/43#issuecomment-1141410548,targeted
GitHub,statement,responder,RES,CWE-772/775 resource leak,RK,Resource kind,"What kind of resource is held (memory, fd, socket, handle, JNI ref, GPU object, thread), and which call releases it?",https://github.com/sonertari/SSLproxy/issues/43,https://github.com/sonertari/SSLproxy/issues/43#issuecomment-1141410548,targeted
GitHub,statement,asker,RES,CWE-772/775 resource leak,RK,Resource kind,"What kind of resource is held (memory, fd, socket, handle, JNI ref, GPU object, thread), and which call releases it?",https://github.com/prelz/BLAH/issues/16,https://github.com/prelz/BLAH/issues/16,targeted
GitHub,statement,asker,RES,CWE-772/775 resource leak,L3,Lifetime,"Does memory keep growing with repetitions (retained longer than needed, unbounded growth)?",https://github.com/prelz/BLAH/issues/16,https://github.com/prelz/BLAH/issues/16,targeted
GitHub,statement,asker,RES,CWE-772/775 resource leak,RK,Resource kind,"What kind of resource is held (memory, fd, socket, handle, JNI ref, GPU object, thread), and which call releases it?",https://github.com/sassanp/pynetinfo/issues/1,https://github.com/sassanp/pynetinfo/issues/1,targeted
GitHub,statement,asker,RES,CWE-772/775 resource leak,L3,Lifetime,"Does memory keep growing with repetitions (retained longer than needed, unbounded growth)?",https://github.com/sassanp/pynetinfo/issues/1,https://github.com/sassanp/pynetinfo/issues/1,targeted
GitHub,statement,asker,RES,CWE-772/775 resource leak,RK,Resource kind,"What kind of resource is held (memory, fd, socket, handle, JNI ref, GPU object, thread), and which call releases it?",https://github.com/sassanp/pynetinfo/issues/1,https://github.com/sassanp/pynetinfo/issues/1#issuecomment-3975175,targeted
GitHub,statement,asker,RES,CWE-772/775 resource leak,L3,Lifetime,"Does memory keep growing with repetitions (retained longer than needed, unbounded growth)?",https://github.com/sassanp/pynetinfo/issues/1,https://github.com/sassanp/pynetinfo/issues/1#issuecomment-3975175,targeted
GitHub,statement,asker,RES,CWE-772/775 resource leak,RK,Resource kind,"What kind of resource is held (memory, fd, socket, handle, JNI ref, GPU object, thread), and which call releases it?",https://github.com/sassanp/pynetinfo/issues/1,https://github.com/sassanp/pynetinfo/issues/1#issuecomment-4546299,targeted
GitHub,statement,asker,RES,CWE-772/775 resource leak,D1,Deallocation,"Is there a matching release for this allocation, and where should it go?",https://github.com/sassanp/pynetinfo/issues/1,https://github.com/sassanp/pynetinfo/issues/1#issuecomment-4546299,targeted
GitHub,statement,asker,RES,CWE-772/775 resource leak,RK,Resource kind,"What kind of resource is held (memory, fd, socket, handle, JNI ref, GPU object, thread), and which call releases it?",https://github.com/westes/flex/issues/705,https://github.com/westes/flex/issues/705,targeted
GitHub,statement,asker,RES,CWE-772/775 resource leak,N3,Composite cleanup,Does the cleanup routine / destructor release every resource the object owns?,https://github.com/westes/flex/issues/705,https://github.com/westes/flex/issues/705,targeted
GitHub,statement,asker,RES,CWE-772/775 resource leak,RK,Resource kind,"What kind of resource is held (memory, fd, socket, handle, JNI ref, GPU object, thread), and which call releases it?",https://github.com/eclipse-paho/paho.mqtt.c/issues/1705,https://github.com/eclipse-paho/paho.mqtt.c/issues/1705,targeted
GitHub,statement,asker,RES,CWE-772/775 resource leak,RK,Resource kind,"What kind of resource is held (memory, fd, socket, handle, JNI ref, GPU object, thread), and which call releases it?",https://github.com/eclipse-paho/paho.mqtt.c/issues/1705,https://github.com/eclipse-paho/paho.mqtt.c/issues/1705,targeted
GitHub,statement,asker,RES,CWE-772/775 resource leak,N3,Composite cleanup,Does the cleanup routine / destructor release every resource the object owns?,https://github.com/eclipse-paho/paho.mqtt.c/issues/1705,https://github.com/eclipse-paho/paho.mqtt.c/issues/1705,targeted
GitHub,statement,asker,RES,CWE-772/775 resource leak,RK,Resource kind,"What kind of resource is held (memory, fd, socket, handle, JNI ref, GPU object, thread), and which call releases it?",https://github.com/eclipse-paho/paho.mqtt.c/issues/1705,https://github.com/eclipse-paho/paho.mqtt.c/issues/1705,targeted
GitHub,statement,asker,RES,CWE-772/775 resource leak,E1,Escape / aliasing,Was the last reference overwritten or lost before release?,https://github.com/eclipse-paho/paho.mqtt.c/issues/1705,https://github.com/eclipse-paho/paho.mqtt.c/issues/1705,targeted
GitHub,statement,asker,RES,CWE-772/775 resource leak,L3,Lifetime,"Does memory keep growing with repetitions (retained longer than needed, unbounded growth)?",https://github.com/eclipse-paho/paho.mqtt.c/issues/1705,https://github.com/eclipse-paho/paho.mqtt.c/issues/1705,targeted
GitHub,statement,asker,RES,CWE-772/775 resource leak,RK,Resource kind,"What kind of resource is held (memory, fd, socket, handle, JNI ref, GPU object, thread), and which call releases it?",https://github.com/eclipse-paho/paho.mqtt.c/issues/1705,https://github.com/eclipse-paho/paho.mqtt.c/issues/1705,targeted
GitHub,statement,asker,RES,CWE-772/775 resource leak,L3,Lifetime,"Does memory keep growing with repetitions (retained longer than needed, unbounded growth)?",https://github.com/eclipse-paho/paho.mqtt.c/issues/1705,https://github.com/eclipse-paho/paho.mqtt.c/issues/1705,targeted
GitHub,statement,responder,RES,CWE-772/775 resource leak,L3,Lifetime,"Does memory keep growing with repetitions (retained longer than needed, unbounded growth)?",https://github.com/eclipse-paho/paho.mqtt.c/issues/1705,https://github.com/eclipse-paho/paho.mqtt.c/issues/1705#issuecomment-5928447469,targeted
GitHub,statement,asker,RES,CWE-772/775 resource leak,RK,Resource kind,"What kind of resource is held (memory, fd, socket, handle, JNI ref, GPU object, thread), and which call releases it?",https://github.com/tedjp/ish/issues/1,https://github.com/tedjp/ish/issues/1,targeted
GitHub,statement,asker,RES,CWE-772/775 resource leak,D1,Deallocation,"Is there a matching release for this allocation, and where should it go?",https://github.com/tedjp/ish/issues/1,https://github.com/tedjp/ish/issues/1,targeted
GitHub,statement,asker,RES,CWE-772/775 resource leak,RK,Resource kind,"What kind of resource is held (memory, fd, socket, handle, JNI ref, GPU object, thread), and which call releases it?",https://github.com/tedjp/ish/issues/1,https://github.com/tedjp/ish/issues/1,targeted
GitHub,statement,asker,RES,CWE-772/775 resource leak,L3,Lifetime,"Does memory keep growing with repetitions (retained longer than needed, unbounded growth)?",https://github.com/tedjp/ish/issues/1,https://github.com/tedjp/ish/issues/1,targeted
GitHub,statement,asker,RES,CWE-772/775 resource leak,RK,Resource kind,"What kind of resource is held (memory, fd, socket, handle, JNI ref, GPU object, thread), and which call releases it?",https://github.com/h2o/h2o/issues/1525,https://github.com/h2o/h2o/issues/1525,targeted
GitHub,statement,asker,RES,CWE-772/775 resource leak,C1,Control flow,"Is the memory released on every path: error handling, early return, exceptions, longjmp?",https://github.com/h2o/h2o/issues/1525,https://github.com/h2o/h2o/issues/1525,targeted
GitHub,statement,asker,RES,CWE-772/775 resource leak,RK,Resource kind,"What kind of resource is held (memory, fd, socket, handle, JNI ref, GPU object, thread), and which call releases it?",https://github.com/h2o/h2o/issues/1525,https://github.com/h2o/h2o/issues/1525,targeted
GitHub,statement,asker,RES,CWE-772/775 resource leak,C1,Control flow,"Is the memory released on every path: error handling, early return, exceptions, longjmp?",https://github.com/h2o/h2o/issues/1525,https://github.com/h2o/h2o/issues/1525,targeted
GitHub,statement,responder,RES,CWE-772/775 resource leak,RK,Resource kind,"What kind of resource is held (memory, fd, socket, handle, JNI ref, GPU object, thread), and which call releases it?",https://github.com/h2o/h2o/issues/1525,https://github.com/h2o/h2o/issues/1525#issuecomment-350138309,targeted
GitHub,statement,responder,RES,CWE-772/775 resource leak,C1,Control flow,"Is the memory released on every path: error handling, early return, exceptions, longjmp?",https://github.com/h2o/h2o/issues/1525,https://github.com/h2o/h2o/issues/1525#issuecomment-350138309,targeted
GitHub,question,responder,RES,CWE-772/775 resource leak,C1,Control flow,"Is the memory released on every path: error handling, early return, exceptions, longjmp?",https://github.com/h2o/h2o/issues/1525,https://github.com/h2o/h2o/issues/1525#issuecomment-350138309,targeted
GitHub,question,asker,RES,CWE-772/775 resource leak,RK,Resource kind,"What kind of resource is held (memory, fd, socket, handle, JNI ref, GPU object, thread), and which call releases it?",https://github.com/h2o/h2o/issues/1525,https://github.com/h2o/h2o/issues/1525#issuecomment-350151781,targeted
GitHub,question,asker,RES,CWE-772/775 resource leak,C1,Control flow,"Is the memory released on every path: error handling, early return, exceptions, longjmp?",https://github.com/h2o/h2o/issues/1525,https://github.com/h2o/h2o/issues/1525#issuecomment-350151781,targeted
GitHub,statement,asker,RES,CWE-772/775 resource leak,C1,Control flow,"Is the memory released on every path: error handling, early return, exceptions, longjmp?",https://github.com/h2o/h2o/issues/1525,https://github.com/h2o/h2o/issues/1525#issuecomment-350151781,targeted
GitHub,statement,asker,RES,CWE-772/775 resource leak,RK,Resource kind,"What kind of resource is held (memory, fd, socket, handle, JNI ref, GPU object, thread), and which call releases it?",https://github.com/signalwire/freeswitch/issues/1392,https://github.com/signalwire/freeswitch/issues/1392,targeted
GitHub,statement,asker,RES,CWE-772/775 resource leak,L3,Lifetime,"Does memory keep growing with repetitions (retained longer than needed, unbounded growth)?",https://github.com/signalwire/freeswitch/issues/1392,https://github.com/signalwire/freeswitch/issues/1392,targeted
GitHub,statement,asker,RES,CWE-772/775 resource leak,T1,Non-diagnostic,"Triage: reproducer, full trace, version, build flags",https://github.com/signalwire/freeswitch/issues/1392,https://github.com/signalwire/freeswitch/issues/1392,targeted
GitHub,statement,asker,RES,CWE-772/775 resource leak,R4,Report interpretation,Where was the block allocated / where does the leak or bad free originate?,https://github.com/davitkalantaryan/xdr_rpc/issues/4,https://github.com/davitkalantaryan/xdr_rpc/issues/4,targeted
GitHub,statement,asker,RES,CWE-772/775 resource leak,RK,Resource kind,"What kind of resource is held (memory, fd, socket, handle, JNI ref, GPU object, thread), and which call releases it?",https://github.com/karlheyes/icecast-kh/issues/444,https://github.com/karlheyes/icecast-kh/issues/444,targeted
GitHub,statement,asker,RES,CWE-772/775 resource leak,R6,Report interpretation,"Is the growth in RSS / task-manager memory leaked memory, or freed memory the allocator has not returned (fragmentation, arenas, caches)?",https://github.com/karlheyes/icecast-kh/issues/444,https://github.com/karlheyes/icecast-kh/issues/444,targeted
GitHub,statement,asker,RES,CWE-772/775 resource leak,RK,Resource kind,"What kind of resource is held (memory, fd, socket, handle, JNI ref, GPU object, thread), and which call releases it?",https://github.com/bvisness/flowshell/issues/3,https://github.com/bvisness/flowshell/issues/3,targeted
GitHub,statement,asker,RES,CWE-772/775 resource leak,D1,Deallocation,"Is there a matching release for this allocation, and where should it go?",https://github.com/bvisness/flowshell/issues/3,https://github.com/bvisness/flowshell/issues/3,targeted
GitHub,statement,asker,RES,CWE-772/775 resource leak,RK,Resource kind,"What kind of resource is held (memory, fd, socket, handle, JNI ref, GPU object, thread), and which call releases it?",https://github.com/bvisness/flowshell/issues/3,https://github.com/bvisness/flowshell/issues/3,targeted
GitHub,statement,asker,RES,CWE-772/775 resource leak,D1,Deallocation,"Is there a matching release for this allocation, and where should it go?",https://github.com/bvisness/flowshell/issues/3,https://github.com/bvisness/flowshell/issues/3,targeted
GitHub,statement,asker,RES,CWE-772/775 resource leak,RK,Resource kind,"What kind of resource is held (memory, fd, socket, handle, JNI ref, GPU object, thread), and which call releases it?",https://github.com/bvisness/flowshell/issues/3,https://github.com/bvisness/flowshell/issues/3,targeted
GitHub,statement,asker,RES,CWE-772/775 resource leak,L3,Lifetime,"Does memory keep growing with repetitions (retained longer than needed, unbounded growth)?",https://github.com/bvisness/flowshell/issues/3,https://github.com/bvisness/flowshell/issues/3,targeted
GitHub,statement,asker,RES,CWE-772/775 resource leak,RK,Resource kind,"What kind of resource is held (memory, fd, socket, handle, JNI ref, GPU object, thread), and which call releases it?",https://github.com/bvisness/flowshell/issues/3,https://github.com/bvisness/flowshell/issues/3,targeted
GitHub,statement,asker,RES,CWE-772/775 resource leak,O1,Ownership,Who is responsible for releasing this memory (caller vs. callee contract)?,https://github.com/bvisness/flowshell/issues/3,https://github.com/bvisness/flowshell/issues/3,targeted
GitHub,statement,asker,RES,CWE-772/775 resource leak,RK,Resource kind,"What kind of resource is held (memory, fd, socket, handle, JNI ref, GPU object, thread), and which call releases it?",https://github.com/bvisness/flowshell/issues/2,https://github.com/bvisness/flowshell/issues/2,targeted
GitHub,statement,asker,RES,CWE-772/775 resource leak,D1,Deallocation,"Is there a matching release for this allocation, and where should it go?",https://github.com/bvisness/flowshell/issues/2,https://github.com/bvisness/flowshell/issues/2,targeted
GitHub,statement,asker,RES,CWE-772/775 resource leak,RK,Resource kind,"What kind of resource is held (memory, fd, socket, handle, JNI ref, GPU object, thread), and which call releases it?",https://github.com/bvisness/flowshell/issues/2,https://github.com/bvisness/flowshell/issues/2,targeted
GitHub,statement,asker,RES,CWE-772/775 resource leak,D1,Deallocation,"Is there a matching release for this allocation, and where should it go?",https://github.com/bvisness/flowshell/issues/2,https://github.com/bvisness/flowshell/issues/2,targeted
GitHub,statement,asker,RES,CWE-772/775 resource leak,RK,Resource kind,"What kind of resource is held (memory, fd, socket, handle, JNI ref, GPU object, thread), and which call releases it?",https://github.com/bvisness/flowshell/issues/2,https://github.com/bvisness/flowshell/issues/2,targeted
GitHub,statement,asker,RES,CWE-772/775 resource leak,D1,Deallocation,"Is there a matching release for this allocation, and where should it go?",https://github.com/bvisness/flowshell/issues/2,https://github.com/bvisness/flowshell/issues/2,targeted
GitHub,statement,asker,RES,CWE-772/775 resource leak,RK,Resource kind,"What kind of resource is held (memory, fd, socket, handle, JNI ref, GPU object, thread), and which call releases it?",https://github.com/bvisness/flowshell/issues/2,https://github.com/bvisness/flowshell/issues/2,targeted
GitHub,statement,asker,RES,CWE-772/775 resource leak,L3,Lifetime,"Does memory keep growing with repetitions (retained longer than needed, unbounded growth)?",https://github.com/bvisness/flowshell/issues/2,https://github.com/bvisness/flowshell/issues/2,targeted
GitHub,statement,asker,RES,CWE-772/775 resource leak,RK,Resource kind,"What kind of resource is held (memory, fd, socket, handle, JNI ref, GPU object, thread), and which call releases it?",https://github.com/hardcoreerik/esp-rtl-sdr/issues/35,https://github.com/hardcoreerik/esp-rtl-sdr/issues/35,targeted
GitHub,statement,asker,RES,CWE-772/775 resource leak,C1,Control flow,"Is the memory released on every path: error handling, early return, exceptions, longjmp?",https://github.com/hardcoreerik/esp-rtl-sdr/issues/35,https://github.com/hardcoreerik/esp-rtl-sdr/issues/35,targeted
GitHub,statement,asker,RES,CWE-772/775 resource leak,RK,Resource kind,"What kind of resource is held (memory, fd, socket, handle, JNI ref, GPU object, thread), and which call releases it?",https://github.com/hardcoreerik/esp-rtl-sdr/issues/35,https://github.com/hardcoreerik/esp-rtl-sdr/issues/35,targeted
GitHub,statement,asker,RES,CWE-772/775 resource leak,C1,Control flow,"Is the memory released on every path: error handling, early return, exceptions, longjmp?",https://github.com/hardcoreerik/esp-rtl-sdr/issues/35,https://github.com/hardcoreerik/esp-rtl-sdr/issues/35,targeted
GitHub,statement,asker,RES,CWE-772/775 resource leak,RK,Resource kind,"What kind of resource is held (memory, fd, socket, handle, JNI ref, GPU object, thread), and which call releases it?",https://github.com/DOCGroup/bugzilla/issues/1430,https://github.com/DOCGroup/bugzilla/issues/1430,targeted
GitHub,statement,asker,RES,CWE-772/775 resource leak,L3,Lifetime,"Does memory keep growing with repetitions (retained longer than needed, unbounded growth)?",https://github.com/DOCGroup/bugzilla/issues/1430,https://github.com/DOCGroup/bugzilla/issues/1430,targeted
GitHub,statement,asker,RES,CWE-772/775 resource leak,RK,Resource kind,"What kind of resource is held (memory, fd, socket, handle, JNI ref, GPU object, thread), and which call releases it?",https://github.com/DOCGroup/bugzilla/issues/1430,https://github.com/DOCGroup/bugzilla/issues/1430,targeted
GitHub,statement,asker,RES,CWE-772/775 resource leak,L3,Lifetime,"Does memory keep growing with repetitions (retained longer than needed, unbounded growth)?",https://github.com/DOCGroup/bugzilla/issues/1430,https://github.com/DOCGroup/bugzilla/issues/1430,targeted
GitHub,statement,asker,THR,CWE-404 thread/process lifetime,C1,Control flow,"Is the memory released on every path: error handling, early return, exceptions, longjmp?",https://github.com/FreeRTOS/FreeRTOS-Kernel/issues/1447,https://github.com/FreeRTOS/FreeRTOS-Kernel/issues/1447,targeted
GitHub,statement,asker,THR,CWE-404 thread/process lifetime,L4,Lifetime,Are threads joined/detached so that their resources are released?,https://github.com/FreeRTOS/FreeRTOS-Kernel/issues/1447,https://github.com/FreeRTOS/FreeRTOS-Kernel/issues/1447,targeted
GitHub,statement,asker,THR,CWE-404 thread/process lifetime,O2,Ownership,"Was ownership transferred (to a container, smart pointer, library, or object), so someone else releases it?",https://github.com/FreeRTOS/FreeRTOS-Kernel/issues/1447,https://github.com/FreeRTOS/FreeRTOS-Kernel/issues/1447,targeted
GitHub,statement,asker,THR,CWE-404 thread/process lifetime,O2,Ownership,"Was ownership transferred (to a container, smart pointer, library, or object), so someone else releases it?",https://github.com/FreeRTOS/FreeRTOS-Kernel/issues/1447,https://github.com/FreeRTOS/FreeRTOS-Kernel/issues/1447,targeted
GitHub,statement,asker,THR,CWE-404 thread/process lifetime,L4,Lifetime,Are threads joined/detached so that their resources are released?,https://github.com/FreeRTOS/FreeRTOS-Kernel/issues/1447,https://github.com/FreeRTOS/FreeRTOS-Kernel/issues/1447,targeted
GitHub,statement,asker,THR,CWE-404 thread/process lifetime,C1,Control flow,"Is the memory released on every path: error handling, early return, exceptions, longjmp?",https://github.com/FreeRTOS/FreeRTOS-Kernel/issues/1447,https://github.com/FreeRTOS/FreeRTOS-Kernel/issues/1447,targeted
GitHub,statement,asker,THR,CWE-404 thread/process lifetime,L4,Lifetime,Are threads joined/detached so that their resources are released?,https://github.com/FreeRTOS/FreeRTOS-Kernel/issues/1447,https://github.com/FreeRTOS/FreeRTOS-Kernel/issues/1447,targeted
GitHub,statement,asker,THR,CWE-404 thread/process lifetime,V1,Report interpretation,"Is the suspected leak/invalid free real, or a false positive / benign report?",https://github.com/FreeRTOS/FreeRTOS-Kernel/issues/1447,https://github.com/FreeRTOS/FreeRTOS-Kernel/issues/1447,targeted
GitHub,statement,responder,THR,CWE-404 thread/process lifetime,V1,Report interpretation,"Is the suspected leak/invalid free real, or a false positive / benign report?",https://github.com/FreeRTOS/FreeRTOS-Kernel/issues/1447,https://github.com/FreeRTOS/FreeRTOS-Kernel/issues/1447#issuecomment-4917314848,targeted
GitHub,statement,asker,THR,CWE-404 thread/process lifetime,E1,Escape / aliasing,Was the last reference overwritten or lost before release?,https://github.com/zephyrproject-rtos/zephyr/issues/119905,https://github.com/zephyrproject-rtos/zephyr/issues/119905,targeted
GitHub,statement,asker,THR,CWE-404 thread/process lifetime,L4,Lifetime,Are threads joined/detached so that their resources are released?,https://github.com/zephyrproject-rtos/zephyr/issues/119905,https://github.com/zephyrproject-rtos/zephyr/issues/119905,targeted
GitHub,statement,asker,THR,CWE-404 thread/process lifetime,RK,Resource kind,"What kind of resource is held (memory, fd, socket, handle, JNI ref, GPU object, thread), and which call releases it?",https://github.com/eclipse-threadx/threadx/issues/757,https://github.com/eclipse-threadx/threadx/issues/757,targeted
GitHub,statement,asker,THR,CWE-404 thread/process lifetime,L4,Lifetime,Are threads joined/detached so that their resources are released?,https://github.com/eclipse-threadx/threadx/issues/757,https://github.com/eclipse-threadx/threadx/issues/757,targeted
GitHub,statement,asker,THR,CWE-404 thread/process lifetime,RK,Resource kind,"What kind of resource is held (memory, fd, socket, handle, JNI ref, GPU object, thread), and which call releases it?",https://github.com/eclipse-threadx/threadx/issues/757,https://github.com/eclipse-threadx/threadx/issues/757,targeted
GitHub,statement,asker,THR,CWE-404 thread/process lifetime,L4,Lifetime,Are threads joined/detached so that their resources are released?,https://github.com/eclipse-threadx/threadx/issues/757,https://github.com/eclipse-threadx/threadx/issues/757,targeted
GitHub,statement,asker,THR,CWE-404 thread/process lifetime,RK,Resource kind,"What kind of resource is held (memory, fd, socket, handle, JNI ref, GPU object, thread), and which call releases it?",https://github.com/eclipse-threadx/threadx/issues/757,https://github.com/eclipse-threadx/threadx/issues/757,targeted
GitHub,statement,asker,THR,CWE-404 thread/process lifetime,L4,Lifetime,Are threads joined/detached so that their resources are released?,https://github.com/eclipse-threadx/threadx/issues/757,https://github.com/eclipse-threadx/threadx/issues/757,targeted
GitHub,statement,asker,THR,CWE-404 thread/process lifetime,RK,Resource kind,"What kind of resource is held (memory, fd, socket, handle, JNI ref, GPU object, thread), and which call releases it?",https://github.com/eclipse-threadx/threadx/issues/757,https://github.com/eclipse-threadx/threadx/issues/757,targeted
GitHub,statement,asker,THR,CWE-404 thread/process lifetime,L4,Lifetime,Are threads joined/detached so that their resources are released?,https://github.com/eclipse-threadx/threadx/issues/757,https://github.com/eclipse-threadx/threadx/issues/757,targeted
GitHub,statement,asker,THR,CWE-404 thread/process lifetime,L4,Lifetime,Are threads joined/detached so that their resources are released?,https://github.com/icl-utk-edu/papi/issues/651,https://github.com/icl-utk-edu/papi/issues/651,targeted
GitHub,statement,asker,THR,CWE-404 thread/process lifetime,R3,Report interpretation,"Is the report caused by my code, or by a library, runtime, or the tool itself?",https://github.com/icl-utk-edu/papi/issues/651,https://github.com/icl-utk-edu/papi/issues/651,targeted
GitHub,statement,asker,THR,CWE-404 thread/process lifetime,L4,Lifetime,Are threads joined/detached so that their resources are released?,https://github.com/icl-utk-edu/papi/issues/651,https://github.com/icl-utk-edu/papi/issues/651,targeted
GitHub,statement,asker,THR,CWE-404 thread/process lifetime,R3,Report interpretation,"Is the report caused by my code, or by a library, runtime, or the tool itself?",https://github.com/icl-utk-edu/papi/issues/651,https://github.com/icl-utk-edu/papi/issues/651,targeted
GitHub,statement,asker,THR,CWE-404 thread/process lifetime,R3,Report interpretation,"Is the report caused by my code, or by a library, runtime, or the tool itself?",https://github.com/icl-utk-edu/papi/issues/651,https://github.com/icl-utk-edu/papi/issues/651,targeted
GitHub,statement,asker,THR,CWE-404 thread/process lifetime,L4,Lifetime,Are threads joined/detached so that their resources are released?,https://github.com/parrot/parrot/issues/915,https://github.com/parrot/parrot/issues/915,targeted
GitHub,statement,asker,THR,CWE-404 thread/process lifetime,L4,Lifetime,Are threads joined/detached so that their resources are released?,https://github.com/parrot/parrot/issues/915,https://github.com/parrot/parrot/issues/915,targeted
GitHub,statement,asker,THR,CWE-404 thread/process lifetime,R3,Report interpretation,"Is the report caused by my code, or by a library, runtime, or the tool itself?",https://github.com/parrot/parrot/issues/915,https://github.com/parrot/parrot/issues/915,targeted
GitHub,question,responder,THR,CWE-404 thread/process lifetime,L4,Lifetime,Are threads joined/detached so that their resources are released?,https://github.com/parrot/parrot/issues/915,https://github.com/parrot/parrot/issues/915#issuecomment-11918275,targeted
GitHub,statement,asker,THR,CWE-404 thread/process lifetime,L4,Lifetime,Are threads joined/detached so that their resources are released?,https://github.com/parrot/parrot/issues/915,https://github.com/parrot/parrot/issues/915#issuecomment-11921882,targeted
GitHub,statement,asker,THR,CWE-404 thread/process lifetime,L4,Lifetime,Are threads joined/detached so that their resources are released?,https://github.com/parrot/parrot/issues/915,https://github.com/parrot/parrot/issues/915#issuecomment-11921882,targeted
GitHub,statement,asker,THR,CWE-404 thread/process lifetime,L4,Lifetime,Are threads joined/detached so that their resources are released?,https://github.com/parrot/parrot/issues/915,https://github.com/parrot/parrot/issues/915#issuecomment-11921882,targeted
GitHub,statement,asker,THR,CWE-404 thread/process lifetime,L1,Lifetime,"Must the memory be freed before program exit, or is exit-time retention acceptable?",https://github.com/parrot/parrot/issues/915,https://github.com/parrot/parrot/issues/915#issuecomment-11921882,targeted
GitHub,statement,asker,THR,CWE-404 thread/process lifetime,RK,Resource kind,"What kind of resource is held (memory, fd, socket, handle, JNI ref, GPU object, thread), and which call releases it?",https://github.com/eclipse-threadx/threadx/issues/752,https://github.com/eclipse-threadx/threadx/issues/752#issuecomment-5733311046,targeted
GitHub,statement,asker,THR,CWE-404 thread/process lifetime,L4,Lifetime,Are threads joined/detached so that their resources are released?,https://github.com/eclipse-threadx/threadx/issues/752,https://github.com/eclipse-threadx/threadx/issues/752#issuecomment-5733311046,targeted
GitHub,statement,asker,THR,CWE-404 thread/process lifetime,RK,Resource kind,"What kind of resource is held (memory, fd, socket, handle, JNI ref, GPU object, thread), and which call releases it?",https://github.com/eclipse-threadx/threadx/issues/752,https://github.com/eclipse-threadx/threadx/issues/752#issuecomment-5733311046,targeted
GitHub,statement,asker,THR,CWE-404 thread/process lifetime,L4,Lifetime,Are threads joined/detached so that their resources are released?,https://github.com/eclipse-threadx/threadx/issues/752,https://github.com/eclipse-threadx/threadx/issues/752#issuecomment-5733311046,targeted
GitHub,statement,asker,THR,CWE-404 thread/process lifetime,L4,Lifetime,Are threads joined/detached so that their resources are released?,https://github.com/ElliottSobek/Password-List-Generator/issues/21,https://github.com/ElliottSobek/Password-List-Generator/issues/21,targeted
GitHub,statement,asker,THR,CWE-404 thread/process lifetime,C1,Control flow,"Is the memory released on every path: error handling, early return, exceptions, longjmp?",https://github.com/ElliottSobek/Password-List-Generator/issues/21,https://github.com/ElliottSobek/Password-List-Generator/issues/21,targeted
GitHub,statement,asker,GRW,CWE-400/770 growth without classic leak,T1,Non-diagnostic,"Triage: reproducer, full trace, version, build flags",https://github.com/cloudflare/workerd/issues/5665,https://github.com/cloudflare/workerd/issues/5665,targeted
GitHub,statement,asker,GRW,CWE-400/770 growth without classic leak,V1,Report interpretation,"Is the suspected leak/invalid free real, or a false positive / benign report?",https://github.com/cloudflare/workerd/issues/5665,https://github.com/cloudflare/workerd/issues/5665,targeted
GitHub,statement,asker,GRW,CWE-400/770 growth without classic leak,R3,Report interpretation,"Is the report caused by my code, or by a library, runtime, or the tool itself?",https://github.com/cloudflare/workerd/issues/5665,https://github.com/cloudflare/workerd/issues/5665,targeted
GitHub,statement,responder,GRW,CWE-400/770 growth without classic leak,V1,Report interpretation,"Is the suspected leak/invalid free real, or a false positive / benign report?",https://github.com/cloudflare/workerd/issues/5665,https://github.com/cloudflare/workerd/issues/5665#issuecomment-3639436283,targeted
GitHub,statement,responder,GRW,CWE-400/770 growth without classic leak,V1,Report interpretation,"Is the suspected leak/invalid free real, or a false positive / benign report?",https://github.com/cloudflare/workerd/issues/5665,https://github.com/cloudflare/workerd/issues/5665#issuecomment-3639436283,targeted
GitHub,statement,responder,GRW,CWE-400/770 growth without classic leak,R5,Report interpretation,"How do I detect, configure, or suppress this with the tool?",https://github.com/cloudflare/workerd/issues/5665,https://github.com/cloudflare/workerd/issues/5665#issuecomment-3639436283,targeted
GitHub,statement,responder,GRW,CWE-400/770 growth without classic leak,R6,Report interpretation,"Is the growth in RSS / task-manager memory leaked memory, or freed memory the allocator has not returned (fragmentation, arenas, caches)?",https://github.com/cloudflare/workerd/issues/5665,https://github.com/cloudflare/workerd/issues/5665#issuecomment-3639436283,targeted
GitHub,statement,responder,GRW,CWE-400/770 growth without classic leak,R6,Report interpretation,"Is the growth in RSS / task-manager memory leaked memory, or freed memory the allocator has not returned (fragmentation, arenas, caches)?",https://github.com/cloudflare/workerd/issues/5665,https://github.com/cloudflare/workerd/issues/5665#issuecomment-3641138031,targeted
GitHub,question,responder,GRW,CWE-400/770 growth without classic leak,R6,Report interpretation,"Is the growth in RSS / task-manager memory leaked memory, or freed memory the allocator has not returned (fragmentation, arenas, caches)?",https://github.com/cloudflare/workerd/issues/5665,https://github.com/cloudflare/workerd/issues/5665#issuecomment-3641138031,targeted
GitHub,question,asker,GRW,CWE-400/770 growth without classic leak,R5,Report interpretation,"How do I detect, configure, or suppress this with the tool?",https://github.com/cloudflare/workerd/issues/5665,https://github.com/cloudflare/workerd/issues/5665#issuecomment-3644712904,targeted
GitHub,statement,responder,GRW,CWE-400/770 growth without classic leak,V1,Report interpretation,"Is the suspected leak/invalid free real, or a false positive / benign report?",https://github.com/cloudflare/workerd/issues/5665,https://github.com/cloudflare/workerd/issues/5665#issuecomment-3656873483,targeted
GitHub,statement,responder,GRW,CWE-400/770 growth without classic leak,R6,Report interpretation,"Is the growth in RSS / task-manager memory leaked memory, or freed memory the allocator has not returned (fragmentation, arenas, caches)?",https://github.com/cloudflare/workerd/issues/5665,https://github.com/cloudflare/workerd/issues/5665#issuecomment-3656873483,targeted
GitHub,statement,responder,GRW,CWE-400/770 growth without classic leak,V1,Report interpretation,"Is the suspected leak/invalid free real, or a false positive / benign report?",https://github.com/cloudflare/workerd/issues/5665,https://github.com/cloudflare/workerd/issues/5665#issuecomment-3656873483,targeted
GitHub,statement,responder,GRW,CWE-400/770 growth without classic leak,R6,Report interpretation,"Is the growth in RSS / task-manager memory leaked memory, or freed memory the allocator has not returned (fragmentation, arenas, caches)?",https://github.com/cloudflare/workerd/issues/5665,https://github.com/cloudflare/workerd/issues/5665#issuecomment-3656873483,targeted
GitHub,statement,asker,GRW,CWE-400/770 growth without classic leak,R3,Report interpretation,"Is the report caused by my code, or by a library, runtime, or the tool itself?",https://github.com/cloudflare/workerd/issues/5665,https://github.com/cloudflare/workerd/issues/5665#issuecomment-3657252324,targeted
GitHub,statement,asker,GRW,CWE-400/770 growth without classic leak,R6,Report interpretation,"Is the growth in RSS / task-manager memory leaked memory, or freed memory the allocator has not returned (fragmentation, arenas, caches)?",https://github.com/cloudflare/workerd/issues/5665,https://github.com/cloudflare/workerd/issues/5665#issuecomment-3657252324,targeted
GitHub,statement,asker,GRW,CWE-400/770 growth without classic leak,R6,Report interpretation,"Is the growth in RSS / task-manager memory leaked memory, or freed memory the allocator has not returned (fragmentation, arenas, caches)?",https://github.com/cloudflare/workerd/issues/5665,https://github.com/cloudflare/workerd/issues/5665#issuecomment-3657252324,targeted
GitHub,statement,asker,GRW,CWE-400/770 growth without classic leak,L3,Lifetime,"Does memory keep growing with repetitions (retained longer than needed, unbounded growth)?",https://github.com/sddm/sddm/issues/1158,https://github.com/sddm/sddm/issues/1158,targeted
GitHub,statement,responder,GRW,CWE-400/770 growth without classic leak,R3,Report interpretation,"Is the report caused by my code, or by a library, runtime, or the tool itself?",https://github.com/sddm/sddm/issues/1158,https://github.com/sddm/sddm/issues/1158#issuecomment-484886850,targeted
GitHub,question,asker,GRW,CWE-400/770 growth without classic leak,L3,Lifetime,"Does memory keep growing with repetitions (retained longer than needed, unbounded growth)?",https://github.com/mapcrafter/mapcrafter/issues/257,https://github.com/mapcrafter/mapcrafter/issues/257,targeted
GitHub,question,asker,GRW,CWE-400/770 growth without classic leak,A4,Allocation,"Is the allocation size bounded and validated (untrusted input, overflow, huge/negative size, failure)?",https://github.com/mapcrafter/mapcrafter/issues/257,https://github.com/mapcrafter/mapcrafter/issues/257,targeted
GitHub,question,responder,GRW,CWE-400/770 growth without classic leak,T1,Non-diagnostic,"Triage: reproducer, full trace, version, build flags",https://github.com/mapcrafter/mapcrafter/issues/257,https://github.com/mapcrafter/mapcrafter/issues/257#issuecomment-312910978,targeted
GitHub,question,responder,GRW,CWE-400/770 growth without classic leak,R6,Report interpretation,"Is the growth in RSS / task-manager memory leaked memory, or freed memory the allocator has not returned (fragmentation, arenas, caches)?",https://github.com/mapcrafter/mapcrafter/issues/257,https://github.com/mapcrafter/mapcrafter/issues/257#issuecomment-312910978,targeted
GitHub,statement,responder,GRW,CWE-400/770 growth without classic leak,V1,Report interpretation,"Is the suspected leak/invalid free real, or a false positive / benign report?",https://github.com/mapcrafter/mapcrafter/issues/257,https://github.com/mapcrafter/mapcrafter/issues/257#issuecomment-313882535,targeted
GitHub,statement,responder,GRW,CWE-400/770 growth without classic leak,V1,Report interpretation,"Is the suspected leak/invalid free real, or a false positive / benign report?",https://github.com/mapcrafter/mapcrafter/issues/257,https://github.com/mapcrafter/mapcrafter/issues/257#issuecomment-313882535,targeted
GitHub,statement,responder,GRW,CWE-400/770 growth without classic leak,L3,Lifetime,"Does memory keep growing with repetitions (retained longer than needed, unbounded growth)?",https://github.com/mapcrafter/mapcrafter/issues/257,https://github.com/mapcrafter/mapcrafter/issues/257#issuecomment-955762012,targeted
GitHub,statement,responder,GRW,CWE-400/770 growth without classic leak,L3,Lifetime,"Does memory keep growing with repetitions (retained longer than needed, unbounded growth)?",https://github.com/mapcrafter/mapcrafter/issues/257,https://github.com/mapcrafter/mapcrafter/issues/257#issuecomment-955762864,targeted
GitHub,statement,responder,GRW,CWE-400/770 growth without classic leak,A4,Allocation,"Is the allocation size bounded and validated (untrusted input, overflow, huge/negative size, failure)?",https://github.com/mapcrafter/mapcrafter/issues/257,https://github.com/mapcrafter/mapcrafter/issues/257#issuecomment-955762864,targeted
GitHub,statement,asker,GRW,CWE-400/770 growth without classic leak,L3,Lifetime,"Does memory keep growing with repetitions (retained longer than needed, unbounded growth)?",https://github.com/cms-sw/cmssw/issues/51449,https://github.com/cms-sw/cmssw/issues/51449,targeted
GitHub,statement,asker,GRW,CWE-400/770 growth without classic leak,L3,Lifetime,"Does memory keep growing with repetitions (retained longer than needed, unbounded growth)?",https://github.com/cms-sw/cmssw/issues/51449,https://github.com/cms-sw/cmssw/issues/51449,targeted
GitHub,statement,asker,GRW,CWE-400/770 growth without classic leak,L3,Lifetime,"Does memory keep growing with repetitions (retained longer than needed, unbounded growth)?",https://github.com/cms-sw/cmssw/issues/51449,https://github.com/cms-sw/cmssw/issues/51449,targeted
GitHub,statement,responder,GRW,CWE-400/770 growth without classic leak,R4,Report interpretation,Where was the block allocated / where does the leak or bad free originate?,https://github.com/cms-sw/cmssw/issues/51449,https://github.com/cms-sw/cmssw/issues/51449#issuecomment-4915260465,targeted
GitHub,statement,responder,GRW,CWE-400/770 growth without classic leak,R5,Report interpretation,"How do I detect, configure, or suppress this with the tool?",https://github.com/cms-sw/cmssw/issues/51449,https://github.com/cms-sw/cmssw/issues/51449#issuecomment-4915260465,targeted
GitHub,question,responder,GRW,CWE-400/770 growth without classic leak,T1,Non-diagnostic,"Triage: reproducer, full trace, version, build flags",https://github.com/cms-sw/cmssw/issues/51449,https://github.com/cms-sw/cmssw/issues/51449#issuecomment-4969981083,targeted
GitHub,statement,asker,GRW,CWE-400/770 growth without classic leak,V1,Report interpretation,"Is the suspected leak/invalid free real, or a false positive / benign report?",https://github.com/amule-project/amule/issues/314,https://github.com/amule-project/amule/issues/314,targeted
GitHub,statement,asker,GRW,CWE-400/770 growth without classic leak,L3,Lifetime,"Does memory keep growing with repetitions (retained longer than needed, unbounded growth)?",https://github.com/amule-project/amule/issues/314,https://github.com/amule-project/amule/issues/314,targeted
GitHub,statement,asker,GRW,CWE-400/770 growth without classic leak,L3,Lifetime,"Does memory keep growing with repetitions (retained longer than needed, unbounded growth)?",https://github.com/amule-project/amule/issues/314,https://github.com/amule-project/amule/issues/314,targeted
GitHub,statement,responder,GRW,CWE-400/770 growth without classic leak,T1,Non-diagnostic,"Triage: reproducer, full trace, version, build flags",https://github.com/amule-project/amule/issues/314,https://github.com/amule-project/amule/issues/314#issuecomment-4409125325,targeted
GitHub,statement,asker,GRW,CWE-400/770 growth without classic leak,L3,Lifetime,"Does memory keep growing with repetitions (retained longer than needed, unbounded growth)?",https://github.com/ggml-org/llama.cpp/issues/23635,https://github.com/ggml-org/llama.cpp/issues/23635,targeted
GitHub,statement,asker,GRW,CWE-400/770 growth without classic leak,L3,Lifetime,"Does memory keep growing with repetitions (retained longer than needed, unbounded growth)?",https://github.com/ggml-org/llama.cpp/issues/23635,https://github.com/ggml-org/llama.cpp/issues/23635,targeted
GitHub,statement,asker,GRW,CWE-400/770 growth without classic leak,L3,Lifetime,"Does memory keep growing with repetitions (retained longer than needed, unbounded growth)?",https://github.com/ggml-org/llama.cpp/issues/23635,https://github.com/ggml-org/llama.cpp/issues/23635,targeted
GitHub,statement,responder,GRW,CWE-400/770 growth without classic leak,R6,Report interpretation,"Is the growth in RSS / task-manager memory leaked memory, or freed memory the allocator has not returned (fragmentation, arenas, caches)?",https://github.com/ggml-org/llama.cpp/issues/23635,https://github.com/ggml-org/llama.cpp/issues/23635#issuecomment-4531070583,targeted
GitHub,statement,responder,GRW,CWE-400/770 growth without classic leak,V1,Report interpretation,"Is the suspected leak/invalid free real, or a false positive / benign report?",https://github.com/ggml-org/llama.cpp/issues/23635,https://github.com/ggml-org/llama.cpp/issues/23635#issuecomment-4531070583,targeted
GitHub,statement,responder,GRW,CWE-400/770 growth without classic leak,V1,Report interpretation,"Is the suspected leak/invalid free real, or a false positive / benign report?",https://github.com/ggml-org/llama.cpp/issues/23635,https://github.com/ggml-org/llama.cpp/issues/23635#issuecomment-4531070583,targeted
GitHub,question,asker,GRW,CWE-400/770 growth without classic leak,R6,Report interpretation,"Is the growth in RSS / task-manager memory leaked memory, or freed memory the allocator has not returned (fragmentation, arenas, caches)?",https://github.com/ggml-org/llama.cpp/issues/23635,https://github.com/ggml-org/llama.cpp/issues/23635#issuecomment-4531107727,targeted
GitHub,statement,responder,GRW,CWE-400/770 growth without classic leak,V1,Report interpretation,"Is the suspected leak/invalid free real, or a false positive / benign report?",https://github.com/ggml-org/llama.cpp/issues/23635,https://github.com/ggml-org/llama.cpp/issues/23635#issuecomment-4531710680,targeted
GitHub,question,asker,GRW,CWE-400/770 growth without classic leak,R6,Report interpretation,"Is the growth in RSS / task-manager memory leaked memory, or freed memory the allocator has not returned (fragmentation, arenas, caches)?",https://github.com/ggml-org/llama.cpp/issues/23635,https://github.com/ggml-org/llama.cpp/issues/23635#issuecomment-4531801470,targeted
GitHub,statement,responder,GRW,CWE-400/770 growth without classic leak,L3,Lifetime,"Does memory keep growing with repetitions (retained longer than needed, unbounded growth)?",https://github.com/ggml-org/llama.cpp/issues/23635,https://github.com/ggml-org/llama.cpp/issues/23635#issuecomment-4589168224,targeted
GitHub,statement,asker,GRW,CWE-400/770 growth without classic leak,L3,Lifetime,"Does memory keep growing with repetitions (retained longer than needed, unbounded growth)?",https://github.com/microsoft/onnxruntime/issues/28231,https://github.com/microsoft/onnxruntime/issues/28231,targeted
GitHub,statement,asker,GRW,CWE-400/770 growth without classic leak,T1,Non-diagnostic,"Triage: reproducer, full trace, version, build flags",https://github.com/microsoft/onnxruntime/issues/28231,https://github.com/microsoft/onnxruntime/issues/28231,targeted
GitHub,statement,asker,GRW,CWE-400/770 growth without classic leak,L3,Lifetime,"Does memory keep growing with repetitions (retained longer than needed, unbounded growth)?",https://github.com/microsoft/onnxruntime/issues/28231,https://github.com/microsoft/onnxruntime/issues/28231,targeted
GitHub,statement,asker,GRW,CWE-400/770 growth without classic leak,R4,Report interpretation,Where was the block allocated / where does the leak or bad free originate?,https://github.com/microsoft/onnxruntime/issues/28231,https://github.com/microsoft/onnxruntime/issues/28231,targeted
GitHub,statement,responder,GRW,CWE-400/770 growth without classic leak,T1,Non-diagnostic,"Triage: reproducer, full trace, version, build flags",https://github.com/microsoft/onnxruntime/issues/28231,https://github.com/microsoft/onnxruntime/issues/28231#issuecomment-4347942731,targeted
GitHub,statement,responder,GRW,CWE-400/770 growth without classic leak,L3,Lifetime,"Does memory keep growing with repetitions (retained longer than needed, unbounded growth)?",https://github.com/microsoft/onnxruntime/issues/28231,https://github.com/microsoft/onnxruntime/issues/28231#issuecomment-4356497756,targeted
GitHub,statement,asker,GRW,CWE-400/770 growth without classic leak,L3,Lifetime,"Does memory keep growing with repetitions (retained longer than needed, unbounded growth)?",https://github.com/microsoft/onnxruntime/issues/28231,https://github.com/microsoft/onnxruntime/issues/28231#issuecomment-4387636320,targeted
GitHub,statement,asker,GRW,CWE-400/770 growth without classic leak,R6,Report interpretation,"Is the growth in RSS / task-manager memory leaked memory, or freed memory the allocator has not returned (fragmentation, arenas, caches)?",https://github.com/microsoft/onnxruntime/issues/28231,https://github.com/microsoft/onnxruntime/issues/28231#issuecomment-4387636320,targeted
GitHub,statement,asker,GRW,CWE-400/770 growth without classic leak,R6,Report interpretation,"Is the growth in RSS / task-manager memory leaked memory, or freed memory the allocator has not returned (fragmentation, arenas, caches)?",https://github.com/microsoft/onnxruntime/issues/28231,https://github.com/microsoft/onnxruntime/issues/28231#issuecomment-4387636320,targeted
GitHub,statement,asker,GRW,CWE-400/770 growth without classic leak,R6,Report interpretation,"Is the growth in RSS / task-manager memory leaked memory, or freed memory the allocator has not returned (fragmentation, arenas, caches)?",https://github.com/microsoft/onnxruntime/issues/28231,https://github.com/microsoft/onnxruntime/issues/28231#issuecomment-4387636320,targeted
GitHub,statement,responder,GRW,CWE-400/770 growth without classic leak,T1,Non-diagnostic,"Triage: reproducer, full trace, version, build flags",https://github.com/microsoft/onnxruntime/issues/28231,https://github.com/microsoft/onnxruntime/issues/28231#issuecomment-4395604001,targeted
GitHub,statement,asker,GRW,CWE-400/770 growth without classic leak,L3,Lifetime,"Does memory keep growing with repetitions (retained longer than needed, unbounded growth)?",https://github.com/qbittorrent/qBittorrent/issues/16442,https://github.com/qbittorrent/qBittorrent/issues/16442,targeted
GitHub,statement,responder,GRW,CWE-400/770 growth without classic leak,V1,Report interpretation,"Is the suspected leak/invalid free real, or a false positive / benign report?",https://github.com/qbittorrent/qBittorrent/issues/16442,https://github.com/qbittorrent/qBittorrent/issues/16442#issuecomment-1038608132,targeted
GitHub,statement,responder,GRW,CWE-400/770 growth without classic leak,R6,Report interpretation,"Is the growth in RSS / task-manager memory leaked memory, or freed memory the allocator has not returned (fragmentation, arenas, caches)?",https://github.com/qbittorrent/qBittorrent/issues/16442,https://github.com/qbittorrent/qBittorrent/issues/16442#issuecomment-1038608132,targeted
GitHub,statement,responder,GRW,CWE-400/770 growth without classic leak,V1,Report interpretation,"Is the suspected leak/invalid free real, or a false positive / benign report?",https://github.com/qbittorrent/qBittorrent/issues/16442,https://github.com/qbittorrent/qBittorrent/issues/16442#issuecomment-1038608132,targeted
GitHub,statement,responder,GRW,CWE-400/770 growth without classic leak,R6,Report interpretation,"Is the growth in RSS / task-manager memory leaked memory, or freed memory the allocator has not returned (fragmentation, arenas, caches)?",https://github.com/qbittorrent/qBittorrent/issues/16442,https://github.com/qbittorrent/qBittorrent/issues/16442#issuecomment-1038849172,targeted
GitHub,statement,responder,GRW,CWE-400/770 growth without classic leak,R6,Report interpretation,"Is the growth in RSS / task-manager memory leaked memory, or freed memory the allocator has not returned (fragmentation, arenas, caches)?",https://github.com/qbittorrent/qBittorrent/issues/16442,https://github.com/qbittorrent/qBittorrent/issues/16442#issuecomment-1038894663,targeted
GitHub,question,responder,GRW,CWE-400/770 growth without classic leak,R6,Report interpretation,"Is the growth in RSS / task-manager memory leaked memory, or freed memory the allocator has not returned (fragmentation, arenas, caches)?",https://github.com/qbittorrent/qBittorrent/issues/16442,https://github.com/qbittorrent/qBittorrent/issues/16442#issuecomment-1038894663,targeted
GitHub,question,responder,GRW,CWE-400/770 growth without classic leak,V1,Report interpretation,"Is the suspected leak/invalid free real, or a false positive / benign report?",https://github.com/qbittorrent/qBittorrent/issues/16442,https://github.com/qbittorrent/qBittorrent/issues/16442#issuecomment-1038925098,targeted
GitHub,statement,responder,GRW,CWE-400/770 growth without classic leak,V1,Report interpretation,"Is the suspected leak/invalid free real, or a false positive / benign report?",https://github.com/qbittorrent/qBittorrent/issues/16442,https://github.com/qbittorrent/qBittorrent/issues/16442#issuecomment-1038966809,targeted
GitHub,question,responder,GRW,CWE-400/770 growth without classic leak,V1,Report interpretation,"Is the suspected leak/invalid free real, or a false positive / benign report?",https://github.com/qbittorrent/qBittorrent/issues/16442,https://github.com/qbittorrent/qBittorrent/issues/16442#issuecomment-1039083092,targeted
GitHub,statement,asker,GRW,CWE-400/770 growth without classic leak,L3,Lifetime,"Does memory keep growing with repetitions (retained longer than needed, unbounded growth)?",https://github.com/kvcache-ai/Mooncake/issues/834,https://github.com/kvcache-ai/Mooncake/issues/834,targeted
GitHub,statement,responder,GRW,CWE-400/770 growth without classic leak,V1,Report interpretation,"Is the suspected leak/invalid free real, or a false positive / benign report?",https://github.com/kvcache-ai/Mooncake/issues/834,https://github.com/kvcache-ai/Mooncake/issues/834#issuecomment-3290618367,targeted
GitHub,statement,responder,GRW,CWE-400/770 growth without classic leak,R6,Report interpretation,"Is the growth in RSS / task-manager memory leaked memory, or freed memory the allocator has not returned (fragmentation, arenas, caches)?",https://github.com/kvcache-ai/Mooncake/issues/834,https://github.com/kvcache-ai/Mooncake/issues/834#issuecomment-3290618367,targeted
GitHub,statement,asker,GRW,CWE-400/770 growth without classic leak,L3,Lifetime,"Does memory keep growing with repetitions (retained longer than needed, unbounded growth)?",https://github.com/facebook/rocksdb/issues/4112,https://github.com/facebook/rocksdb/issues/4112,targeted
GitHub,statement,asker,GRW,CWE-400/770 growth without classic leak,L3,Lifetime,"Does memory keep growing with repetitions (retained longer than needed, unbounded growth)?",https://github.com/facebook/rocksdb/issues/4112,https://github.com/facebook/rocksdb/issues/4112,targeted
GitHub,question,responder,GRW,CWE-400/770 growth without classic leak,R4,Report interpretation,Where was the block allocated / where does the leak or bad free originate?,https://github.com/facebook/rocksdb/issues/4112,https://github.com/facebook/rocksdb/issues/4112#issuecomment-404339714,targeted
GitHub,statement,asker,GRW,CWE-400/770 growth without classic leak,L3,Lifetime,"Does memory keep growing with repetitions (retained longer than needed, unbounded growth)?",https://github.com/facebook/rocksdb/issues/4112,https://github.com/facebook/rocksdb/issues/4112#issuecomment-404911498,targeted
GitHub,statement,asker,GRW,CWE-400/770 growth without classic leak,R6,Report interpretation,"Is the growth in RSS / task-manager memory leaked memory, or freed memory the allocator has not returned (fragmentation, arenas, caches)?",https://github.com/facebook/rocksdb/issues/4112,https://github.com/facebook/rocksdb/issues/4112#issuecomment-404911498,targeted
GitHub,statement,asker,GRW,CWE-400/770 growth without classic leak,L3,Lifetime,"Does memory keep growing with repetitions (retained longer than needed, unbounded growth)?",https://github.com/facebook/rocksdb/issues/4112,https://github.com/facebook/rocksdb/issues/4112#issuecomment-404911498,targeted
GitHub,statement,responder,GRW,CWE-400/770 growth without classic leak,L3,Lifetime,"Does memory keep growing with repetitions (retained longer than needed, unbounded growth)?",https://github.com/facebook/rocksdb/issues/4112,https://github.com/facebook/rocksdb/issues/4112#issuecomment-405277144,targeted
GitHub,statement,responder,GRW,CWE-400/770 growth without classic leak,R4,Report interpretation,Where was the block allocated / where does the leak or bad free originate?,https://github.com/facebook/rocksdb/issues/4112,https://github.com/facebook/rocksdb/issues/4112#issuecomment-405277144,targeted
GitHub,statement,asker,GRW,CWE-400/770 growth without classic leak,L3,Lifetime,"Does memory keep growing with repetitions (retained longer than needed, unbounded growth)?",https://github.com/facebook/rocksdb/issues/4112,https://github.com/facebook/rocksdb/issues/4112#issuecomment-405292663,targeted
GitHub,statement,responder,GRW,CWE-400/770 growth without classic leak,L3,Lifetime,"Does memory keep growing with repetitions (retained longer than needed, unbounded growth)?",https://github.com/facebook/rocksdb/issues/4112,https://github.com/facebook/rocksdb/issues/4112#issuecomment-405838249,targeted
GitHub,statement,responder,GRW,CWE-400/770 growth without classic leak,L3,Lifetime,"Does memory keep growing with repetitions (retained longer than needed, unbounded growth)?",https://github.com/facebook/rocksdb/issues/4112,https://github.com/facebook/rocksdb/issues/4112#issuecomment-405838249,targeted
GitHub,statement,responder,GRW,CWE-400/770 growth without classic leak,L3,Lifetime,"Does memory keep growing with repetitions (retained longer than needed, unbounded growth)?",https://github.com/facebook/rocksdb/issues/4112,https://github.com/facebook/rocksdb/issues/4112#issuecomment-405838249,targeted
GitHub,question,responder,GRW,CWE-400/770 growth without classic leak,V1,Report interpretation,"Is the suspected leak/invalid free real, or a false positive / benign report?",https://github.com/facebook/rocksdb/issues/4112,https://github.com/facebook/rocksdb/issues/4112#issuecomment-405852117,targeted
GitHub,statement,responder,GRW,CWE-400/770 growth without classic leak,V1,Report interpretation,"Is the suspected leak/invalid free real, or a false positive / benign report?",https://github.com/facebook/rocksdb/issues/4112,https://github.com/facebook/rocksdb/issues/4112#issuecomment-405859006,targeted
GitHub,statement,asker,GRW,CWE-400/770 growth without classic leak,L3,Lifetime,"Does memory keep growing with repetitions (retained longer than needed, unbounded growth)?",https://github.com/slaclab/virtual-accelerator-digital-twin/issues/8,https://github.com/slaclab/virtual-accelerator-digital-twin/issues/8,targeted
GitHub,statement,asker,GRW,CWE-400/770 growth without classic leak,L3,Lifetime,"Does memory keep growing with repetitions (retained longer than needed, unbounded growth)?",https://github.com/slaclab/virtual-accelerator-digital-twin/issues/8,https://github.com/slaclab/virtual-accelerator-digital-twin/issues/8,targeted
GitHub,statement,asker,GRW,CWE-400/770 growth without classic leak,R4,Report interpretation,Where was the block allocated / where does the leak or bad free originate?,https://github.com/slaclab/virtual-accelerator-digital-twin/issues/8,https://github.com/slaclab/virtual-accelerator-digital-twin/issues/8,targeted
GitHub,statement,asker,GRW,CWE-400/770 growth without classic leak,R6,Report interpretation,"Is the growth in RSS / task-manager memory leaked memory, or freed memory the allocator has not returned (fragmentation, arenas, caches)?",https://github.com/slaclab/virtual-accelerator-digital-twin/issues/8,https://github.com/slaclab/virtual-accelerator-digital-twin/issues/8,targeted
GitHub,question,asker,GRW,CWE-400/770 growth without classic leak,R6,Report interpretation,"Is the growth in RSS / task-manager memory leaked memory, or freed memory the allocator has not returned (fragmentation, arenas, caches)?",https://github.com/slaclab/virtual-accelerator-digital-twin/issues/8,https://github.com/slaclab/virtual-accelerator-digital-twin/issues/8,targeted
GitHub,statement,asker,GRW,CWE-400/770 growth without classic leak,R6,Report interpretation,"Is the growth in RSS / task-manager memory leaked memory, or freed memory the allocator has not returned (fragmentation, arenas, caches)?",https://github.com/sonic-net/sonic-buildimage/issues/28245,https://github.com/sonic-net/sonic-buildimage/issues/28245,targeted
GitHub,statement,asker,GRW,CWE-400/770 growth without classic leak,V1,Report interpretation,"Is the suspected leak/invalid free real, or a false positive / benign report?",https://github.com/sonic-net/sonic-buildimage/issues/28245,https://github.com/sonic-net/sonic-buildimage/issues/28245,targeted
GitHub,statement,asker,GRW,CWE-400/770 growth without classic leak,L3,Lifetime,"Does memory keep growing with repetitions (retained longer than needed, unbounded growth)?",https://github.com/sonic-net/sonic-buildimage/issues/28245,https://github.com/sonic-net/sonic-buildimage/issues/28245,targeted
GitHub,statement,responder,GRW,CWE-400/770 growth without classic leak,R6,Report interpretation,"Is the growth in RSS / task-manager memory leaked memory, or freed memory the allocator has not returned (fragmentation, arenas, caches)?",https://github.com/sonic-net/sonic-buildimage/issues/28245,https://github.com/sonic-net/sonic-buildimage/issues/28245#issuecomment-5055216359,targeted
GitHub,statement,responder,GRW,CWE-400/770 growth without classic leak,R6,Report interpretation,"Is the growth in RSS / task-manager memory leaked memory, or freed memory the allocator has not returned (fragmentation, arenas, caches)?",https://github.com/sonic-net/sonic-buildimage/issues/28245,https://github.com/sonic-net/sonic-buildimage/issues/28245#issuecomment-5210256561,targeted
GitHub,question,asker,GRW,CWE-400/770 growth without classic leak,R6,Report interpretation,"Is the growth in RSS / task-manager memory leaked memory, or freed memory the allocator has not returned (fragmentation, arenas, caches)?",https://github.com/sonic-net/sonic-buildimage/issues/28245,https://github.com/sonic-net/sonic-buildimage/issues/28245#issuecomment-5211987151,targeted
GitHub,statement,responder,GRW,CWE-400/770 growth without classic leak,R6,Report interpretation,"Is the growth in RSS / task-manager memory leaked memory, or freed memory the allocator has not returned (fragmentation, arenas, caches)?",https://github.com/sonic-net/sonic-buildimage/issues/28245,https://github.com/sonic-net/sonic-buildimage/issues/28245#issuecomment-5352712074,targeted
GitHub,statement,asker,GRW,CWE-400/770 growth without classic leak,R6,Report interpretation,"Is the growth in RSS / task-manager memory leaked memory, or freed memory the allocator has not returned (fragmentation, arenas, caches)?",https://github.com/Qbit-Org/qbit-mining-bootstrap/issues/600,https://github.com/Qbit-Org/qbit-mining-bootstrap/issues/600,targeted
GitHub,statement,asker,GRW,CWE-400/770 growth without classic leak,L3,Lifetime,"Does memory keep growing with repetitions (retained longer than needed, unbounded growth)?",https://github.com/Qbit-Org/qbit-mining-bootstrap/issues/600,https://github.com/Qbit-Org/qbit-mining-bootstrap/issues/600,targeted
GitHub,question,asker,GRW,CWE-400/770 growth without classic leak,R6,Report interpretation,"Is the growth in RSS / task-manager memory leaked memory, or freed memory the allocator has not returned (fragmentation, arenas, caches)?",https://github.com/Qbit-Org/qbit-mining-bootstrap/issues/600,https://github.com/Qbit-Org/qbit-mining-bootstrap/issues/600,targeted
GitHub,statement,asker,GRW,CWE-400/770 growth without classic leak,R6,Report interpretation,"Is the growth in RSS / task-manager memory leaked memory, or freed memory the allocator has not returned (fragmentation, arenas, caches)?",https://github.com/Qbit-Org/qbit-mining-bootstrap/issues/600,https://github.com/Qbit-Org/qbit-mining-bootstrap/issues/600#issuecomment-5917355463,targeted
GitHub,statement,asker,GRW,CWE-400/770 growth without classic leak,R6,Report interpretation,"Is the growth in RSS / task-manager memory leaked memory, or freed memory the allocator has not returned (fragmentation, arenas, caches)?",https://github.com/Qbit-Org/qbit-mining-bootstrap/issues/600,https://github.com/Qbit-Org/qbit-mining-bootstrap/issues/600#issuecomment-5917355463,targeted
GitHub,statement,asker,GRW,CWE-400/770 growth without classic leak,R6,Report interpretation,"Is the growth in RSS / task-manager memory leaked memory, or freed memory the allocator has not returned (fragmentation, arenas, caches)?",https://github.com/Qbit-Org/qbit-mining-bootstrap/issues/600,https://github.com/Qbit-Org/qbit-mining-bootstrap/issues/600#issuecomment-5917355463,targeted
GitHub,statement,asker,GRW,CWE-400/770 growth without classic leak,R6,Report interpretation,"Is the growth in RSS / task-manager memory leaked memory, or freed memory the allocator has not returned (fragmentation, arenas, caches)?",https://github.com/Qbit-Org/qbit-mining-bootstrap/issues/600,https://github.com/Qbit-Org/qbit-mining-bootstrap/issues/600#issuecomment-5917355463,targeted
GitHub,statement,asker,GRW,CWE-400/770 growth without classic leak,R6,Report interpretation,"Is the growth in RSS / task-manager memory leaked memory, or freed memory the allocator has not returned (fragmentation, arenas, caches)?",https://github.com/lgse/strata/issues/841,https://github.com/lgse/strata/issues/841,targeted
GitHub,statement,asker,GRW,CWE-400/770 growth without classic leak,D1,Deallocation,"Is there a matching release for this allocation, and where should it go?",https://github.com/lgse/strata/issues/841,https://github.com/lgse/strata/issues/841,targeted
GitHub,statement,asker,GRW,CWE-400/770 growth without classic leak,R6,Report interpretation,"Is the growth in RSS / task-manager memory leaked memory, or freed memory the allocator has not returned (fragmentation, arenas, caches)?",https://github.com/lgse/strata/issues/841,https://github.com/lgse/strata/issues/841,targeted
GitHub,statement,asker,GRW,CWE-400/770 growth without classic leak,R5,Report interpretation,"How do I detect, configure, or suppress this with the tool?",https://github.com/lgse/strata/issues/841,https://github.com/lgse/strata/issues/841#issuecomment-5641965506,targeted
GitHub,statement,asker,GRW,CWE-400/770 growth without classic leak,R6,Report interpretation,"Is the growth in RSS / task-manager memory leaked memory, or freed memory the allocator has not returned (fragmentation, arenas, caches)?",https://github.com/lgse/strata/issues/841,https://github.com/lgse/strata/issues/841#issuecomment-5641965506,targeted
GitHub,statement,asker,GRW,CWE-400/770 growth without classic leak,R6,Report interpretation,"Is the growth in RSS / task-manager memory leaked memory, or freed memory the allocator has not returned (fragmentation, arenas, caches)?",https://github.com/lgse/strata/issues/841,https://github.com/lgse/strata/issues/841#issuecomment-5641965506,targeted
GitHub,statement,asker,GRW,CWE-400/770 growth without classic leak,R6,Report interpretation,"Is the growth in RSS / task-manager memory leaked memory, or freed memory the allocator has not returned (fragmentation, arenas, caches)?",https://github.com/lgse/strata/issues/841,https://github.com/lgse/strata/issues/841#issuecomment-5641965506,targeted
GitHub,statement,asker,GRW,CWE-400/770 growth without classic leak,R6,Report interpretation,"Is the growth in RSS / task-manager memory leaked memory, or freed memory the allocator has not returned (fragmentation, arenas, caches)?",https://github.com/lgse/strata/issues/841,https://github.com/lgse/strata/issues/841#issuecomment-5642131666,targeted
GitHub,statement,asker,GRW,CWE-400/770 growth without classic leak,V1,Report interpretation,"Is the suspected leak/invalid free real, or a false positive / benign report?",https://github.com/lgse/strata/issues/841,https://github.com/lgse/strata/issues/841#issuecomment-5642131666,targeted
GitHub,statement,asker,GRW,CWE-400/770 growth without classic leak,R6,Report interpretation,"Is the growth in RSS / task-manager memory leaked memory, or freed memory the allocator has not returned (fragmentation, arenas, caches)?",https://github.com/lgse/strata/issues/841,https://github.com/lgse/strata/issues/841#issuecomment-5642131666,targeted
GitHub,statement,asker,GRW,CWE-400/770 growth without classic leak,R6,Report interpretation,"Is the growth in RSS / task-manager memory leaked memory, or freed memory the allocator has not returned (fragmentation, arenas, caches)?",https://github.com/lgse/strata/issues/841,https://github.com/lgse/strata/issues/841#issuecomment-5642131666,targeted
GitHub,statement,asker,GRW,CWE-400/770 growth without classic leak,R6,Report interpretation,"Is the growth in RSS / task-manager memory leaked memory, or freed memory the allocator has not returned (fragmentation, arenas, caches)?",https://github.com/lgse/strata/issues/841,https://github.com/lgse/strata/issues/841#issuecomment-5642131666,targeted
GitHub,statement,asker,GRW,CWE-400/770 growth without classic leak,R6,Report interpretation,"Is the growth in RSS / task-manager memory leaked memory, or freed memory the allocator has not returned (fragmentation, arenas, caches)?",https://github.com/VoxLogicA-Project/VoxLogicA-2/issues/56,https://github.com/VoxLogicA-Project/VoxLogicA-2/issues/56,targeted
GitHub,statement,asker,GRW,CWE-400/770 growth without classic leak,R6,Report interpretation,"Is the growth in RSS / task-manager memory leaked memory, or freed memory the allocator has not returned (fragmentation, arenas, caches)?",https://github.com/VoxLogicA-Project/VoxLogicA-2/issues/56,https://github.com/VoxLogicA-Project/VoxLogicA-2/issues/56,targeted
GitHub,statement,asker,GRW,CWE-400/770 growth without classic leak,R6,Report interpretation,"Is the growth in RSS / task-manager memory leaked memory, or freed memory the allocator has not returned (fragmentation, arenas, caches)?",https://github.com/VoxLogicA-Project/VoxLogicA-2/issues/56,https://github.com/VoxLogicA-Project/VoxLogicA-2/issues/56,targeted
GitHub,statement,asker,GRW,CWE-400/770 growth without classic leak,R6,Report interpretation,"Is the growth in RSS / task-manager memory leaked memory, or freed memory the allocator has not returned (fragmentation, arenas, caches)?",https://github.com/VoxLogicA-Project/VoxLogicA-2/issues/56,https://github.com/VoxLogicA-Project/VoxLogicA-2/issues/56,targeted
GitHub,statement,asker,GRW,CWE-400/770 growth without classic leak,R6,Report interpretation,"Is the growth in RSS / task-manager memory leaked memory, or freed memory the allocator has not returned (fragmentation, arenas, caches)?",https://github.com/VoxLogicA-Project/VoxLogicA-2/issues/56,https://github.com/VoxLogicA-Project/VoxLogicA-2/issues/56#issuecomment-5560045468,targeted
GitHub,statement,asker,GRW,CWE-400/770 growth without classic leak,R6,Report interpretation,"Is the growth in RSS / task-manager memory leaked memory, or freed memory the allocator has not returned (fragmentation, arenas, caches)?",https://github.com/VoxLogicA-Project/VoxLogicA-2/issues/56,https://github.com/VoxLogicA-Project/VoxLogicA-2/issues/56#issuecomment-5560045468,targeted
GitHub,statement,asker,GRW,CWE-400/770 growth without classic leak,R6,Report interpretation,"Is the growth in RSS / task-manager memory leaked memory, or freed memory the allocator has not returned (fragmentation, arenas, caches)?",https://github.com/VoxLogicA-Project/VoxLogicA-2/issues/56,https://github.com/VoxLogicA-Project/VoxLogicA-2/issues/56#issuecomment-5560045468,targeted
GitHub,statement,asker,GRW,CWE-400/770 growth without classic leak,R6,Report interpretation,"Is the growth in RSS / task-manager memory leaked memory, or freed memory the allocator has not returned (fragmentation, arenas, caches)?",https://github.com/VoxLogicA-Project/VoxLogicA-2/issues/56,https://github.com/VoxLogicA-Project/VoxLogicA-2/issues/56#issuecomment-5560045468,targeted
GitHub,statement,asker,GRW,CWE-400/770 growth without classic leak,R6,Report interpretation,"Is the growth in RSS / task-manager memory leaked memory, or freed memory the allocator has not returned (fragmentation, arenas, caches)?",https://github.com/VoxLogicA-Project/VoxLogicA-2/issues/56,https://github.com/VoxLogicA-Project/VoxLogicA-2/issues/56#issuecomment-5560060045,targeted
GitHub,statement,asker,GRW,CWE-400/770 growth without classic leak,R6,Report interpretation,"Is the growth in RSS / task-manager memory leaked memory, or freed memory the allocator has not returned (fragmentation, arenas, caches)?",https://github.com/VoxLogicA-Project/VoxLogicA-2/issues/56,https://github.com/VoxLogicA-Project/VoxLogicA-2/issues/56#issuecomment-5560060045,targeted
GitHub,statement,asker,GRW,CWE-400/770 growth without classic leak,R6,Report interpretation,"Is the growth in RSS / task-manager memory leaked memory, or freed memory the allocator has not returned (fragmentation, arenas, caches)?",https://github.com/VoxLogicA-Project/VoxLogicA-2/issues/56,https://github.com/VoxLogicA-Project/VoxLogicA-2/issues/56#issuecomment-5560060045,targeted
GitHub,statement,asker,GRW,CWE-400/770 growth without classic leak,L3,Lifetime,"Does memory keep growing with repetitions (retained longer than needed, unbounded growth)?",https://github.com/librosa/librosa/issues/2076,https://github.com/librosa/librosa/issues/2076,targeted
GitHub,statement,asker,GRW,CWE-400/770 growth without classic leak,R6,Report interpretation,"Is the growth in RSS / task-manager memory leaked memory, or freed memory the allocator has not returned (fragmentation, arenas, caches)?",https://github.com/librosa/librosa/issues/2076,https://github.com/librosa/librosa/issues/2076,targeted
GitHub,statement,asker,GRW,CWE-400/770 growth without classic leak,V1,Report interpretation,"Is the suspected leak/invalid free real, or a false positive / benign report?",https://github.com/librosa/librosa/issues/2076,https://github.com/librosa/librosa/issues/2076,targeted
GitHub,statement,asker,GRW,CWE-400/770 growth without classic leak,R6,Report interpretation,"Is the growth in RSS / task-manager memory leaked memory, or freed memory the allocator has not returned (fragmentation, arenas, caches)?",https://github.com/librosa/librosa/issues/2076,https://github.com/librosa/librosa/issues/2076,targeted
GitHub,statement,asker,GRW,CWE-400/770 growth without classic leak,R6,Report interpretation,"Is the growth in RSS / task-manager memory leaked memory, or freed memory the allocator has not returned (fragmentation, arenas, caches)?",https://github.com/librosa/librosa/issues/2076,https://github.com/librosa/librosa/issues/2076,targeted
GitHub,statement,asker,GRW,CWE-400/770 growth without classic leak,R6,Report interpretation,"Is the growth in RSS / task-manager memory leaked memory, or freed memory the allocator has not returned (fragmentation, arenas, caches)?",https://github.com/eduaguilera/whep/issues/777,https://github.com/eduaguilera/whep/issues/777,targeted
GitHub,statement,asker,GRW,CWE-400/770 growth without classic leak,V1,Report interpretation,"Is the suspected leak/invalid free real, or a false positive / benign report?",https://github.com/eduaguilera/whep/issues/777,https://github.com/eduaguilera/whep/issues/777,targeted
GitHub,statement,asker,GRW,CWE-400/770 growth without classic leak,R6,Report interpretation,"Is the growth in RSS / task-manager memory leaked memory, or freed memory the allocator has not returned (fragmentation, arenas, caches)?",https://github.com/eduaguilera/whep/issues/777,https://github.com/eduaguilera/whep/issues/777,targeted
GitHub,statement,asker,GRW,CWE-400/770 growth without classic leak,R6,Report interpretation,"Is the growth in RSS / task-manager memory leaked memory, or freed memory the allocator has not returned (fragmentation, arenas, caches)?",https://github.com/eduaguilera/whep/issues/777,https://github.com/eduaguilera/whep/issues/777,targeted
GitHub,statement,asker,GRW,CWE-400/770 growth without classic leak,R6,Report interpretation,"Is the growth in RSS / task-manager memory leaked memory, or freed memory the allocator has not returned (fragmentation, arenas, caches)?",https://github.com/eduaguilera/whep/issues/777,https://github.com/eduaguilera/whep/issues/777#issuecomment-5396481763,targeted
GitHub,statement,asker,GRW,CWE-400/770 growth without classic leak,R6,Report interpretation,"Is the growth in RSS / task-manager memory leaked memory, or freed memory the allocator has not returned (fragmentation, arenas, caches)?",https://github.com/eduaguilera/whep/issues/777,https://github.com/eduaguilera/whep/issues/777#issuecomment-5396481763,targeted
GitHub,statement,asker,GRW,CWE-400/770 growth without classic leak,R6,Report interpretation,"Is the growth in RSS / task-manager memory leaked memory, or freed memory the allocator has not returned (fragmentation, arenas, caches)?",https://github.com/eduaguilera/whep/issues/777,https://github.com/eduaguilera/whep/issues/777#issuecomment-5396481763,targeted
GitHub,statement,asker,GRW,CWE-400/770 growth without classic leak,R6,Report interpretation,"Is the growth in RSS / task-manager memory leaked memory, or freed memory the allocator has not returned (fragmentation, arenas, caches)?",https://github.com/lance-format/lance/issues/7242,https://github.com/lance-format/lance/issues/7242,targeted
GitHub,statement,asker,GRW,CWE-400/770 growth without classic leak,L3,Lifetime,"Does memory keep growing with repetitions (retained longer than needed, unbounded growth)?",https://github.com/lance-format/lance/issues/7242,https://github.com/lance-format/lance/issues/7242,targeted
GitHub,statement,asker,GRW,CWE-400/770 growth without classic leak,L3,Lifetime,"Does memory keep growing with repetitions (retained longer than needed, unbounded growth)?",https://github.com/lance-format/lance/issues/7242,https://github.com/lance-format/lance/issues/7242,targeted
GitHub,statement,asker,GRW,CWE-400/770 growth without classic leak,R6,Report interpretation,"Is the growth in RSS / task-manager memory leaked memory, or freed memory the allocator has not returned (fragmentation, arenas, caches)?",https://github.com/lance-format/lance/issues/7242,https://github.com/lance-format/lance/issues/7242,targeted
GitHub,statement,asker,GRW,CWE-400/770 growth without classic leak,R6,Report interpretation,"Is the growth in RSS / task-manager memory leaked memory, or freed memory the allocator has not returned (fragmentation, arenas, caches)?",https://github.com/lance-format/lance/issues/7242,https://github.com/lance-format/lance/issues/7242,targeted
GitHub,question,responder,GRW,CWE-400/770 growth without classic leak,R6,Report interpretation,"Is the growth in RSS / task-manager memory leaked memory, or freed memory the allocator has not returned (fragmentation, arenas, caches)?",https://github.com/lance-format/lance/issues/7242,https://github.com/lance-format/lance/issues/7242#issuecomment-4692477650,targeted
GitHub,question,responder,GRW,CWE-400/770 growth without classic leak,R5,Report interpretation,"How do I detect, configure, or suppress this with the tool?",https://github.com/lance-format/lance/issues/7242,https://github.com/lance-format/lance/issues/7242#issuecomment-4692477650,targeted
GitHub,statement,responder,GRW,CWE-400/770 growth without classic leak,V1,Report interpretation,"Is the suspected leak/invalid free real, or a false positive / benign report?",https://github.com/lance-format/lance/issues/7242,https://github.com/lance-format/lance/issues/7242#issuecomment-4692477650,targeted
GitHub,statement,responder,GRW,CWE-400/770 growth without classic leak,R6,Report interpretation,"Is the growth in RSS / task-manager memory leaked memory, or freed memory the allocator has not returned (fragmentation, arenas, caches)?",https://github.com/lance-format/lance/issues/7242,https://github.com/lance-format/lance/issues/7242#issuecomment-4692477650,targeted
GitHub,statement,responder,GRW,CWE-400/770 growth without classic leak,R3,Report interpretation,"Is the report caused by my code, or by a library, runtime, or the tool itself?",https://github.com/lance-format/lance/issues/7242,https://github.com/lance-format/lance/issues/7242#issuecomment-4692477650,targeted
GitHub,question,responder,GRW,CWE-400/770 growth without classic leak,D1,Deallocation,"Is there a matching release for this allocation, and where should it go?",https://github.com/lance-format/lance/issues/7242,https://github.com/lance-format/lance/issues/7242#issuecomment-4692477650,targeted
GitHub,statement,responder,GRW,CWE-400/770 growth without classic leak,L3,Lifetime,"Does memory keep growing with repetitions (retained longer than needed, unbounded growth)?",https://github.com/lance-format/lance/issues/7242,https://github.com/lance-format/lance/issues/7242#issuecomment-4692477650,targeted
GitHub,statement,responder,GRW,CWE-400/770 growth without classic leak,R6,Report interpretation,"Is the growth in RSS / task-manager memory leaked memory, or freed memory the allocator has not returned (fragmentation, arenas, caches)?",https://github.com/lance-format/lance/issues/7242,https://github.com/lance-format/lance/issues/7242#issuecomment-4701259743,targeted
GitHub,statement,responder,GRW,CWE-400/770 growth without classic leak,V1,Report interpretation,"Is the suspected leak/invalid free real, or a false positive / benign report?",https://github.com/lance-format/lance/issues/7242,https://github.com/lance-format/lance/issues/7242#issuecomment-4701259743,targeted
GitHub,statement,responder,GRW,CWE-400/770 growth without classic leak,R6,Report interpretation,"Is the growth in RSS / task-manager memory leaked memory, or freed memory the allocator has not returned (fragmentation, arenas, caches)?",https://github.com/lance-format/lance/issues/7242,https://github.com/lance-format/lance/issues/7242#issuecomment-4701259743,targeted
GitHub,statement,responder,GRW,CWE-400/770 growth without classic leak,V1,Report interpretation,"Is the suspected leak/invalid free real, or a false positive / benign report?",https://github.com/lance-format/lance/issues/7242,https://github.com/lance-format/lance/issues/7242#issuecomment-4701259743,targeted
GitHub,statement,responder,GRW,CWE-400/770 growth without classic leak,R6,Report interpretation,"Is the growth in RSS / task-manager memory leaked memory, or freed memory the allocator has not returned (fragmentation, arenas, caches)?",https://github.com/lance-format/lance/issues/7242,https://github.com/lance-format/lance/issues/7242#issuecomment-4701259743,targeted
GitHub,statement,responder,GRW,CWE-400/770 growth without classic leak,R6,Report interpretation,"Is the growth in RSS / task-manager memory leaked memory, or freed memory the allocator has not returned (fragmentation, arenas, caches)?",https://github.com/lance-format/lance/issues/7242,https://github.com/lance-format/lance/issues/7242#issuecomment-4701259743,targeted
GitHub,statement,asker,GRW,CWE-400/770 growth without classic leak,L3,Lifetime,"Does memory keep growing with repetitions (retained longer than needed, unbounded growth)?",https://github.com/unicitynetwork/ipfs-storage/issues/17,https://github.com/unicitynetwork/ipfs-storage/issues/17,targeted
GitHub,statement,asker,GRW,CWE-400/770 growth without classic leak,R6,Report interpretation,"Is the growth in RSS / task-manager memory leaked memory, or freed memory the allocator has not returned (fragmentation, arenas, caches)?",https://github.com/unicitynetwork/ipfs-storage/issues/17,https://github.com/unicitynetwork/ipfs-storage/issues/17,targeted
GitHub,statement,asker,GRW,CWE-400/770 growth without classic leak,R6,Report interpretation,"Is the growth in RSS / task-manager memory leaked memory, or freed memory the allocator has not returned (fragmentation, arenas, caches)?",https://github.com/unicitynetwork/ipfs-storage/issues/17,https://github.com/unicitynetwork/ipfs-storage/issues/17,targeted
GitHub,statement,asker,GRW,CWE-400/770 growth without classic leak,L3,Lifetime,"Does memory keep growing with repetitions (retained longer than needed, unbounded growth)?",https://github.com/unicitynetwork/ipfs-storage/issues/17,https://github.com/unicitynetwork/ipfs-storage/issues/17#issuecomment-4708737787,targeted
GitHub,statement,asker,GRW,CWE-400/770 growth without classic leak,R6,Report interpretation,"Is the growth in RSS / task-manager memory leaked memory, or freed memory the allocator has not returned (fragmentation, arenas, caches)?",https://github.com/unicitynetwork/ipfs-storage/issues/17,https://github.com/unicitynetwork/ipfs-storage/issues/17#issuecomment-4708737787,targeted
GitHub,statement,asker,GRW,CWE-400/770 growth without classic leak,R6,Report interpretation,"Is the growth in RSS / task-manager memory leaked memory, or freed memory the allocator has not returned (fragmentation, arenas, caches)?",https://github.com/unicitynetwork/ipfs-storage/issues/17,https://github.com/unicitynetwork/ipfs-storage/issues/17#issuecomment-4708737787,targeted
GitHub,statement,asker,GRW,CWE-400/770 growth without classic leak,R3,Report interpretation,"Is the report caused by my code, or by a library, runtime, or the tool itself?",https://github.com/unicitynetwork/ipfs-storage/issues/17,https://github.com/unicitynetwork/ipfs-storage/issues/17#issuecomment-4708737787,targeted
GitHub,statement,asker,REF,CWE-911 refcount,N2,Composite cleanup,Is a reference cycle or refcount imbalance preventing release?,https://github.com/nfs-ganesha/nfs-ganesha/issues/630,https://github.com/nfs-ganesha/nfs-ganesha/issues/630,targeted
GitHub,statement,asker,REF,CWE-911 refcount,R5,Report interpretation,"How do I detect, configure, or suppress this with the tool?",https://github.com/nfs-ganesha/nfs-ganesha/issues/630,https://github.com/nfs-ganesha/nfs-ganesha/issues/630,targeted
GitHub,statement,asker,REF,CWE-911 refcount,N2,Composite cleanup,Is a reference cycle or refcount imbalance preventing release?,https://github.com/nfs-ganesha/nfs-ganesha/issues/630,https://github.com/nfs-ganesha/nfs-ganesha/issues/630,targeted
GitHub,statement,asker,GRW,CWE-400/770 growth without classic leak,L3,Lifetime,"Does memory keep growing with repetitions (retained longer than needed, unbounded growth)?",https://github.com/NousResearch/hermes-agent/issues/62743,https://github.com/NousResearch/hermes-agent/issues/62743,targeted
GitHub,statement,asker,GRW,CWE-400/770 growth without classic leak,R6,Report interpretation,"Is the growth in RSS / task-manager memory leaked memory, or freed memory the allocator has not returned (fragmentation, arenas, caches)?",https://github.com/NousResearch/hermes-agent/issues/62743,https://github.com/NousResearch/hermes-agent/issues/62743,targeted
GitHub,statement,asker,GRW,CWE-400/770 growth without classic leak,R6,Report interpretation,"Is the growth in RSS / task-manager memory leaked memory, or freed memory the allocator has not returned (fragmentation, arenas, caches)?",https://github.com/NousResearch/hermes-agent/issues/62743,https://github.com/NousResearch/hermes-agent/issues/62743,targeted
GitHub,statement,asker,GRW,CWE-400/770 growth without classic leak,L3,Lifetime,"Does memory keep growing with repetitions (retained longer than needed, unbounded growth)?",https://github.com/NousResearch/hermes-agent/issues/62743,https://github.com/NousResearch/hermes-agent/issues/62743,targeted
GitHub,statement,responder,GRW,CWE-400/770 growth without classic leak,N3,Composite cleanup,Does the cleanup routine / destructor release every resource the object owns?,https://github.com/NousResearch/hermes-agent/issues/62743,https://github.com/NousResearch/hermes-agent/issues/62743#issuecomment-4947982998,targeted
GitHub,statement,responder,GRW,CWE-400/770 growth without classic leak,R6,Report interpretation,"Is the growth in RSS / task-manager memory leaked memory, or freed memory the allocator has not returned (fragmentation, arenas, caches)?",https://github.com/NousResearch/hermes-agent/issues/62743,https://github.com/NousResearch/hermes-agent/issues/62743#issuecomment-4947982998,targeted
GitHub,statement,responder,GRW,CWE-400/770 growth without classic leak,R6,Report interpretation,"Is the growth in RSS / task-manager memory leaked memory, or freed memory the allocator has not returned (fragmentation, arenas, caches)?",https://github.com/NousResearch/hermes-agent/issues/62743,https://github.com/NousResearch/hermes-agent/issues/62743#issuecomment-4947982998,targeted
GitHub,statement,responder,GRW,CWE-400/770 growth without classic leak,R6,Report interpretation,"Is the growth in RSS / task-manager memory leaked memory, or freed memory the allocator has not returned (fragmentation, arenas, caches)?",https://github.com/NousResearch/hermes-agent/issues/62743,https://github.com/NousResearch/hermes-agent/issues/62743#issuecomment-4947982998,targeted
GitHub,statement,responder,GRW,CWE-400/770 growth without classic leak,R6,Report interpretation,"Is the growth in RSS / task-manager memory leaked memory, or freed memory the allocator has not returned (fragmentation, arenas, caches)?",https://github.com/NousResearch/hermes-agent/issues/62743,https://github.com/NousResearch/hermes-agent/issues/62743#issuecomment-4947982998,targeted
GitHub,question,responder,GRW,CWE-400/770 growth without classic leak,R6,Report interpretation,"Is the growth in RSS / task-manager memory leaked memory, or freed memory the allocator has not returned (fragmentation, arenas, caches)?",https://github.com/NousResearch/hermes-agent/issues/62743,https://github.com/NousResearch/hermes-agent/issues/62743#issuecomment-4947982998,targeted
GitHub,statement,responder,GRW,CWE-400/770 growth without classic leak,R5,Report interpretation,"How do I detect, configure, or suppress this with the tool?",https://github.com/NousResearch/hermes-agent/issues/62743,https://github.com/NousResearch/hermes-agent/issues/62743#issuecomment-5947050541,targeted
GitHub,statement,responder,GRW,CWE-400/770 growth without classic leak,L3,Lifetime,"Does memory keep growing with repetitions (retained longer than needed, unbounded growth)?",https://github.com/NousResearch/hermes-agent/issues/62743,https://github.com/NousResearch/hermes-agent/issues/62743#issuecomment-5947050541,targeted
GitHub,statement,responder,GRW,CWE-400/770 growth without classic leak,L4,Lifetime,Are threads joined/detached so that their resources are released?,https://github.com/NousResearch/hermes-agent/issues/62743,https://github.com/NousResearch/hermes-agent/issues/62743#issuecomment-5947050541,targeted
GitHub,statement,responder,GRW,CWE-400/770 growth without classic leak,R6,Report interpretation,"Is the growth in RSS / task-manager memory leaked memory, or freed memory the allocator has not returned (fragmentation, arenas, caches)?",https://github.com/NousResearch/hermes-agent/issues/62743,https://github.com/NousResearch/hermes-agent/issues/62743#issuecomment-5947050541,targeted
GitHub,statement,responder,GRW,CWE-400/770 growth without classic leak,R5,Report interpretation,"How do I detect, configure, or suppress this with the tool?",https://github.com/NousResearch/hermes-agent/issues/62743,https://github.com/NousResearch/hermes-agent/issues/62743#issuecomment-5947050541,targeted
GitHub,statement,asker,REF,CWE-911 refcount,N2,Composite cleanup,Is a reference cycle or refcount imbalance preventing release?,https://github.com/LINBIT/drbd/issues/134,https://github.com/LINBIT/drbd/issues/134,targeted
GitHub,statement,asker,REF,CWE-911 refcount,N2,Composite cleanup,Is a reference cycle or refcount imbalance preventing release?,https://github.com/LINBIT/drbd/issues/134,https://github.com/LINBIT/drbd/issues/134,targeted
GitHub,statement,asker,REF,CWE-911 refcount,D5,Deallocation,"Is the block accessed after it was released (use after free, dangling reference)?",https://github.com/LINBIT/drbd/issues/134,https://github.com/LINBIT/drbd/issues/134,targeted
GitHub,statement,asker,REF,CWE-911 refcount,D5,Deallocation,"Is the block accessed after it was released (use after free, dangling reference)?",https://github.com/LINBIT/drbd/issues/134,https://github.com/LINBIT/drbd/issues/134,targeted
GitHub,statement,asker,REF,CWE-911 refcount,N2,Composite cleanup,Is a reference cycle or refcount imbalance preventing release?,https://github.com/Electrostatics/apbs/issues/310,https://github.com/Electrostatics/apbs/issues/310,targeted
GitHub,statement,asker,REF,CWE-911 refcount,O2,Ownership,"Was ownership transferred (to a container, smart pointer, library, or object), so someone else releases it?",https://github.com/Electrostatics/apbs/issues/310,https://github.com/Electrostatics/apbs/issues/310,targeted
GitHub,statement,asker,REF,CWE-911 refcount,C1,Control flow,"Is the memory released on every path: error handling, early return, exceptions, longjmp?",https://github.com/Electrostatics/apbs/issues/310,https://github.com/Electrostatics/apbs/issues/310,targeted
GitHub,statement,asker,REF,CWE-911 refcount,N2,Composite cleanup,Is a reference cycle or refcount imbalance preventing release?,https://github.com/Electrostatics/apbs/issues/310,https://github.com/Electrostatics/apbs/issues/310,targeted
GitHub,statement,asker,REF,CWE-911 refcount,L3,Lifetime,"Does memory keep growing with repetitions (retained longer than needed, unbounded growth)?",https://github.com/Electrostatics/apbs/issues/310,https://github.com/Electrostatics/apbs/issues/310,targeted
GitHub,statement,asker,REF,CWE-911 refcount,N2,Composite cleanup,Is a reference cycle or refcount imbalance preventing release?,https://github.com/Electrostatics/apbs/issues/310,https://github.com/Electrostatics/apbs/issues/310,targeted
GitHub,statement,asker,REF,CWE-911 refcount,C1,Control flow,"Is the memory released on every path: error handling, early return, exceptions, longjmp?",https://github.com/Electrostatics/apbs/issues/310,https://github.com/Electrostatics/apbs/issues/310,targeted
GitHub,statement,asker,REF,CWE-911 refcount,N2,Composite cleanup,Is a reference cycle or refcount imbalance preventing release?,https://github.com/tree-sitter/py-tree-sitter/issues/490,https://github.com/tree-sitter/py-tree-sitter/issues/490,targeted
GitHub,statement,asker,REF,CWE-911 refcount,O2,Ownership,"Was ownership transferred (to a container, smart pointer, library, or object), so someone else releases it?",https://github.com/tree-sitter/py-tree-sitter/issues/490,https://github.com/tree-sitter/py-tree-sitter/issues/490,targeted
GitHub,statement,asker,REF,CWE-911 refcount,N2,Composite cleanup,Is a reference cycle or refcount imbalance preventing release?,https://github.com/lericson/pylibmc/issues/312,https://github.com/lericson/pylibmc/issues/312,targeted
GitHub,statement,asker,REF,CWE-911 refcount,N2,Composite cleanup,Is a reference cycle or refcount imbalance preventing release?,https://github.com/lericson/pylibmc/issues/312,https://github.com/lericson/pylibmc/issues/312,targeted
GitHub,statement,asker,REF,CWE-911 refcount,O2,Ownership,"Was ownership transferred (to a container, smart pointer, library, or object), so someone else releases it?",https://github.com/lericson/pylibmc/issues/312,https://github.com/lericson/pylibmc/issues/312,targeted
GitHub,statement,asker,REF,CWE-911 refcount,N2,Composite cleanup,Is a reference cycle or refcount imbalance preventing release?,https://github.com/lericson/pylibmc/issues/312,https://github.com/lericson/pylibmc/issues/312,targeted
GitHub,statement,asker,REF,CWE-911 refcount,L1,Lifetime,"Must the memory be freed before program exit, or is exit-time retention acceptable?",https://github.com/lericson/pylibmc/issues/312,https://github.com/lericson/pylibmc/issues/312,targeted
GitHub,statement,asker,REF,CWE-911 refcount,N2,Composite cleanup,Is a reference cycle or refcount imbalance preventing release?,https://github.com/lericson/pylibmc/issues/312,https://github.com/lericson/pylibmc/issues/312,targeted
GitHub,statement,asker,REF,CWE-911 refcount,N2,Composite cleanup,Is a reference cycle or refcount imbalance preventing release?,https://github.com/lericson/pylibmc/issues/310,https://github.com/lericson/pylibmc/issues/310,targeted
GitHub,statement,asker,REF,CWE-911 refcount,N2,Composite cleanup,Is a reference cycle or refcount imbalance preventing release?,https://github.com/lericson/pylibmc/issues/308,https://github.com/lericson/pylibmc/issues/308,targeted
GitHub,statement,asker,REF,CWE-911 refcount,E1,Escape / aliasing,Was the last reference overwritten or lost before release?,https://github.com/lericson/pylibmc/issues/308,https://github.com/lericson/pylibmc/issues/308,targeted
GitHub,statement,asker,REF,CWE-911 refcount,C1,Control flow,"Is the memory released on every path: error handling, early return, exceptions, longjmp?",https://github.com/lericson/pylibmc/issues/308,https://github.com/lericson/pylibmc/issues/308,targeted
GitHub,statement,asker,REF,CWE-911 refcount,N2,Composite cleanup,Is a reference cycle or refcount imbalance preventing release?,https://github.com/lericson/pylibmc/issues/308,https://github.com/lericson/pylibmc/issues/308,targeted
GitHub,statement,asker,REF,CWE-911 refcount,E1,Escape / aliasing,Was the last reference overwritten or lost before release?,https://github.com/lericson/pylibmc/issues/308,https://github.com/lericson/pylibmc/issues/308,targeted
GitHub,statement,asker,REF,CWE-911 refcount,N2,Composite cleanup,Is a reference cycle or refcount imbalance preventing release?,https://github.com/lericson/pylibmc/issues/308,https://github.com/lericson/pylibmc/issues/308,targeted
GitHub,statement,asker,REF,CWE-911 refcount,E1,Escape / aliasing,Was the last reference overwritten or lost before release?,https://github.com/lericson/pylibmc/issues/308,https://github.com/lericson/pylibmc/issues/308,targeted
GitHub,statement,asker,REF,CWE-911 refcount,N2,Composite cleanup,Is a reference cycle or refcount imbalance preventing release?,https://github.com/lericson/pylibmc/issues/308,https://github.com/lericson/pylibmc/issues/308,targeted
GitHub,statement,asker,REF,CWE-911 refcount,N2,Composite cleanup,Is a reference cycle or refcount imbalance preventing release?,https://github.com/lericson/pylibmc/issues/311,https://github.com/lericson/pylibmc/issues/311,targeted
GitHub,statement,asker,REF,CWE-911 refcount,N2,Composite cleanup,Is a reference cycle or refcount imbalance preventing release?,https://github.com/lericson/pylibmc/issues/311,https://github.com/lericson/pylibmc/issues/311,targeted
GitHub,statement,asker,REF,CWE-911 refcount,O2,Ownership,"Was ownership transferred (to a container, smart pointer, library, or object), so someone else releases it?",https://github.com/lericson/pylibmc/issues/311,https://github.com/lericson/pylibmc/issues/311,targeted
GitHub,statement,asker,REF,CWE-911 refcount,N2,Composite cleanup,Is a reference cycle or refcount imbalance preventing release?,https://github.com/lericson/pylibmc/issues/311,https://github.com/lericson/pylibmc/issues/311,targeted
GitHub,statement,asker,REF,CWE-911 refcount,L1,Lifetime,"Must the memory be freed before program exit, or is exit-time retention acceptable?",https://github.com/lericson/pylibmc/issues/311,https://github.com/lericson/pylibmc/issues/311,targeted
GitHub,statement,asker,REF,CWE-911 refcount,N2,Composite cleanup,Is a reference cycle or refcount imbalance preventing release?,https://github.com/lericson/pylibmc/issues/311,https://github.com/lericson/pylibmc/issues/311,targeted
GitHub,statement,asker,REF,CWE-911 refcount,C1,Control flow,"Is the memory released on every path: error handling, early return, exceptions, longjmp?",https://github.com/tree-sitter/py-tree-sitter/issues/492,https://github.com/tree-sitter/py-tree-sitter/issues/492,targeted
GitHub,statement,asker,REF,CWE-911 refcount,C1,Control flow,"Is the memory released on every path: error handling, early return, exceptions, longjmp?",https://github.com/tree-sitter/py-tree-sitter/issues/492,https://github.com/tree-sitter/py-tree-sitter/issues/492,targeted
GitHub,statement,asker,REF,CWE-911 refcount,A4,Allocation,"Is the allocation size bounded and validated (untrusted input, overflow, huge/negative size, failure)?",https://github.com/tree-sitter/py-tree-sitter/issues/492,https://github.com/tree-sitter/py-tree-sitter/issues/492,targeted
GitHub,statement,asker,REF,CWE-911 refcount,C1,Control flow,"Is the memory released on every path: error handling, early return, exceptions, longjmp?",https://github.com/tree-sitter/py-tree-sitter/issues/492,https://github.com/tree-sitter/py-tree-sitter/issues/492,targeted
GitHub,statement,asker,REF,CWE-911 refcount,D1,Deallocation,"Is there a matching release for this allocation, and where should it go?",https://github.com/tree-sitter/py-tree-sitter/issues/492,https://github.com/tree-sitter/py-tree-sitter/issues/492,targeted
GitHub,statement,asker,REF,CWE-911 refcount,O2,Ownership,"Was ownership transferred (to a container, smart pointer, library, or object), so someone else releases it?",https://github.com/ravynsoft/ravynos/issues/556,https://github.com/ravynsoft/ravynos/issues/556,targeted
GitHub,statement,asker,REF,CWE-911 refcount,O2,Ownership,"Was ownership transferred (to a container, smart pointer, library, or object), so someone else releases it?",https://github.com/ravynsoft/ravynos/issues/556,https://github.com/ravynsoft/ravynos/issues/556,targeted
GitHub,statement,asker,REF,CWE-911 refcount,D4,Deallocation,"Is the pointer valid to free right now (initialized, not already freed, not dangling)?",https://github.com/ravynsoft/ravynos/issues/556,https://github.com/ravynsoft/ravynos/issues/556,targeted
GitHub,statement,asker,REF,CWE-911 refcount,O2,Ownership,"Was ownership transferred (to a container, smart pointer, library, or object), so someone else releases it?",https://github.com/ravynsoft/ravynos/issues/556,https://github.com/ravynsoft/ravynos/issues/556,targeted
GitHub,statement,asker,REF,CWE-911 refcount,L2,Lifetime,"Is the object destroyed when its lifetime ends (scope exit, destructor called, virtual destructor)?",https://github.com/ravynsoft/ravynos/issues/556,https://github.com/ravynsoft/ravynos/issues/556,targeted
GitHub,statement,asker,REF,CWE-911 refcount,O2,Ownership,"Was ownership transferred (to a container, smart pointer, library, or object), so someone else releases it?",https://github.com/ravynsoft/ravynos/issues/556,https://github.com/ravynsoft/ravynos/issues/556,targeted
GitHub,statement,asker,REF,CWE-911 refcount,RK,Resource kind,"What kind of resource is held (memory, fd, socket, handle, JNI ref, GPU object, thread), and which call releases it?",https://github.com/Vera-Firefly/Pojav-Glow-Worm/issues/435,https://github.com/Vera-Firefly/Pojav-Glow-Worm/issues/435,targeted
GitHub,statement,asker,REF,CWE-911 refcount,L3,Lifetime,"Does memory keep growing with repetitions (retained longer than needed, unbounded growth)?",https://github.com/Vera-Firefly/Pojav-Glow-Worm/issues/435,https://github.com/Vera-Firefly/Pojav-Glow-Worm/issues/435,targeted
GitHub,statement,asker,REF,CWE-911 refcount,RK,Resource kind,"What kind of resource is held (memory, fd, socket, handle, JNI ref, GPU object, thread), and which call releases it?",https://github.com/Vera-Firefly/Pojav-Glow-Worm/issues/435,https://github.com/Vera-Firefly/Pojav-Glow-Worm/issues/435,targeted
GitHub,statement,asker,REF,CWE-911 refcount,L4,Lifetime,Are threads joined/detached so that their resources are released?,https://github.com/Vera-Firefly/Pojav-Glow-Worm/issues/435,https://github.com/Vera-Firefly/Pojav-Glow-Worm/issues/435,targeted
GitHub,statement,asker,REF,CWE-911 refcount,RK,Resource kind,"What kind of resource is held (memory, fd, socket, handle, JNI ref, GPU object, thread), and which call releases it?",https://github.com/Vera-Firefly/Pojav-Glow-Worm/issues/435,https://github.com/Vera-Firefly/Pojav-Glow-Worm/issues/435,targeted
GitHub,statement,asker,REF,CWE-911 refcount,L3,Lifetime,"Does memory keep growing with repetitions (retained longer than needed, unbounded growth)?",https://github.com/Vera-Firefly/Pojav-Glow-Worm/issues/435,https://github.com/Vera-Firefly/Pojav-Glow-Worm/issues/435,targeted
GitHub,statement,asker,REF,CWE-911 refcount,RK,Resource kind,"What kind of resource is held (memory, fd, socket, handle, JNI ref, GPU object, thread), and which call releases it?",https://github.com/wseemann/ServeStream/issues/17,https://github.com/wseemann/ServeStream/issues/17,targeted
GitHub,statement,asker,REF,CWE-911 refcount,L3,Lifetime,"Does memory keep growing with repetitions (retained longer than needed, unbounded growth)?",https://github.com/wseemann/ServeStream/issues/17,https://github.com/wseemann/ServeStream/issues/17,targeted
GitHub,statement,asker,REF,CWE-911 refcount,RK,Resource kind,"What kind of resource is held (memory, fd, socket, handle, JNI ref, GPU object, thread), and which call releases it?",https://github.com/wseemann/ServeStream/issues/17,https://github.com/wseemann/ServeStream/issues/17,targeted
GitHub,statement,asker,REF,CWE-911 refcount,D1,Deallocation,"Is there a matching release for this allocation, and where should it go?",https://github.com/wseemann/ServeStream/issues/17,https://github.com/wseemann/ServeStream/issues/17,targeted
GitHub,statement,asker,REF,CWE-911 refcount,RK,Resource kind,"What kind of resource is held (memory, fd, socket, handle, JNI ref, GPU object, thread), and which call releases it?",https://github.com/Multy-io/Multy-Android/issues/95,https://github.com/Multy-io/Multy-Android/issues/95,targeted
GitHub,statement,asker,REF,CWE-911 refcount,L3,Lifetime,"Does memory keep growing with repetitions (retained longer than needed, unbounded growth)?",https://github.com/Multy-io/Multy-Android/issues/95,https://github.com/Multy-io/Multy-Android/issues/95,targeted
GitHub,statement,asker,REF,CWE-911 refcount,RK,Resource kind,"What kind of resource is held (memory, fd, socket, handle, JNI ref, GPU object, thread), and which call releases it?",https://github.com/Multy-io/Multy-Android/issues/95,https://github.com/Multy-io/Multy-Android/issues/95,targeted
GitHub,statement,asker,REF,CWE-911 refcount,D1,Deallocation,"Is there a matching release for this allocation, and where should it go?",https://github.com/Multy-io/Multy-Android/issues/95,https://github.com/Multy-io/Multy-Android/issues/95,targeted
GitHub,statement,asker,REF,CWE-911 refcount,RK,Resource kind,"What kind of resource is held (memory, fd, socket, handle, JNI ref, GPU object, thread), and which call releases it?",https://github.com/Multy-io/Multy-Android/issues/95,https://github.com/Multy-io/Multy-Android/issues/95,targeted
GitHub,statement,asker,REF,CWE-911 refcount,D1,Deallocation,"Is there a matching release for this allocation, and where should it go?",https://github.com/Multy-io/Multy-Android/issues/95,https://github.com/Multy-io/Multy-Android/issues/95,targeted
GitHub,statement,asker,REF,CWE-911 refcount,RK,Resource kind,"What kind of resource is held (memory, fd, socket, handle, JNI ref, GPU object, thread), and which call releases it?",https://github.com/openblack/openblack/issues/869,https://github.com/openblack/openblack/issues/869,targeted
GitHub,statement,asker,REF,CWE-911 refcount,L2,Lifetime,"Is the object destroyed when its lifetime ends (scope exit, destructor called, virtual destructor)?",https://github.com/openblack/openblack/issues/869,https://github.com/openblack/openblack/issues/869,targeted
GitHub,statement,asker,REF,CWE-911 refcount,RK,Resource kind,"What kind of resource is held (memory, fd, socket, handle, JNI ref, GPU object, thread), and which call releases it?",https://github.com/openblack/openblack/issues/869,https://github.com/openblack/openblack/issues/869,targeted
GitHub,statement,asker,REF,CWE-911 refcount,L3,Lifetime,"Does memory keep growing with repetitions (retained longer than needed, unbounded growth)?",https://github.com/openblack/openblack/issues/869,https://github.com/openblack/openblack/issues/869,targeted
GitHub,statement,asker,REF,CWE-911 refcount,RK,Resource kind,"What kind of resource is held (memory, fd, socket, handle, JNI ref, GPU object, thread), and which call releases it?",https://github.com/openblack/openblack/issues/869,https://github.com/openblack/openblack/issues/869,targeted
GitHub,statement,asker,REF,CWE-911 refcount,C2,Control flow,"Is the old block released on each loop iteration / reallocation (realloc failure, reassignment in a loop)?",https://github.com/openblack/openblack/issues/869,https://github.com/openblack/openblack/issues/869,targeted
GitHub,statement,asker,REF,CWE-911 refcount,RK,Resource kind,"What kind of resource is held (memory, fd, socket, handle, JNI ref, GPU object, thread), and which call releases it?",https://github.com/openblack/openblack/issues/869,https://github.com/openblack/openblack/issues/869,targeted
GitHub,statement,asker,REF,CWE-911 refcount,D1,Deallocation,"Is there a matching release for this allocation, and where should it go?",https://github.com/openblack/openblack/issues/869,https://github.com/openblack/openblack/issues/869,targeted
GitHub,statement,asker,REF,CWE-911 refcount,RK,Resource kind,"What kind of resource is held (memory, fd, socket, handle, JNI ref, GPU object, thread), and which call releases it?",https://github.com/mozilla/mozjpeg/issues/460,https://github.com/mozilla/mozjpeg/issues/460,targeted
GitHub,statement,asker,REF,CWE-911 refcount,L3,Lifetime,"Does memory keep growing with repetitions (retained longer than needed, unbounded growth)?",https://github.com/mozilla/mozjpeg/issues/460,https://github.com/mozilla/mozjpeg/issues/460,targeted
GitHub,statement,asker,REF,CWE-911 refcount,C1,Control flow,"Is the memory released on every path: error handling, early return, exceptions, longjmp?",https://github.com/mozilla/mozjpeg/issues/460,https://github.com/mozilla/mozjpeg/issues/460,targeted
GitHub,statement,asker,REF,CWE-911 refcount,RK,Resource kind,"What kind of resource is held (memory, fd, socket, handle, JNI ref, GPU object, thread), and which call releases it?",https://github.com/s-u/rJava/issues/353,https://github.com/s-u/rJava/issues/353,targeted
GitHub,statement,asker,REF,CWE-911 refcount,L3,Lifetime,"Does memory keep growing with repetitions (retained longer than needed, unbounded growth)?",https://github.com/s-u/rJava/issues/353,https://github.com/s-u/rJava/issues/353,targeted
GitHub,statement,asker,REF,CWE-911 refcount,RK,Resource kind,"What kind of resource is held (memory, fd, socket, handle, JNI ref, GPU object, thread), and which call releases it?",https://github.com/s-u/rJava/issues/353,https://github.com/s-u/rJava/issues/353,targeted
GitHub,statement,asker,REF,CWE-911 refcount,L4,Lifetime,Are threads joined/detached so that their resources are released?,https://github.com/s-u/rJava/issues/353,https://github.com/s-u/rJava/issues/353,targeted
GitHub,statement,asker,REF,CWE-911 refcount,RK,Resource kind,"What kind of resource is held (memory, fd, socket, handle, JNI ref, GPU object, thread), and which call releases it?",https://github.com/s-u/rJava/issues/353,https://github.com/s-u/rJava/issues/353,targeted
GitHub,statement,asker,REF,CWE-911 refcount,L2,Lifetime,"Is the object destroyed when its lifetime ends (scope exit, destructor called, virtual destructor)?",https://github.com/s-u/rJava/issues/353,https://github.com/s-u/rJava/issues/353,targeted
GitHub,statement,asker,REF,CWE-911 refcount,RK,Resource kind,"What kind of resource is held (memory, fd, socket, handle, JNI ref, GPU object, thread), and which call releases it?",https://github.com/s-u/rJava/issues/353,https://github.com/s-u/rJava/issues/353,targeted
GitHub,statement,asker,REF,CWE-911 refcount,L3,Lifetime,"Does memory keep growing with repetitions (retained longer than needed, unbounded growth)?",https://github.com/s-u/rJava/issues/353,https://github.com/s-u/rJava/issues/353,targeted
GitHub,statement,asker,REF,CWE-911 refcount,RK,Resource kind,"What kind of resource is held (memory, fd, socket, handle, JNI ref, GPU object, thread), and which call releases it?",https://github.com/apache/carbondata/issues/4402,https://github.com/apache/carbondata/issues/4402,targeted
GitHub,statement,asker,REF,CWE-911 refcount,L2,Lifetime,"Is the object destroyed when its lifetime ends (scope exit, destructor called, virtual destructor)?",https://github.com/apache/carbondata/issues/4402,https://github.com/apache/carbondata/issues/4402,targeted
GitHub,statement,asker,REF,CWE-911 refcount,RK,Resource kind,"What kind of resource is held (memory, fd, socket, handle, JNI ref, GPU object, thread), and which call releases it?",https://github.com/apache/carbondata/issues/4402,https://github.com/apache/carbondata/issues/4402,targeted
GitHub,statement,asker,REF,CWE-911 refcount,L2,Lifetime,"Is the object destroyed when its lifetime ends (scope exit, destructor called, virtual destructor)?",https://github.com/apache/carbondata/issues/4402,https://github.com/apache/carbondata/issues/4402,targeted
GitHub,statement,asker,REF,CWE-911 refcount,RK,Resource kind,"What kind of resource is held (memory, fd, socket, handle, JNI ref, GPU object, thread), and which call releases it?",https://github.com/apache/carbondata/issues/4402,https://github.com/apache/carbondata/issues/4402,targeted
GitHub,statement,asker,REF,CWE-911 refcount,N3,Composite cleanup,Does the cleanup routine / destructor release every resource the object owns?,https://github.com/apache/carbondata/issues/4402,https://github.com/apache/carbondata/issues/4402,targeted
GitHub,statement,asker,REF,CWE-911 refcount,RK,Resource kind,"What kind of resource is held (memory, fd, socket, handle, JNI ref, GPU object, thread), and which call releases it?",https://github.com/apache/carbondata/issues/4402,https://github.com/apache/carbondata/issues/4402,targeted
GitHub,statement,asker,REF,CWE-911 refcount,L3,Lifetime,"Does memory keep growing with repetitions (retained longer than needed, unbounded growth)?",https://github.com/apache/carbondata/issues/4402,https://github.com/apache/carbondata/issues/4402,targeted
GitHub,statement,asker,REF,CWE-911 refcount,RK,Resource kind,"What kind of resource is held (memory, fd, socket, handle, JNI ref, GPU object, thread), and which call releases it?",https://github.com/sleuthkit/sleuthkit/issues/3552,https://github.com/sleuthkit/sleuthkit/issues/3552,targeted
GitHub,statement,asker,REF,CWE-911 refcount,L3,Lifetime,"Does memory keep growing with repetitions (retained longer than needed, unbounded growth)?",https://github.com/sleuthkit/sleuthkit/issues/3552,https://github.com/sleuthkit/sleuthkit/issues/3552,targeted
GitHub,statement,asker,REF,CWE-911 refcount,RK,Resource kind,"What kind of resource is held (memory, fd, socket, handle, JNI ref, GPU object, thread), and which call releases it?",https://github.com/gridlab-d/gridlab-d/issues/1795,https://github.com/gridlab-d/gridlab-d/issues/1795,targeted
GitHub,statement,asker,REF,CWE-911 refcount,L3,Lifetime,"Does memory keep growing with repetitions (retained longer than needed, unbounded growth)?",https://github.com/gridlab-d/gridlab-d/issues/1795,https://github.com/gridlab-d/gridlab-d/issues/1795,targeted
GitHub,statement,asker,REF,CWE-911 refcount,RK,Resource kind,"What kind of resource is held (memory, fd, socket, handle, JNI ref, GPU object, thread), and which call releases it?",https://github.com/gridlab-d/gridlab-d/issues/1795,https://github.com/gridlab-d/gridlab-d/issues/1795,targeted
GitHub,statement,asker,REF,CWE-911 refcount,L2,Lifetime,"Is the object destroyed when its lifetime ends (scope exit, destructor called, virtual destructor)?",https://github.com/gridlab-d/gridlab-d/issues/1795,https://github.com/gridlab-d/gridlab-d/issues/1795,targeted
GitHub,statement,asker,REF,CWE-911 refcount,RK,Resource kind,"What kind of resource is held (memory, fd, socket, handle, JNI ref, GPU object, thread), and which call releases it?",https://github.com/gridlab-d/gridlab-d/issues/1795,https://github.com/gridlab-d/gridlab-d/issues/1795,targeted
GitHub,statement,asker,REF,CWE-911 refcount,L4,Lifetime,Are threads joined/detached so that their resources are released?,https://github.com/gridlab-d/gridlab-d/issues/1795,https://github.com/gridlab-d/gridlab-d/issues/1795,targeted
GitHub,statement,asker,REF,CWE-911 refcount,RK,Resource kind,"What kind of resource is held (memory, fd, socket, handle, JNI ref, GPU object, thread), and which call releases it?",https://github.com/gridlab-d/gridlab-d/issues/1795,https://github.com/gridlab-d/gridlab-d/issues/1795,targeted
GitHub,statement,asker,REF,CWE-911 refcount,L4,Lifetime,Are threads joined/detached so that their resources are released?,https://github.com/gridlab-d/gridlab-d/issues/1795,https://github.com/gridlab-d/gridlab-d/issues/1795,targeted
GitHub,statement,asker,REF,CWE-911 refcount,RK,Resource kind,"What kind of resource is held (memory, fd, socket, handle, JNI ref, GPU object, thread), and which call releases it?",https://github.com/GaijinEntertainment/DagorEngine/issues/210,https://github.com/GaijinEntertainment/DagorEngine/issues/210,targeted
GitHub,statement,asker,REF,CWE-911 refcount,L2,Lifetime,"Is the object destroyed when its lifetime ends (scope exit, destructor called, virtual destructor)?",https://github.com/GaijinEntertainment/DagorEngine/issues/210,https://github.com/GaijinEntertainment/DagorEngine/issues/210,targeted
GitHub,statement,asker,REF,CWE-911 refcount,RK,Resource kind,"What kind of resource is held (memory, fd, socket, handle, JNI ref, GPU object, thread), and which call releases it?",https://github.com/GaijinEntertainment/DagorEngine/issues/210,https://github.com/GaijinEntertainment/DagorEngine/issues/210,targeted
GitHub,statement,asker,REF,CWE-911 refcount,L4,Lifetime,Are threads joined/detached so that their resources are released?,https://github.com/GaijinEntertainment/DagorEngine/issues/210,https://github.com/GaijinEntertainment/DagorEngine/issues/210,targeted
GitHub,statement,asker,REF,CWE-911 refcount,RK,Resource kind,"What kind of resource is held (memory, fd, socket, handle, JNI ref, GPU object, thread), and which call releases it?",https://github.com/GaijinEntertainment/DagorEngine/issues/210,https://github.com/GaijinEntertainment/DagorEngine/issues/210,targeted
GitHub,statement,asker,REF,CWE-911 refcount,L3,Lifetime,"Does memory keep growing with repetitions (retained longer than needed, unbounded growth)?",https://github.com/GaijinEntertainment/DagorEngine/issues/210,https://github.com/GaijinEntertainment/DagorEngine/issues/210,targeted
GitHub,statement,asker,UAF,CWE-416 use after free,D5,Deallocation,"Is the block accessed after it was released (use after free, dangling reference)?",https://github.com/nothings/stb/issues/2002,https://github.com/nothings/stb/issues/2002,targeted
GitHub,statement,asker,UAF,CWE-416 use after free,D5,Deallocation,"Is the block accessed after it was released (use after free, dangling reference)?",https://github.com/nothings/stb/issues/2002,https://github.com/nothings/stb/issues/2002,targeted
GitHub,statement,asker,UAF,CWE-416 use after free,T1,Non-diagnostic,"Triage: reproducer, full trace, version, build flags",https://github.com/nothings/stb/issues/2002,https://github.com/nothings/stb/issues/2002,targeted
GitHub,statement,asker,UAF,CWE-416 use after free,D5,Deallocation,"Is the block accessed after it was released (use after free, dangling reference)?",https://github.com/nothings/stb/issues/2002,https://github.com/nothings/stb/issues/2002,targeted
GitHub,statement,asker,UAF,CWE-416 use after free,D5,Deallocation,"Is the block accessed after it was released (use after free, dangling reference)?",https://github.com/libarchive/libarchive/issues/3623,https://github.com/libarchive/libarchive/issues/3623,targeted
GitHub,statement,asker,UAF,CWE-416 use after free,C1,Control flow,"Is the memory released on every path: error handling, early return, exceptions, longjmp?",https://github.com/libarchive/libarchive/issues/3623,https://github.com/libarchive/libarchive/issues/3623,targeted
GitHub,statement,asker,UAF,CWE-416 use after free,D5,Deallocation,"Is the block accessed after it was released (use after free, dangling reference)?",https://github.com/libarchive/libarchive/issues/3623,https://github.com/libarchive/libarchive/issues/3623,targeted
GitHub,statement,asker,UAF,CWE-416 use after free,D5,Deallocation,"Is the block accessed after it was released (use after free, dangling reference)?",https://github.com/libarchive/libarchive/issues/3623,https://github.com/libarchive/libarchive/issues/3623,targeted
GitHub,statement,asker,UAF,CWE-416 use after free,D5,Deallocation,"Is the block accessed after it was released (use after free, dangling reference)?",https://github.com/gpac/gpac/issues/3867,https://github.com/gpac/gpac/issues/3867,targeted
GitHub,statement,asker,UAF,CWE-416 use after free,L4,Lifetime,Are threads joined/detached so that their resources are released?,https://github.com/gpac/gpac/issues/3867,https://github.com/gpac/gpac/issues/3867,targeted
GitHub,statement,asker,UAF,CWE-416 use after free,D5,Deallocation,"Is the block accessed after it was released (use after free, dangling reference)?",https://github.com/saghul/txiki.js/issues/1078,https://github.com/saghul/txiki.js/issues/1078,targeted
GitHub,statement,asker,UAF,CWE-416 use after free,L2,Lifetime,"Is the object destroyed when its lifetime ends (scope exit, destructor called, virtual destructor)?",https://github.com/saghul/txiki.js/issues/1078,https://github.com/saghul/txiki.js/issues/1078,targeted
GitHub,statement,asker,UAF,CWE-416 use after free,D5,Deallocation,"Is the block accessed after it was released (use after free, dangling reference)?",https://github.com/saghul/txiki.js/issues/1078,https://github.com/saghul/txiki.js/issues/1078,targeted
GitHub,statement,asker,UAF,CWE-416 use after free,L2,Lifetime,"Is the object destroyed when its lifetime ends (scope exit, destructor called, virtual destructor)?",https://github.com/saghul/txiki.js/issues/1078,https://github.com/saghul/txiki.js/issues/1078,targeted
GitHub,statement,asker,UAF,CWE-416 use after free,D5,Deallocation,"Is the block accessed after it was released (use after free, dangling reference)?",https://github.com/saghul/txiki.js/issues/1078,https://github.com/saghul/txiki.js/issues/1078,targeted
GitHub,statement,asker,UAF,CWE-416 use after free,E3,Escape / aliasing,"Do other aliases or copies refer to the same block (shallow copy, copy ctor, two owners)?",https://github.com/saghul/txiki.js/issues/1078,https://github.com/saghul/txiki.js/issues/1078,targeted
GitHub,statement,asker,UAF,CWE-416 use after free,D5,Deallocation,"Is the block accessed after it was released (use after free, dangling reference)?",https://github.com/gpac/gpac/issues/3874,https://github.com/gpac/gpac/issues/3874,targeted
GitHub,statement,asker,UAF,CWE-416 use after free,L4,Lifetime,Are threads joined/detached so that their resources are released?,https://github.com/gpac/gpac/issues/3874,https://github.com/gpac/gpac/issues/3874,targeted
GitHub,statement,asker,UAF,CWE-416 use after free,T1,Non-diagnostic,"Triage: reproducer, full trace, version, build flags",https://github.com/gpac/gpac/issues/3874,https://github.com/gpac/gpac/issues/3874,targeted
GitHub,statement,asker,UAF,CWE-416 use after free,T1,Non-diagnostic,"Triage: reproducer, full trace, version, build flags",https://github.com/gpac/gpac/issues/3874,https://github.com/gpac/gpac/issues/3874,targeted
GitHub,statement,responder,UAF,CWE-416 use after free,N2,Composite cleanup,Is a reference cycle or refcount imbalance preventing release?,https://github.com/gpac/gpac/issues/3874,https://github.com/gpac/gpac/issues/3874#issuecomment-5840251906,targeted
GitHub,statement,responder,UAF,CWE-416 use after free,D5,Deallocation,"Is the block accessed after it was released (use after free, dangling reference)?",https://github.com/gpac/gpac/issues/3874,https://github.com/gpac/gpac/issues/3874#issuecomment-5840251906,targeted
GitHub,statement,responder,UAF,CWE-416 use after free,L4,Lifetime,Are threads joined/detached so that their resources are released?,https://github.com/gpac/gpac/issues/3874,https://github.com/gpac/gpac/issues/3874#issuecomment-5840251906,targeted
GitHub,statement,responder,UAF,CWE-416 use after free,D5,Deallocation,"Is the block accessed after it was released (use after free, dangling reference)?",https://github.com/gpac/gpac/issues/3874,https://github.com/gpac/gpac/issues/3874#issuecomment-5840251906,targeted
GitHub,statement,responder,UAF,CWE-416 use after free,L4,Lifetime,Are threads joined/detached so that their resources are released?,https://github.com/gpac/gpac/issues/3874,https://github.com/gpac/gpac/issues/3874#issuecomment-5840251906,targeted
GitHub,statement,responder,UAF,CWE-416 use after free,N2,Composite cleanup,Is a reference cycle or refcount imbalance preventing release?,https://github.com/gpac/gpac/issues/3874,https://github.com/gpac/gpac/issues/3874#issuecomment-5840251906,targeted
GitHub,statement,responder,UAF,CWE-416 use after free,D5,Deallocation,"Is the block accessed after it was released (use after free, dangling reference)?",https://github.com/gpac/gpac/issues/3874,https://github.com/gpac/gpac/issues/3874#issuecomment-5840450912,targeted
GitHub,statement,responder,UAF,CWE-416 use after free,L2,Lifetime,"Is the object destroyed when its lifetime ends (scope exit, destructor called, virtual destructor)?",https://github.com/gpac/gpac/issues/3874,https://github.com/gpac/gpac/issues/3874#issuecomment-5840450912,targeted
GitHub,statement,responder,UAF,CWE-416 use after free,D5,Deallocation,"Is the block accessed after it was released (use after free, dangling reference)?",https://github.com/gpac/gpac/issues/3874,https://github.com/gpac/gpac/issues/3874#issuecomment-5840450912,targeted
GitHub,statement,responder,UAF,CWE-416 use after free,L4,Lifetime,Are threads joined/detached so that their resources are released?,https://github.com/gpac/gpac/issues/3874,https://github.com/gpac/gpac/issues/3874#issuecomment-5840450912,targeted
GitHub,statement,responder,UAF,CWE-416 use after free,L4,Lifetime,Are threads joined/detached so that their resources are released?,https://github.com/gpac/gpac/issues/3874,https://github.com/gpac/gpac/issues/3874#issuecomment-5840450912,targeted
GitHub,statement,responder,UAF,CWE-416 use after free,L2,Lifetime,"Is the object destroyed when its lifetime ends (scope exit, destructor called, virtual destructor)?",https://github.com/gpac/gpac/issues/3874,https://github.com/gpac/gpac/issues/3874#issuecomment-5840450912,targeted
GitHub,statement,asker,UAF,CWE-416 use after free,D5,Deallocation,"Is the block accessed after it was released (use after free, dangling reference)?",https://github.com/saghul/txiki.js/issues/1095,https://github.com/saghul/txiki.js/issues/1095,targeted
GitHub,statement,asker,UAF,CWE-416 use after free,X1,Cross-module,"Are allocation and release done by the same module/runtime heap (DLL, CRT, FFI boundary)?",https://github.com/saghul/txiki.js/issues/1095,https://github.com/saghul/txiki.js/issues/1095,targeted
GitHub,statement,asker,UAF,CWE-416 use after free,D5,Deallocation,"Is the block accessed after it was released (use after free, dangling reference)?",https://github.com/saghul/txiki.js/issues/1095,https://github.com/saghul/txiki.js/issues/1095,targeted
GitHub,statement,asker,UAF,CWE-416 use after free,X1,Cross-module,"Are allocation and release done by the same module/runtime heap (DLL, CRT, FFI boundary)?",https://github.com/saghul/txiki.js/issues/1095,https://github.com/saghul/txiki.js/issues/1095,targeted
GitHub,statement,asker,UAF,CWE-416 use after free,D5,Deallocation,"Is the block accessed after it was released (use after free, dangling reference)?",https://github.com/saghul/txiki.js/issues/1095,https://github.com/saghul/txiki.js/issues/1095,targeted
GitHub,statement,asker,UAF,CWE-416 use after free,D4,Deallocation,"Is the pointer valid to free right now (initialized, not already freed, not dangling)?",https://github.com/michaelrsweet/mxml/issues/358,https://github.com/michaelrsweet/mxml/issues/358,targeted
GitHub,statement,asker,UAF,CWE-416 use after free,C1,Control flow,"Is the memory released on every path: error handling, early return, exceptions, longjmp?",https://github.com/michaelrsweet/mxml/issues/358,https://github.com/michaelrsweet/mxml/issues/358,targeted
GitHub,statement,asker,UAF,CWE-416 use after free,D5,Deallocation,"Is the block accessed after it was released (use after free, dangling reference)?",https://github.com/michaelrsweet/mxml/issues/358,https://github.com/michaelrsweet/mxml/issues/358,targeted
GitHub,statement,asker,UAF,CWE-416 use after free,C1,Control flow,"Is the memory released on every path: error handling, early return, exceptions, longjmp?",https://github.com/michaelrsweet/mxml/issues/358,https://github.com/michaelrsweet/mxml/issues/358,targeted
GitHub,statement,asker,UAF,CWE-416 use after free,H1,Deallocation,Was the heap already corrupted before the failing free/malloc (earlier overflow)?,https://github.com/michaelrsweet/mxml/issues/358,https://github.com/michaelrsweet/mxml/issues/358,targeted
GitHub,statement,responder,UAF,CWE-416 use after free,N2,Composite cleanup,Is a reference cycle or refcount imbalance preventing release?,https://github.com/michaelrsweet/mxml/issues/358,https://github.com/michaelrsweet/mxml/issues/358#issuecomment-5892601868,targeted
GitHub,statement,asker,UAF,CWE-416 use after free,N1,Composite cleanup,"Are nested sub-allocations released (struct members, list nodes, 2-D arrays) before/with the parent?",https://github.com/michaelrsweet/mxml/issues/358,https://github.com/michaelrsweet/mxml/issues/358#issuecomment-5902775187,targeted
GitHub,statement,asker,UAF,CWE-416 use after free,O1,Ownership,Who is responsible for releasing this memory (caller vs. callee contract)?,https://github.com/michaelrsweet/mxml/issues/358,https://github.com/michaelrsweet/mxml/issues/358#issuecomment-5902775187,targeted
GitHub,statement,asker,UAF,CWE-416 use after free,C1,Control flow,"Is the memory released on every path: error handling, early return, exceptions, longjmp?",https://github.com/michaelrsweet/mxml/issues/358,https://github.com/michaelrsweet/mxml/issues/358#issuecomment-5902775187,targeted
GitHub,statement,asker,UAF,CWE-416 use after free,C1,Control flow,"Is the memory released on every path: error handling, early return, exceptions, longjmp?",https://github.com/michaelrsweet/mxml/issues/358,https://github.com/michaelrsweet/mxml/issues/358#issuecomment-5902775187,targeted
GitHub,statement,asker,UAF,CWE-416 use after free,C1,Control flow,"Is the memory released on every path: error handling, early return, exceptions, longjmp?",https://github.com/michaelrsweet/mxml/issues/358,https://github.com/michaelrsweet/mxml/issues/358#issuecomment-5902775187,targeted
GitHub,statement,asker,UAF,CWE-416 use after free,D5,Deallocation,"Is the block accessed after it was released (use after free, dangling reference)?",https://github.com/bellard/quickjs/issues/527,https://github.com/bellard/quickjs/issues/527,targeted
GitHub,statement,asker,UAF,CWE-416 use after free,L2,Lifetime,"Is the object destroyed when its lifetime ends (scope exit, destructor called, virtual destructor)?",https://github.com/bellard/quickjs/issues/527,https://github.com/bellard/quickjs/issues/527,targeted
GitHub,statement,asker,UAF,CWE-416 use after free,D5,Deallocation,"Is the block accessed after it was released (use after free, dangling reference)?",https://github.com/bellard/quickjs/issues/527,https://github.com/bellard/quickjs/issues/527,targeted
GitHub,statement,asker,UAF,CWE-416 use after free,D5,Deallocation,"Is the block accessed after it was released (use after free, dangling reference)?",https://github.com/bellard/quickjs/issues/527,https://github.com/bellard/quickjs/issues/527,targeted
GitHub,statement,asker,UAF,CWE-416 use after free,L2,Lifetime,"Is the object destroyed when its lifetime ends (scope exit, destructor called, virtual destructor)?",https://github.com/bellard/quickjs/issues/527,https://github.com/bellard/quickjs/issues/527,targeted
GitHub,statement,asker,DF,CWE-415 double free,T1,Non-diagnostic,"Triage: reproducer, full trace, version, build flags",https://github.com/molru-1/Week5/issues/2,https://github.com/molru-1/Week5/issues/2,targeted
GitHub,statement,asker,DF,CWE-415 double free,D4,Deallocation,"Is the pointer valid to free right now (initialized, not already freed, not dangling)?",https://github.com/molru-1/Week5/issues/2,https://github.com/molru-1/Week5/issues/2,targeted
GitHub,statement,asker,UAF,CWE-416 use after free,D5,Deallocation,"Is the block accessed after it was released (use after free, dangling reference)?",https://github.com/CGNS/CGNS/issues/978,https://github.com/CGNS/CGNS/issues/978,targeted
GitHub,statement,responder,HC,CWE-122/787 heap corruption,H1,Deallocation,Was the heap already corrupted before the failing free/malloc (earlier overflow)?,https://github.com/opensensor/lightNVR/issues/587,https://github.com/opensensor/lightNVR/issues/587#issuecomment-5531101910,targeted
GitHub,statement,responder,HC,CWE-122/787 heap corruption,R4,Report interpretation,Where was the block allocated / where does the leak or bad free originate?,https://github.com/opensensor/lightNVR/issues/587,https://github.com/opensensor/lightNVR/issues/587#issuecomment-5531101910,targeted
GitHub,question,responder,HC,CWE-122/787 heap corruption,T1,Non-diagnostic,"Triage: reproducer, full trace, version, build flags",https://github.com/opensensor/lightNVR/issues/587,https://github.com/opensensor/lightNVR/issues/587#issuecomment-5531101910,targeted
GitHub,statement,responder,HC,CWE-122/787 heap corruption,H1,Deallocation,Was the heap already corrupted before the failing free/malloc (earlier overflow)?,https://github.com/opensensor/lightNVR/issues/587,https://github.com/opensensor/lightNVR/issues/587#issuecomment-5531722495,targeted
GitHub,statement,responder,HC,CWE-122/787 heap corruption,L4,Lifetime,Are threads joined/detached so that their resources are released?,https://github.com/opensensor/lightNVR/issues/587,https://github.com/opensensor/lightNVR/issues/587#issuecomment-5531722495,targeted
GitHub,statement,responder,HC,CWE-122/787 heap corruption,H1,Deallocation,Was the heap already corrupted before the failing free/malloc (earlier overflow)?,https://github.com/opensensor/lightNVR/issues/587,https://github.com/opensensor/lightNVR/issues/587#issuecomment-5544890338,targeted
GitHub,statement,responder,HC,CWE-122/787 heap corruption,R4,Report interpretation,Where was the block allocated / where does the leak or bad free originate?,https://github.com/opensensor/lightNVR/issues/587,https://github.com/opensensor/lightNVR/issues/587#issuecomment-5544890338,targeted
GitHub,statement,asker,HC,CWE-122/787 heap corruption,T1,Non-diagnostic,"Triage: reproducer, full trace, version, build flags",https://github.com/opensensor/lightNVR/issues/587,https://github.com/opensensor/lightNVR/issues/587#issuecomment-5590623473,targeted
GitHub,statement,asker,HC,CWE-122/787 heap corruption,H1,Deallocation,Was the heap already corrupted before the failing free/malloc (earlier overflow)?,https://github.com/flang-compiler/flang/issues/1437,https://github.com/flang-compiler/flang/issues/1437,targeted
GitHub,statement,asker,HC,CWE-122/787 heap corruption,H1,Deallocation,Was the heap already corrupted before the failing free/malloc (earlier overflow)?,https://github.com/COVESA/dlt-daemon/issues/900,https://github.com/COVESA/dlt-daemon/issues/900,targeted
GitHub,statement,asker,HC,CWE-122/787 heap corruption,A4,Allocation,"Is the allocation size bounded and validated (untrusted input, overflow, huge/negative size, failure)?",https://github.com/COVESA/dlt-daemon/issues/900,https://github.com/COVESA/dlt-daemon/issues/900,targeted
GitHub,statement,asker,GPU,GPU/graphics memory,RK,Resource kind,"What kind of resource is held (memory, fd, socket, handle, JNI ref, GPU object, thread), and which call releases it?",https://github.com/leochien1110/rs-voxelmap-glvisualizer/issues/3,https://github.com/leochien1110/rs-voxelmap-glvisualizer/issues/3,targeted
GitHub,statement,asker,GPU,GPU/graphics memory,L3,Lifetime,"Does memory keep growing with repetitions (retained longer than needed, unbounded growth)?",https://github.com/leochien1110/rs-voxelmap-glvisualizer/issues/3,https://github.com/leochien1110/rs-voxelmap-glvisualizer/issues/3,targeted
GitHub,question,asker,GPU,GPU/graphics memory,RK,Resource kind,"What kind of resource is held (memory, fd, socket, handle, JNI ref, GPU object, thread), and which call releases it?",https://github.com/microsoft/CNTK/issues/3778,https://github.com/microsoft/CNTK/issues/3778,targeted
GitHub,question,asker,GPU,GPU/graphics memory,D1,Deallocation,"Is there a matching release for this allocation, and where should it go?",https://github.com/microsoft/CNTK/issues/3778,https://github.com/microsoft/CNTK/issues/3778,targeted
GitHub,question,asker,GPU,GPU/graphics memory,RK,Resource kind,"What kind of resource is held (memory, fd, socket, handle, JNI ref, GPU object, thread), and which call releases it?",https://github.com/microsoft/CNTK/issues/3778,https://github.com/microsoft/CNTK/issues/3778,targeted
GitHub,question,asker,GPU,GPU/graphics memory,D1,Deallocation,"Is there a matching release for this allocation, and where should it go?",https://github.com/microsoft/CNTK/issues/3778,https://github.com/microsoft/CNTK/issues/3778,targeted
GitHub,statement,asker,GPU,GPU/graphics memory,V1,Report interpretation,"Is the suspected leak/invalid free real, or a false positive / benign report?",https://github.com/microsoft/CNTK/issues/3778,https://github.com/microsoft/CNTK/issues/3778,targeted
GitHub,statement,asker,GPU,GPU/graphics memory,RK,Resource kind,"What kind of resource is held (memory, fd, socket, handle, JNI ref, GPU object, thread), and which call releases it?",https://github.com/microsoft/CNTK/issues/3778,https://github.com/microsoft/CNTK/issues/3778#issuecomment-560755672,targeted
GitHub,statement,asker,GPU,GPU/graphics memory,D1,Deallocation,"Is there a matching release for this allocation, and where should it go?",https://github.com/microsoft/CNTK/issues/3778,https://github.com/microsoft/CNTK/issues/3778#issuecomment-560755672,targeted
GitHub,question,asker,GPU,GPU/graphics memory,RK,Resource kind,"What kind of resource is held (memory, fd, socket, handle, JNI ref, GPU object, thread), and which call releases it?",https://github.com/microsoft/CNTK/issues/3778,https://github.com/microsoft/CNTK/issues/3778#issuecomment-560755672,targeted
GitHub,question,asker,GPU,GPU/graphics memory,L3,Lifetime,"Does memory keep growing with repetitions (retained longer than needed, unbounded growth)?",https://github.com/microsoft/CNTK/issues/3778,https://github.com/microsoft/CNTK/issues/3778#issuecomment-560755672,targeted
GitHub,statement,asker,GPU,GPU/graphics memory,RK,Resource kind,"What kind of resource is held (memory, fd, socket, handle, JNI ref, GPU object, thread), and which call releases it?",https://github.com/microsoft/CNTK/issues/3778,https://github.com/microsoft/CNTK/issues/3778#issuecomment-560755672,targeted
GitHub,statement,asker,GPU,GPU/graphics memory,D1,Deallocation,"Is there a matching release for this allocation, and where should it go?",https://github.com/microsoft/CNTK/issues/3778,https://github.com/microsoft/CNTK/issues/3778#issuecomment-560755672,targeted
GitHub,statement,responder,GPU,GPU/graphics memory,V1,Report interpretation,"Is the suspected leak/invalid free real, or a false positive / benign report?",https://github.com/dmlc/decord/issues/27,https://github.com/dmlc/decord/issues/27#issuecomment-593023894,targeted
GitHub,statement,responder,GPU,GPU/graphics memory,RK,Resource kind,"What kind of resource is held (memory, fd, socket, handle, JNI ref, GPU object, thread), and which call releases it?",https://github.com/dmlc/decord/issues/27,https://github.com/dmlc/decord/issues/27#issuecomment-595855074,targeted
GitHub,statement,responder,GPU,GPU/graphics memory,R3,Report interpretation,"Is the report caused by my code, or by a library, runtime, or the tool itself?",https://github.com/dmlc/decord/issues/27,https://github.com/dmlc/decord/issues/27#issuecomment-598944817,targeted
GitHub,statement,responder,GPU,GPU/graphics memory,D1,Deallocation,"Is there a matching release for this allocation, and where should it go?",https://github.com/dmlc/decord/issues/27,https://github.com/dmlc/decord/issues/27#issuecomment-688845902,targeted
GitHub,statement,asker,GPU,GPU/graphics memory,RK,Resource kind,"What kind of resource is held (memory, fd, socket, handle, JNI ref, GPU object, thread), and which call releases it?",https://github.com/triton-inference-server/onnxruntime_backend/issues/268,https://github.com/triton-inference-server/onnxruntime_backend/issues/268,targeted
GitHub,statement,asker,GPU,GPU/graphics memory,C1,Control flow,"Is the memory released on every path: error handling, early return, exceptions, longjmp?",https://github.com/triton-inference-server/onnxruntime_backend/issues/268,https://github.com/triton-inference-server/onnxruntime_backend/issues/268,targeted
GitHub,statement,asker,GPU,GPU/graphics memory,RK,Resource kind,"What kind of resource is held (memory, fd, socket, handle, JNI ref, GPU object, thread), and which call releases it?",https://github.com/apache/mxnet/issues/20315,https://github.com/apache/mxnet/issues/20315,targeted
GitHub,statement,asker,GPU,GPU/graphics memory,D1,Deallocation,"Is there a matching release for this allocation, and where should it go?",https://github.com/apache/mxnet/issues/20315,https://github.com/apache/mxnet/issues/20315,targeted
GitHub,statement,asker,GPU,GPU/graphics memory,RK,Resource kind,"What kind of resource is held (memory, fd, socket, handle, JNI ref, GPU object, thread), and which call releases it?",https://github.com/mitsuba-renderer/mitsuba2/issues/294,https://github.com/mitsuba-renderer/mitsuba2/issues/294,targeted
GitHub,statement,asker,GPU,GPU/graphics memory,V1,Report interpretation,"Is the suspected leak/invalid free real, or a false positive / benign report?",https://github.com/mitsuba-renderer/mitsuba2/issues/294,https://github.com/mitsuba-renderer/mitsuba2/issues/294,targeted
GitHub,question,responder,GPU,GPU/graphics memory,R6,Report interpretation,"Is the growth in RSS / task-manager memory leaked memory, or freed memory the allocator has not returned (fragmentation, arenas, caches)?",https://github.com/mitsuba-renderer/mitsuba2/issues/294,https://github.com/mitsuba-renderer/mitsuba2/issues/294#issuecomment-710016725,targeted
GitHub,statement,asker,GPU,GPU/graphics memory,RK,Resource kind,"What kind of resource is held (memory, fd, socket, handle, JNI ref, GPU object, thread), and which call releases it?",https://github.com/openxla/xla/issues/36487,https://github.com/openxla/xla/issues/36487,targeted
GitHub,statement,asker,GPU,GPU/graphics memory,RK,Resource kind,"What kind of resource is held (memory, fd, socket, handle, JNI ref, GPU object, thread), and which call releases it?",https://github.com/openxla/xla/issues/36487,https://github.com/openxla/xla/issues/36487,targeted
GitHub,statement,asker,GPU,GPU/graphics memory,L3,Lifetime,"Does memory keep growing with repetitions (retained longer than needed, unbounded growth)?",https://github.com/openxla/xla/issues/36487,https://github.com/openxla/xla/issues/36487,targeted
GitHub,statement,responder,GPU,GPU/graphics memory,R3,Report interpretation,"Is the report caused by my code, or by a library, runtime, or the tool itself?",https://github.com/openxla/xla/issues/36487,https://github.com/openxla/xla/issues/36487#issuecomment-3758341637,targeted
GitHub,statement,responder,GPU,GPU/graphics memory,R3,Report interpretation,"Is the report caused by my code, or by a library, runtime, or the tool itself?",https://github.com/openxla/xla/issues/36487,https://github.com/openxla/xla/issues/36487#issuecomment-3758354453,targeted
GitHub,statement,responder,GPU,GPU/graphics memory,L1,Lifetime,"Must the memory be freed before program exit, or is exit-time retention acceptable?",https://github.com/openxla/xla/issues/36487,https://github.com/openxla/xla/issues/36487#issuecomment-3758354453,targeted
GitHub,statement,responder,GPU,GPU/graphics memory,L3,Lifetime,"Does memory keep growing with repetitions (retained longer than needed, unbounded growth)?",https://github.com/openxla/xla/issues/36487,https://github.com/openxla/xla/issues/36487#issuecomment-3758354453,targeted
GitHub,question,responder,GPU,GPU/graphics memory,R5,Report interpretation,"How do I detect, configure, or suppress this with the tool?",https://github.com/openxla/xla/issues/36487,https://github.com/openxla/xla/issues/36487#issuecomment-3758354453,targeted
GitHub,statement,asker,GPU,GPU/graphics memory,R3,Report interpretation,"Is the report caused by my code, or by a library, runtime, or the tool itself?",https://github.com/apache/mxnet/issues/20959,https://github.com/apache/mxnet/issues/20959,targeted
GitHub,statement,asker,GPU,GPU/graphics memory,L3,Lifetime,"Does memory keep growing with repetitions (retained longer than needed, unbounded growth)?",https://github.com/apache/mxnet/issues/20959,https://github.com/apache/mxnet/issues/20959,targeted
GitHub,statement,asker,GPU,GPU/graphics memory,R3,Report interpretation,"Is the report caused by my code, or by a library, runtime, or the tool itself?",https://github.com/apache/mxnet/issues/20959,https://github.com/apache/mxnet/issues/20959,targeted
GitHub,statement,asker,GPU,GPU/graphics memory,RK,Resource kind,"What kind of resource is held (memory, fd, socket, handle, JNI ref, GPU object, thread), and which call releases it?",https://github.com/apache/mxnet/issues/20959,https://github.com/apache/mxnet/issues/20959#issuecomment-1067165130,targeted
GitHub,statement,asker,GPU,GPU/graphics memory,R5,Report interpretation,"How do I detect, configure, or suppress this with the tool?",https://github.com/apache/mxnet/issues/20959,https://github.com/apache/mxnet/issues/20959#issuecomment-1067165130,targeted
GitHub,statement,asker,GPU,GPU/graphics memory,R3,Report interpretation,"Is the report caused by my code, or by a library, runtime, or the tool itself?",https://github.com/apache/mxnet/issues/20959,https://github.com/apache/mxnet/issues/20959#issuecomment-1067165130,targeted
GitHub,statement,asker,GPU,GPU/graphics memory,RK,Resource kind,"What kind of resource is held (memory, fd, socket, handle, JNI ref, GPU object, thread), and which call releases it?",https://github.com/apache/mxnet/issues/20959,https://github.com/apache/mxnet/issues/20959#issuecomment-1072926185,targeted
GitHub,statement,asker,GPU,GPU/graphics memory,N3,Composite cleanup,Does the cleanup routine / destructor release every resource the object owns?,https://github.com/apache/mxnet/issues/20959,https://github.com/apache/mxnet/issues/20959#issuecomment-1072926185,targeted
GitHub,statement,asker,GPU,GPU/graphics memory,L4,Lifetime,Are threads joined/detached so that their resources are released?,https://github.com/apache/mxnet/issues/20959,https://github.com/apache/mxnet/issues/20959#issuecomment-1072926185,targeted
GitHub,statement,asker,GPU,GPU/graphics memory,N3,Composite cleanup,Does the cleanup routine / destructor release every resource the object owns?,https://github.com/apache/mxnet/issues/20959,https://github.com/apache/mxnet/issues/20959#issuecomment-1072926185,targeted
GitHub,statement,asker,GPU,GPU/graphics memory,RK,Resource kind,"What kind of resource is held (memory, fd, socket, handle, JNI ref, GPU object, thread), and which call releases it?",https://github.com/triton-inference-server/onnxruntime_backend/issues/198,https://github.com/triton-inference-server/onnxruntime_backend/issues/198,targeted
GitHub,statement,asker,GPU,GPU/graphics memory,L3,Lifetime,"Does memory keep growing with repetitions (retained longer than needed, unbounded growth)?",https://github.com/triton-inference-server/onnxruntime_backend/issues/198,https://github.com/triton-inference-server/onnxruntime_backend/issues/198,targeted
GitHub,statement,asker,GPU,GPU/graphics memory,RK,Resource kind,"What kind of resource is held (memory, fd, socket, handle, JNI ref, GPU object, thread), and which call releases it?",https://github.com/triton-inference-server/onnxruntime_backend/issues/198,https://github.com/triton-inference-server/onnxruntime_backend/issues/198,targeted
GitHub,statement,asker,GPU,GPU/graphics memory,L3,Lifetime,"Does memory keep growing with repetitions (retained longer than needed, unbounded growth)?",https://github.com/triton-inference-server/onnxruntime_backend/issues/198,https://github.com/triton-inference-server/onnxruntime_backend/issues/198,targeted
GitHub,statement,asker,GPU,GPU/graphics memory,RK,Resource kind,"What kind of resource is held (memory, fd, socket, handle, JNI ref, GPU object, thread), and which call releases it?",https://github.com/CanReader/SleakEngine/issues/157,https://github.com/CanReader/SleakEngine/issues/157,targeted
GitHub,statement,asker,GPU,GPU/graphics memory,C1,Control flow,"Is the memory released on every path: error handling, early return, exceptions, longjmp?",https://github.com/CanReader/SleakEngine/issues/157,https://github.com/CanReader/SleakEngine/issues/157,targeted
GitHub,statement,asker,GPU,GPU/graphics memory,L3,Lifetime,"Does memory keep growing with repetitions (retained longer than needed, unbounded growth)?",https://github.com/CanReader/SleakEngine/issues/157,https://github.com/CanReader/SleakEngine/issues/157,targeted
GitHub,statement,asker,GPU,GPU/graphics memory,N3,Composite cleanup,Does the cleanup routine / destructor release every resource the object owns?,https://github.com/CanReader/SleakEngine/issues/157,https://github.com/CanReader/SleakEngine/issues/157,targeted
GitHub,statement,asker,GPU,GPU/graphics memory,C1,Control flow,"Is the memory released on every path: error handling, early return, exceptions, longjmp?",https://github.com/CanReader/SleakEngine/issues/157,https://github.com/CanReader/SleakEngine/issues/157,targeted
GitHub,statement,asker,GPU,GPU/graphics memory,C1,Control flow,"Is the memory released on every path: error handling, early return, exceptions, longjmp?",https://github.com/CanReader/SleakEngine/issues/157,https://github.com/CanReader/SleakEngine/issues/157,targeted
GitHub,statement,asker,GPU,GPU/graphics memory,RK,Resource kind,"What kind of resource is held (memory, fd, socket, handle, JNI ref, GPU object, thread), and which call releases it?",https://github.com/L0932/ForgeSim/issues/17,https://github.com/L0932/ForgeSim/issues/17,targeted
GitHub,statement,asker,GPU,GPU/graphics memory,O1,Ownership,Who is responsible for releasing this memory (caller vs. callee contract)?,https://github.com/L0932/ForgeSim/issues/17,https://github.com/L0932/ForgeSim/issues/17,targeted
GitHub,statement,asker,GPU,GPU/graphics memory,L2,Lifetime,"Is the object destroyed when its lifetime ends (scope exit, destructor called, virtual destructor)?",https://github.com/L0932/ForgeSim/issues/17,https://github.com/L0932/ForgeSim/issues/17,targeted
GitHub,statement,asker,GPU,GPU/graphics memory,C1,Control flow,"Is the memory released on every path: error handling, early return, exceptions, longjmp?",https://github.com/Nemirtingas/ingame_overlay/issues/77,https://github.com/Nemirtingas/ingame_overlay/issues/77#issuecomment-5358111025,targeted
GitHub,statement,asker,GPU,GPU/graphics memory,C1,Control flow,"Is the memory released on every path: error handling, early return, exceptions, longjmp?",https://github.com/Nemirtingas/ingame_overlay/issues/77,https://github.com/Nemirtingas/ingame_overlay/issues/77#issuecomment-5358111025,targeted
GitHub,statement,asker,GPU,GPU/graphics memory,A4,Allocation,"Is the allocation size bounded and validated (untrusted input, overflow, huge/negative size, failure)?",https://github.com/Nemirtingas/ingame_overlay/issues/77,https://github.com/Nemirtingas/ingame_overlay/issues/77#issuecomment-5358111025,targeted
GitHub,statement,asker,GPU,GPU/graphics memory,C1,Control flow,"Is the memory released on every path: error handling, early return, exceptions, longjmp?",https://github.com/Nemirtingas/ingame_overlay/issues/77,https://github.com/Nemirtingas/ingame_overlay/issues/77#issuecomment-5358111025,targeted
GitHub,statement,asker,GPU,GPU/graphics memory,L4,Lifetime,Are threads joined/detached so that their resources are released?,https://github.com/Nemirtingas/ingame_overlay/issues/77,https://github.com/Nemirtingas/ingame_overlay/issues/77#issuecomment-5358113127,targeted
GitHub,statement,asker,GPU,GPU/graphics memory,RK,Resource kind,"What kind of resource is held (memory, fd, socket, handle, JNI ref, GPU object, thread), and which call releases it?",https://github.com/Nemirtingas/ingame_overlay/issues/77,https://github.com/Nemirtingas/ingame_overlay/issues/77#issuecomment-5358113127,targeted
GitHub,statement,asker,GPU,GPU/graphics memory,O2,Ownership,"Was ownership transferred (to a container, smart pointer, library, or object), so someone else releases it?",https://github.com/Nemirtingas/ingame_overlay/issues/77,https://github.com/Nemirtingas/ingame_overlay/issues/77#issuecomment-5358113127,targeted
GitHub,statement,asker,GPU,GPU/graphics memory,D5,Deallocation,"Is the block accessed after it was released (use after free, dangling reference)?",https://github.com/Nemirtingas/ingame_overlay/issues/77,https://github.com/Nemirtingas/ingame_overlay/issues/77#issuecomment-5358113127,targeted
GitHub,statement,asker,GPU,GPU/graphics memory,O1,Ownership,Who is responsible for releasing this memory (caller vs. callee contract)?,https://github.com/Nemirtingas/ingame_overlay/issues/77,https://github.com/Nemirtingas/ingame_overlay/issues/77#issuecomment-5358137781,targeted
GitHub,statement,asker,GPU,GPU/graphics memory,L4,Lifetime,Are threads joined/detached so that their resources are released?,https://github.com/Nemirtingas/ingame_overlay/issues/77,https://github.com/Nemirtingas/ingame_overlay/issues/77#issuecomment-5358137781,targeted
GitHub,statement,asker,GPU,GPU/graphics memory,L4,Lifetime,Are threads joined/detached so that their resources are released?,https://github.com/Nemirtingas/ingame_overlay/issues/77,https://github.com/Nemirtingas/ingame_overlay/issues/77#issuecomment-5358137781,targeted
GitHub,statement,asker,GPU,GPU/graphics memory,T1,Non-diagnostic,"Triage: reproducer, full trace, version, build flags",https://github.com/gazebosim/gz-sim/issues/2873,https://github.com/gazebosim/gz-sim/issues/2873,targeted
GitHub,statement,asker,GPU,GPU/graphics memory,R3,Report interpretation,"Is the report caused by my code, or by a library, runtime, or the tool itself?",https://github.com/gazebosim/gz-sim/issues/2873,https://github.com/gazebosim/gz-sim/issues/2873,targeted
GitHub,question,responder,GPU,GPU/graphics memory,R3,Report interpretation,"Is the report caused by my code, or by a library, runtime, or the tool itself?",https://github.com/gazebosim/gz-sim/issues/2873,https://github.com/gazebosim/gz-sim/issues/2873#issuecomment-2824448079,targeted
GitHub,statement,asker,GPU,GPU/graphics memory,R3,Report interpretation,"Is the report caused by my code, or by a library, runtime, or the tool itself?",https://github.com/gazebosim/gz-sim/issues/2873,https://github.com/gazebosim/gz-sim/issues/2873#issuecomment-2826732180,targeted
GitHub,statement,responder,GPU,GPU/graphics memory,L3,Lifetime,"Does memory keep growing with repetitions (retained longer than needed, unbounded growth)?",https://github.com/gazebosim/gz-sim/issues/2873,https://github.com/gazebosim/gz-sim/issues/2873#issuecomment-2979973769,targeted
GitHub,statement,asker,KER,Kernel memory,R5,Report interpretation,"How do I detect, configure, or suppress this with the tool?",https://github.com/RVCK-Project/rvck/issues/209,https://github.com/RVCK-Project/rvck/issues/209,targeted
GitHub,statement,asker,KER,Kernel memory,RK,Resource kind,"What kind of resource is held (memory, fd, socket, handle, JNI ref, GPU object, thread), and which call releases it?",https://github.com/RVCK-Project/rvck/issues/209,https://github.com/RVCK-Project/rvck/issues/209,targeted
GitHub,statement,asker,KER,Kernel memory,R4,Report interpretation,Where was the block allocated / where does the leak or bad free originate?,https://github.com/RVCK-Project/rvck/issues/209,https://github.com/RVCK-Project/rvck/issues/209,targeted
GitHub,question,asker,KER,Kernel memory,T1,Non-diagnostic,"Triage: reproducer, full trace, version, build flags",https://github.com/multipath-tcp/mptcp_net-next/issues/583,https://github.com/multipath-tcp/mptcp_net-next/issues/583,targeted
GitHub,statement,asker,KER,Kernel memory,R5,Report interpretation,"How do I detect, configure, or suppress this with the tool?",https://github.com/abrt/abrt/issues/578,https://github.com/abrt/abrt/issues/578,targeted
GitHub,statement,asker,KER,Kernel memory,RK,Resource kind,"What kind of resource is held (memory, fd, socket, handle, JNI ref, GPU object, thread), and which call releases it?",https://github.com/RVCK-Project/rvck/issues/208,https://github.com/RVCK-Project/rvck/issues/208,targeted
GitHub,statement,asker,KER,Kernel memory,R5,Report interpretation,"How do I detect, configure, or suppress this with the tool?",https://github.com/teemtee/tmt/issues/3245,https://github.com/teemtee/tmt/issues/3245,targeted
GitHub,statement,asker,KER,Kernel memory,R5,Report interpretation,"How do I detect, configure, or suppress this with the tool?",https://github.com/teemtee/tmt/issues/3245,https://github.com/teemtee/tmt/issues/3245,targeted
GitHub,statement,asker,KER,Kernel memory,R5,Report interpretation,"How do I detect, configure, or suppress this with the tool?",https://github.com/teemtee/tmt/issues/3245,https://github.com/teemtee/tmt/issues/3245,targeted
GitHub,statement,asker,KER,Kernel memory,R5,Report interpretation,"How do I detect, configure, or suppress this with the tool?",https://github.com/teemtee/tmt/issues/3245,https://github.com/teemtee/tmt/issues/3245,targeted
GitHub,statement,responder,KER,Kernel memory,R5,Report interpretation,"How do I detect, configure, or suppress this with the tool?",https://github.com/teemtee/tmt/issues/3245,https://github.com/teemtee/tmt/issues/3245#issuecomment-2377598286,targeted
GitHub,statement,responder,KER,Kernel memory,R5,Report interpretation,"How do I detect, configure, or suppress this with the tool?",https://github.com/teemtee/tmt/issues/3245,https://github.com/teemtee/tmt/issues/3245#issuecomment-2393041210,targeted
GitHub,statement,asker,KER,Kernel memory,R5,Report interpretation,"How do I detect, configure, or suppress this with the tool?",https://github.com/teemtee/tmt/issues/3245,https://github.com/teemtee/tmt/issues/3245#issuecomment-2450826543,targeted
GitHub,statement,asker,KER,Kernel memory,R5,Report interpretation,"How do I detect, configure, or suppress this with the tool?",https://github.com/teemtee/tmt/issues/3245,https://github.com/teemtee/tmt/issues/3245#issuecomment-2450826543,targeted
GitHub,statement,asker,KER,Kernel memory,R5,Report interpretation,"How do I detect, configure, or suppress this with the tool?",https://github.com/teemtee/tmt/issues/3245,https://github.com/teemtee/tmt/issues/3245#issuecomment-2450826543,targeted
GitHub,statement,asker,KER,Kernel memory,R5,Report interpretation,"How do I detect, configure, or suppress this with the tool?",https://github.com/teemtee/tmt/issues/3245,https://github.com/teemtee/tmt/issues/3245#issuecomment-2452135293,targeted
GitHub,statement,asker,KER,Kernel memory,V1,Report interpretation,"Is the suspected leak/invalid free real, or a false positive / benign report?",https://github.com/teemtee/tmt/issues/3245,https://github.com/teemtee/tmt/issues/3245#issuecomment-2452135293,targeted
GitHub,statement,asker,KER,Kernel memory,V1,Report interpretation,"Is the suspected leak/invalid free real, or a false positive / benign report?",https://github.com/teemtee/tmt/issues/3245,https://github.com/teemtee/tmt/issues/3245#issuecomment-2452135293,targeted
GitHub,statement,asker,KER,Kernel memory,R2,Report interpretation,"What does the tool's report category or runtime error mean (definitely/indirectly/possibly lost, still reachable, suppressed, invalid pointer)?",https://github.com/teemtee/tmt/issues/3245,https://github.com/teemtee/tmt/issues/3245#issuecomment-2452135293,targeted
GitHub,statement,asker,KER,Kernel memory,V1,Report interpretation,"Is the suspected leak/invalid free real, or a false positive / benign report?",https://github.com/teemtee/tmt/issues/3245,https://github.com/teemtee/tmt/issues/3245#issuecomment-2452135293,targeted
GitHub,statement,asker,KER,Kernel memory,R5,Report interpretation,"How do I detect, configure, or suppress this with the tool?",https://github.com/teemtee/tmt/issues/3245,https://github.com/teemtee/tmt/issues/3245#issuecomment-2452135293,targeted
GitHub,statement,asker,KER,Kernel memory,V1,Report interpretation,"Is the suspected leak/invalid free real, or a false positive / benign report?",https://github.com/teemtee/tmt/issues/3245,https://github.com/teemtee/tmt/issues/3245#issuecomment-2452135293,targeted
GitHub,statement,responder,KER,Kernel memory,R5,Report interpretation,"How do I detect, configure, or suppress this with the tool?",https://github.com/teemtee/tmt/issues/3245,https://github.com/teemtee/tmt/issues/3245#issuecomment-2479603630,targeted
GitHub,statement,responder,KER,Kernel memory,V1,Report interpretation,"Is the suspected leak/invalid free real, or a false positive / benign report?",https://github.com/teemtee/tmt/issues/3245,https://github.com/teemtee/tmt/issues/3245#issuecomment-2479603630,targeted
GitHub,statement,responder,KER,Kernel memory,R4,Report interpretation,Where was the block allocated / where does the leak or bad free originate?,https://github.com/teemtee/tmt/issues/3245,https://github.com/teemtee/tmt/issues/3245#issuecomment-2479603630,targeted
GitHub,statement,asker,POOL,Pools/arenas,R5,Report interpretation,"How do I detect, configure, or suppress this with the tool?",https://github.com/eclipse-threadx/threadx/issues/764,https://github.com/eclipse-threadx/threadx/issues/764,targeted
GitHub,statement,asker,POOL,Pools/arenas,RK,Resource kind,"What kind of resource is held (memory, fd, socket, handle, JNI ref, GPU object, thread), and which call releases it?",https://github.com/freeunitorg/freeunit/issues/343,https://github.com/freeunitorg/freeunit/issues/343,targeted
GitHub,statement,asker,POOL,Pools/arenas,C1,Control flow,"Is the memory released on every path: error handling, early return, exceptions, longjmp?",https://github.com/freeunitorg/freeunit/issues/343,https://github.com/freeunitorg/freeunit/issues/343,targeted
GitHub,statement,asker,POOL,Pools/arenas,N3,Composite cleanup,Does the cleanup routine / destructor release every resource the object owns?,https://github.com/freeunitorg/freeunit/issues/343,https://github.com/freeunitorg/freeunit/issues/343,targeted
GitHub,statement,asker,POOL,Pools/arenas,L2,Lifetime,"Is the object destroyed when its lifetime ends (scope exit, destructor called, virtual destructor)?",https://github.com/freeunitorg/freeunit/issues/343,https://github.com/freeunitorg/freeunit/issues/343,targeted
GitHub,statement,asker,POOL,Pools/arenas,O2,Ownership,"Was ownership transferred (to a container, smart pointer, library, or object), so someone else releases it?",https://github.com/freeunitorg/freeunit/issues/343,https://github.com/freeunitorg/freeunit/issues/343,targeted
GitHub,statement,asker,POOL,Pools/arenas,C1,Control flow,"Is the memory released on every path: error handling, early return, exceptions, longjmp?",https://github.com/nginx/njs/issues/1099,https://github.com/nginx/njs/issues/1099,targeted
GitHub,statement,asker,POOL,Pools/arenas,RK,Resource kind,"What kind of resource is held (memory, fd, socket, handle, JNI ref, GPU object, thread), and which call releases it?",https://github.com/nginx/njs/issues/1099,https://github.com/nginx/njs/issues/1099,targeted
GitHub,statement,asker,POOL,Pools/arenas,C1,Control flow,"Is the memory released on every path: error handling, early return, exceptions, longjmp?",https://github.com/nginx/njs/issues/1099,https://github.com/nginx/njs/issues/1099,targeted
GitHub,statement,asker,POOL,Pools/arenas,L2,Lifetime,"Is the object destroyed when its lifetime ends (scope exit, destructor called, virtual destructor)?",https://github.com/nginx/njs/issues/1099,https://github.com/nginx/njs/issues/1099,targeted
GitHub,statement,asker,POOL,Pools/arenas,L3,Lifetime,"Does memory keep growing with repetitions (retained longer than needed, unbounded growth)?",https://github.com/nginx/njs/issues/1099,https://github.com/nginx/njs/issues/1099,targeted
GitHub,question,responder,POOL,Pools/arenas,V1,Report interpretation,"Is the suspected leak/invalid free real, or a false positive / benign report?",https://github.com/krakjoe/pthreads/issues/875,https://github.com/krakjoe/pthreads/issues/875#issuecomment-462940881,targeted
GitHub,statement,asker,POOL,Pools/arenas,R3,Report interpretation,"Is the report caused by my code, or by a library, runtime, or the tool itself?",https://github.com/krakjoe/pthreads/issues/875,https://github.com/krakjoe/pthreads/issues/875#issuecomment-462988671,targeted
GitHub,statement,responder,POOL,Pools/arenas,V1,Report interpretation,"Is the suspected leak/invalid free real, or a false positive / benign report?",https://github.com/krakjoe/pthreads/issues/875,https://github.com/krakjoe/pthreads/issues/875#issuecomment-463484937,targeted
GitHub,statement,responder,POOL,Pools/arenas,V1,Report interpretation,"Is the suspected leak/invalid free real, or a false positive / benign report?",https://github.com/krakjoe/pthreads/issues/875,https://github.com/krakjoe/pthreads/issues/875#issuecomment-463484937,targeted
GitHub,statement,responder,POOL,Pools/arenas,R6,Report interpretation,"Is the growth in RSS / task-manager memory leaked memory, or freed memory the allocator has not returned (fragmentation, arenas, caches)?",https://github.com/krakjoe/pthreads/issues/875,https://github.com/krakjoe/pthreads/issues/875#issuecomment-463484937,targeted
GitHub,statement,responder,POOL,Pools/arenas,RK,Resource kind,"What kind of resource is held (memory, fd, socket, handle, JNI ref, GPU object, thread), and which call releases it?",https://github.com/krakjoe/pthreads/issues/875,https://github.com/krakjoe/pthreads/issues/875#issuecomment-463484937,targeted
GitHub,statement,responder,POOL,Pools/arenas,D1,Deallocation,"Is there a matching release for this allocation, and where should it go?",https://github.com/krakjoe/pthreads/issues/875,https://github.com/krakjoe/pthreads/issues/875#issuecomment-463484937,targeted
GitHub,statement,responder,POOL,Pools/arenas,RK,Resource kind,"What kind of resource is held (memory, fd, socket, handle, JNI ref, GPU object, thread), and which call releases it?",https://github.com/krakjoe/pthreads/issues/875,https://github.com/krakjoe/pthreads/issues/875#issuecomment-463484937,targeted
GitHub,statement,responder,POOL,Pools/arenas,D1,Deallocation,"Is there a matching release for this allocation, and where should it go?",https://github.com/krakjoe/pthreads/issues/875,https://github.com/krakjoe/pthreads/issues/875#issuecomment-463484937,targeted
GitHub,statement,asker,POOL,Pools/arenas,D1,Deallocation,"Is there a matching release for this allocation, and where should it go?",https://github.com/signalwire/freeswitch/issues/2533,https://github.com/signalwire/freeswitch/issues/2533,targeted
GitHub,statement,asker,POOL,Pools/arenas,C1,Control flow,"Is the memory released on every path: error handling, early return, exceptions, longjmp?",https://github.com/signalwire/freeswitch/issues/2533,https://github.com/signalwire/freeswitch/issues/2533,targeted
GitHub,statement,asker,POOL,Pools/arenas,D1,Deallocation,"Is there a matching release for this allocation, and where should it go?",https://github.com/signalwire/freeswitch/issues/2533,https://github.com/signalwire/freeswitch/issues/2533,targeted
GitHub,statement,asker,POOL,Pools/arenas,L3,Lifetime,"Does memory keep growing with repetitions (retained longer than needed, unbounded growth)?",https://github.com/signalwire/freeswitch/issues/3132,https://github.com/signalwire/freeswitch/issues/3132,targeted
GitHub,statement,asker,POOL,Pools/arenas,L2,Lifetime,"Is the object destroyed when its lifetime ends (scope exit, destructor called, virtual destructor)?",https://github.com/signalwire/freeswitch/issues/3132,https://github.com/signalwire/freeswitch/issues/3132,targeted
GitHub,statement,asker,POOL,Pools/arenas,L3,Lifetime,"Does memory keep growing with repetitions (retained longer than needed, unbounded growth)?",https://github.com/signalwire/freeswitch/issues/3132,https://github.com/signalwire/freeswitch/issues/3132,targeted
GitHub,statement,asker,POOL,Pools/arenas,L3,Lifetime,"Does memory keep growing with repetitions (retained longer than needed, unbounded growth)?",https://github.com/signalwire/freeswitch/issues/3132,https://github.com/signalwire/freeswitch/issues/3132,targeted
GitHub,statement,responder,POOL,Pools/arenas,L2,Lifetime,"Is the object destroyed when its lifetime ends (scope exit, destructor called, virtual destructor)?",https://github.com/signalwire/freeswitch/issues/3132,https://github.com/signalwire/freeswitch/issues/3132#issuecomment-5468087223,targeted
GitHub,statement,responder,POOL,Pools/arenas,R5,Report interpretation,"How do I detect, configure, or suppress this with the tool?",https://github.com/DLTcollab/dcurl/issues/20,https://github.com/DLTcollab/dcurl/issues/20#issuecomment-429183099,targeted
GitHub,statement,asker,POOL,Pools/arenas,C1,Control flow,"Is the memory released on every path: error handling, early return, exceptions, longjmp?",https://github.com/universal-ctags/ctags/issues/90,https://github.com/universal-ctags/ctags/issues/90,targeted
GitHub,statement,asker,POOL,Pools/arenas,R3,Report interpretation,"Is the report caused by my code, or by a library, runtime, or the tool itself?",https://github.com/universal-ctags/ctags/issues/90,https://github.com/universal-ctags/ctags/issues/90#issuecomment-59396384,targeted
GitHub,question,asker,POOL,Pools/arenas,C1,Control flow,"Is the memory released on every path: error handling, early return, exceptions, longjmp?",https://github.com/universal-ctags/ctags/issues/90,https://github.com/universal-ctags/ctags/issues/90#issuecomment-59396384,targeted
GitHub,statement,responder,POOL,Pools/arenas,L2,Lifetime,"Is the object destroyed when its lifetime ends (scope exit, destructor called, virtual destructor)?",https://github.com/universal-ctags/ctags/issues/90,https://github.com/universal-ctags/ctags/issues/90#issuecomment-60100279,targeted
GitHub,statement,responder,POOL,Pools/arenas,L2,Lifetime,"Is the object destroyed when its lifetime ends (scope exit, destructor called, virtual destructor)?",https://github.com/universal-ctags/ctags/issues/90,https://github.com/universal-ctags/ctags/issues/90#issuecomment-60190187,targeted
GitHub,question,responder,POOL,Pools/arenas,D1,Deallocation,"Is there a matching release for this allocation, and where should it go?",https://github.com/universal-ctags/ctags/issues/90,https://github.com/universal-ctags/ctags/issues/90#issuecomment-60389568,targeted
GitHub,statement,asker,POOL,Pools/arenas,L3,Lifetime,"Does memory keep growing with repetitions (retained longer than needed, unbounded growth)?",https://github.com/GUI/nginx-upstream-dynamic-servers/issues/39,https://github.com/GUI/nginx-upstream-dynamic-servers/issues/39,targeted
GitHub,statement,asker,POOL,Pools/arenas,L2,Lifetime,"Is the object destroyed when its lifetime ends (scope exit, destructor called, virtual destructor)?",https://github.com/GUI/nginx-upstream-dynamic-servers/issues/39,https://github.com/GUI/nginx-upstream-dynamic-servers/issues/39,targeted
GitHub,statement,asker,POOL,Pools/arenas,D4,Deallocation,"Is the pointer valid to free right now (initialized, not already freed, not dangling)?",https://github.com/GUI/nginx-upstream-dynamic-servers/issues/39,https://github.com/GUI/nginx-upstream-dynamic-servers/issues/39,targeted
GitHub,statement,asker,INFO,CWE-200 info leak,A1,Allocation,"Is this memory on the heap at all (vs. stack, static, string literal)?",https://github.com/libsndfile/libsndfile/issues/1169,https://github.com/libsndfile/libsndfile/issues/1169,targeted
GitHub,statement,asker,UNI,CWE-457/908 uninitialised,R3,Report interpretation,"Is the report caused by my code, or by a library, runtime, or the tool itself?",https://github.com/madolson/valkey-agents/issues/29,https://github.com/madolson/valkey-agents/issues/29,targeted
GitHub,statement,responder,UNI,CWE-457/908 uninitialised,R2,Report interpretation,"What does the tool's report category or runtime error mean (definitely/indirectly/possibly lost, still reachable, suppressed, invalid pointer)?",https://github.com/madolson/valkey-agents/issues/29,https://github.com/madolson/valkey-agents/issues/29#issuecomment-5779871031,targeted
GitHub,statement,asker,UNI,CWE-457/908 uninitialised,R2,Report interpretation,"What does the tool's report category or runtime error mean (definitely/indirectly/possibly lost, still reachable, suppressed, invalid pointer)?",https://github.com/documentdb/documentdb/issues/369,https://github.com/documentdb/documentdb/issues/369,targeted
GitHub,statement,responder,UNI,CWE-457/908 uninitialised,R2,Report interpretation,"What does the tool's report category or runtime error mean (definitely/indirectly/possibly lost, still reachable, suppressed, invalid pointer)?",https://github.com/documentdb/documentdb/issues/369,https://github.com/documentdb/documentdb/issues/369#issuecomment-4340035973,targeted
GitHub,statement,asker,UNI,CWE-457/908 uninitialised,R4,Report interpretation,Where was the block allocated / where does the leak or bad free originate?,https://github.com/OpenVisualCloud/SVT-VP9/issues/122,https://github.com/OpenVisualCloud/SVT-VP9/issues/122,targeted
GitHub,statement,responder,UNI,CWE-457/908 uninitialised,R2,Report interpretation,"What does the tool's report category or runtime error mean (definitely/indirectly/possibly lost, still reachable, suppressed, invalid pointer)?",https://github.com/Kray-G/kinx/issues/159,https://github.com/Kray-G/kinx/issues/159#issuecomment-766085612,targeted
GitHub,statement,responder,UNI,CWE-457/908 uninitialised,R5,Report interpretation,"How do I detect, configure, or suppress this with the tool?",https://github.com/Kray-G/kinx/issues/159,https://github.com/Kray-G/kinx/issues/159#issuecomment-766085612,targeted
GitHub,statement,asker,UNI,CWE-457/908 uninitialised,R5,Report interpretation,"How do I detect, configure, or suppress this with the tool?",https://github.com/rizinorg/rizin/issues/5509,https://github.com/rizinorg/rizin/issues/5509#issuecomment-3507474751,targeted
GitHub,statement,asker,UNI,CWE-457/908 uninitialised,R2,Report interpretation,"What does the tool's report category or runtime error mean (definitely/indirectly/possibly lost, still reachable, suppressed, invalid pointer)?",https://github.com/awmc000/readability/issues/1,https://github.com/awmc000/readability/issues/1,targeted
GitHub,statement,asker,UNI,CWE-457/908 uninitialised,N1,Composite cleanup,"Are nested sub-allocations released (struct members, list nodes, 2-D arrays) before/with the parent?",https://github.com/awmc000/readability/issues/1,https://github.com/awmc000/readability/issues/1#issuecomment-1693628690,targeted
GitHub,statement,asker,UNI,CWE-457/908 uninitialised,R2,Report interpretation,"What does the tool's report category or runtime error mean (definitely/indirectly/possibly lost, still reachable, suppressed, invalid pointer)?",https://github.com/awmc000/readability/issues/1,https://github.com/awmc000/readability/issues/1#issuecomment-1693760369,targeted
