item_id,source,form,role,maintainer,dq_code,dq_dimension,dq_question,thread_url,post_permalink,thread_cwe_signatures
so:0,Stack Overflow,question,asker,,R2,Report interpretation,"What does the tool's report category or runtime error mean (definitely/indirectly/possibly lost, still reachable, suppressed, invalid pointer)?",https://stackoverflow.com/questions/25988153/definitely-lost-memory-leak-in-c-program,https://stackoverflow.com/questions/25988153/definitely-lost-memory-leak-in-c-program,CWE-459;CWE-401
so:0,Stack Overflow,question,asker,,V1,Report interpretation,"Is the suspected leak/invalid free real, or a false positive / benign report?",https://stackoverflow.com/questions/25988153/definitely-lost-memory-leak-in-c-program,https://stackoverflow.com/questions/25988153/definitely-lost-memory-leak-in-c-program,CWE-459;CWE-401
so:1,Stack Overflow,question,asker,,L1,Lifetime,"Must the memory be freed before program exit, or is exit-time retention acceptable?",https://stackoverflow.com/questions/25988153/definitely-lost-memory-leak-in-c-program,https://stackoverflow.com/questions/25988153/definitely-lost-memory-leak-in-c-program,CWE-459;CWE-401
so:2,Stack Overflow,question,asker,,R2,Report interpretation,"What does the tool's report category or runtime error mean (definitely/indirectly/possibly lost, still reachable, suppressed, invalid pointer)?",https://stackoverflow.com/questions/31061326/why-valgrind-report-my-memory-as-definitely-lost,https://stackoverflow.com/questions/31061326/why-valgrind-report-my-memory-as-definitely-lost,CWE-459;CWE-401
so:3,Stack Overflow,question,asker,,R2,Report interpretation,"What does the tool's report category or runtime error mean (definitely/indirectly/possibly lost, still reachable, suppressed, invalid pointer)?",https://stackoverflow.com/questions/31061326/why-valgrind-report-my-memory-as-definitely-lost,https://stackoverflow.com/questions/31061326/why-valgrind-report-my-memory-as-definitely-lost,CWE-459;CWE-401
so:4,Stack Overflow,question,asker,,R5,Report interpretation,"How do I detect, configure, or suppress this with the tool?",https://stackoverflow.com/questions/31061326/why-valgrind-report-my-memory-as-definitely-lost,https://stackoverflow.com/questions/31061326/why-valgrind-report-my-memory-as-definitely-lost,CWE-459;CWE-401
so:5,Stack Overflow,question,asker,,R4,Report interpretation,Where was the block allocated / where does the leak or bad free originate?,https://stackoverflow.com/questions/51875536/how-to-let-valgrind-to-report-where-a-definitely-lost-happens,https://stackoverflow.com/questions/51875536/how-to-let-valgrind-to-report-where-a-definitely-lost-happens,CWE-459;CWE-401
so:6,Stack Overflow,question,asker,,R5,Report interpretation,"How do I detect, configure, or suppress this with the tool?",https://stackoverflow.com/questions/10332561/valgrind-memcheck-tool-didnot-detect-memory-leak,https://stackoverflow.com/questions/10332561/valgrind-memcheck-tool-didnot-detect-memory-leak,CWE-401
so:7,Stack Overflow,question,asker,,V1,Report interpretation,"Is the suspected leak/invalid free real, or a false positive / benign report?",https://stackoverflow.com/questions/56057004/valgrind-shows-definitely-lost-bytes-but-should-be-free,https://stackoverflow.com/questions/56057004/valgrind-shows-definitely-lost-bytes-but-should-be-free,CWE-459;CWE-401
so:8,Stack Overflow,question,asker,,R2,Report interpretation,"What does the tool's report category or runtime error mean (definitely/indirectly/possibly lost, still reachable, suppressed, invalid pointer)?",https://stackoverflow.com/questions/33178242/valgrind-and-pragma-pack2,https://stackoverflow.com/questions/33178242/valgrind-and-pragma-pack2,CWE-459;CWE-401
so:11,Stack Overflow,question,asker,,R2,Report interpretation,"What does the tool's report category or runtime error mean (definitely/indirectly/possibly lost, still reachable, suppressed, invalid pointer)?",https://stackoverflow.com/questions/8657337/what-do-the-suppressed-leaks-mean-in-valgrind,https://stackoverflow.com/questions/8657337/what-do-the-suppressed-leaks-mean-in-valgrind,CWE-459;CWE-401
so:12,Stack Overflow,question,asker,,R2,Report interpretation,"What does the tool's report category or runtime error mean (definitely/indirectly/possibly lost, still reachable, suppressed, invalid pointer)?",https://stackoverflow.com/questions/7886176/memory-not-freed-but-still-reachable-is-it-leaking,https://stackoverflow.com/questions/7886176/memory-not-freed-but-still-reachable-is-it-leaking,CWE-459;CWE-401
so:12,Stack Overflow,question,asker,,V1,Report interpretation,"Is the suspected leak/invalid free real, or a false positive / benign report?",https://stackoverflow.com/questions/7886176/memory-not-freed-but-still-reachable-is-it-leaking,https://stackoverflow.com/questions/7886176/memory-not-freed-but-still-reachable-is-it-leaking,CWE-459;CWE-401
so:13,Stack Overflow,question,asker,,D1,Deallocation,"Is there a matching release for this allocation, and where should it go?",https://stackoverflow.com/questions/7886176/memory-not-freed-but-still-reachable-is-it-leaking,https://stackoverflow.com/questions/7886176/memory-not-freed-but-still-reachable-is-it-leaking,CWE-459;CWE-401
so:14,Stack Overflow,question,asker,,R2,Report interpretation,"What does the tool's report category or runtime error mean (definitely/indirectly/possibly lost, still reachable, suppressed, invalid pointer)?",https://stackoverflow.com/questions/11738938/valgrind-legitimate-possibly-lost-bytes-example,https://stackoverflow.com/questions/11738938/valgrind-legitimate-possibly-lost-bytes-example,CWE-459;CWE-401
so:15,Stack Overflow,question,asker,,V1,Report interpretation,"Is the suspected leak/invalid free real, or a false positive / benign report?",https://stackoverflow.com/questions/14025613/is-getnameinfo-memory-leaking-confirmed,https://stackoverflow.com/questions/14025613/is-getnameinfo-memory-leaking-confirmed,CWE-459;CWE-401
so:15,Stack Overflow,question,asker,,R3,Report interpretation,"Is the report caused by my code, or by a library, runtime, or the tool itself?",https://stackoverflow.com/questions/14025613/is-getnameinfo-memory-leaking-confirmed,https://stackoverflow.com/questions/14025613/is-getnameinfo-memory-leaking-confirmed,CWE-459;CWE-401
so:16,Stack Overflow,question,asker,,R3,Report interpretation,"Is the report caused by my code, or by a library, runtime, or the tool itself?",https://stackoverflow.com/questions/43869559/openmp-has-definitely-lost-memory-leak-from-valgrind,https://stackoverflow.com/questions/43869559/openmp-has-definitely-lost-memory-leak-from-valgrind,CWE-401
so:17,Stack Overflow,question,asker,,R3,Report interpretation,"Is the report caused by my code, or by a library, runtime, or the tool itself?",https://stackoverflow.com/questions/43869559/openmp-has-definitely-lost-memory-leak-from-valgrind,https://stackoverflow.com/questions/43869559/openmp-has-definitely-lost-memory-leak-from-valgrind,CWE-401
so:18,Stack Overflow,question,asker,,R3,Report interpretation,"Is the report caused by my code, or by a library, runtime, or the tool itself?",https://stackoverflow.com/questions/22670130/confusing-output-from-valgrind-shows-indirectly-lost-memory-leaks-but-no-definit,https://stackoverflow.com/questions/22670130/confusing-output-from-valgrind-shows-indirectly-lost-memory-leaks-but-no-definit,CWE-459;CWE-401
so:19,Stack Overflow,question,asker,,R3,Report interpretation,"Is the report caused by my code, or by a library, runtime, or the tool itself?",https://stackoverflow.com/questions/66364507/valgrind-false-memory-leak-for-a-pointer-stored-in-a-static-stdlist,https://stackoverflow.com/questions/66364507/valgrind-false-memory-leak-for-a-pointer-stored-in-a-static-stdlist,CWE-459;CWE-401
so:20,Stack Overflow,question,asker,,G,Non-diagnostic,Generic: why does this leak/crash? (no specific evidence asked),https://stackoverflow.com/questions/17357035/memory-leak-despite-using-unique-ptr,https://stackoverflow.com/questions/17357035/memory-leak-despite-using-unique-ptr,CWE-401
so:21,Stack Overflow,question,asker,,R2,Report interpretation,"What does the tool's report category or runtime error mean (definitely/indirectly/possibly lost, still reachable, suppressed, invalid pointer)?",https://stackoverflow.com/questions/24201561/valgrind-memory-leak-log,https://stackoverflow.com/questions/24201561/valgrind-memory-leak-log,CWE-401
so:22,Stack Overflow,question,asker,,R2,Report interpretation,"What does the tool's report category or runtime error mean (definitely/indirectly/possibly lost, still reachable, suppressed, invalid pointer)?",https://stackoverflow.com/questions/24201561/valgrind-memory-leak-log,https://stackoverflow.com/questions/24201561/valgrind-memory-leak-log,CWE-401
so:23,Stack Overflow,question,asker,,G,Non-diagnostic,Generic: why does this leak/crash? (no specific evidence asked),https://stackoverflow.com/questions/34841678/memory-leak-cin-to-float-on-osx,https://stackoverflow.com/questions/34841678/memory-leak-cin-to-float-on-osx,CWE-459;CWE-401
so:24,Stack Overflow,question,asker,,R2,Report interpretation,"What does the tool's report category or runtime error mean (definitely/indirectly/possibly lost, still reachable, suppressed, invalid pointer)?",https://stackoverflow.com/questions/14952637/valgrind-conditional-jump-or-move-depends-on-uninitialised-values-does-this,https://stackoverflow.com/questions/14952637/valgrind-conditional-jump-or-move-depends-on-uninitialised-values-does-this,CWE-401
so:25,Stack Overflow,question,asker,,V1,Report interpretation,"Is the suspected leak/invalid free real, or a false positive / benign report?",https://stackoverflow.com/questions/14952637/valgrind-conditional-jump-or-move-depends-on-uninitialised-values-does-this,https://stackoverflow.com/questions/14952637/valgrind-conditional-jump-or-move-depends-on-uninitialised-values-does-this,CWE-401
so:26,Stack Overflow,question,asker,,V1,Report interpretation,"Is the suspected leak/invalid free real, or a false positive / benign report?",https://stackoverflow.com/questions/10750299/if-i-specify-a-default-value-for-an-argument-of-type-stdstring-in-c-cou,https://stackoverflow.com/questions/10750299/if-i-specify-a-default-value-for-an-argument-of-type-stdstring-in-c-cou,CWE-401
so:27,Stack Overflow,question,asker,,R2,Report interpretation,"What does the tool's report category or runtime error mean (definitely/indirectly/possibly lost, still reachable, suppressed, invalid pointer)?",https://stackoverflow.com/questions/10750299/if-i-specify-a-default-value-for-an-argument-of-type-stdstring-in-c-cou,https://stackoverflow.com/questions/10750299/if-i-specify-a-default-value-for-an-argument-of-type-stdstring-in-c-cou,CWE-401
so:28,Stack Overflow,question,asker,,V1,Report interpretation,"Is the suspected leak/invalid free real, or a false positive / benign report?",https://stackoverflow.com/questions/10750299/if-i-specify-a-default-value-for-an-argument-of-type-stdstring-in-c-cou,https://stackoverflow.com/questions/10750299/if-i-specify-a-default-value-for-an-argument-of-type-stdstring-in-c-cou,CWE-401
so:29,Stack Overflow,question,asker,,R3,Report interpretation,"Is the report caused by my code, or by a library, runtime, or the tool itself?",https://stackoverflow.com/questions/1997171/why-does-valgrind-say-basic-sdl-program-is-leaking-memory,https://stackoverflow.com/questions/1997171/why-does-valgrind-say-basic-sdl-program-is-leaking-memory,CWE-459;CWE-401
so:30,Stack Overflow,question,asker,,R3,Report interpretation,"Is the report caused by my code, or by a library, runtime, or the tool itself?",https://stackoverflow.com/questions/1997171/why-does-valgrind-say-basic-sdl-program-is-leaking-memory,https://stackoverflow.com/questions/1997171/why-does-valgrind-say-basic-sdl-program-is-leaking-memory,CWE-459;CWE-401
so:32,Stack Overflow,question,asker,,R4,Report interpretation,Where was the block allocated / where does the leak or bad free originate?,https://stackoverflow.com/questions/15831029/not-using-stdstring-in-exceptions,https://stackoverflow.com/questions/15831029/not-using-stdstring-in-exceptions,CWE-762;CWE-789;CWE-459;CWE-401
so:33,Stack Overflow,question,asker,,R2,Report interpretation,"What does the tool's report category or runtime error mean (definitely/indirectly/possibly lost, still reachable, suppressed, invalid pointer)?",https://stackoverflow.com/questions/13490718/track-memory-usage-in-c-and-evaluate-memory-consumption,https://stackoverflow.com/questions/13490718/track-memory-usage-in-c-and-evaluate-memory-consumption,CWE-401
so:34,Stack Overflow,question,asker,,R2,Report interpretation,"What does the tool's report category or runtime error mean (definitely/indirectly/possibly lost, still reachable, suppressed, invalid pointer)?",https://stackoverflow.com/questions/6973489/valgrind-and-openmp-still-reachable-and-possibly-lost-is-that-bad,https://stackoverflow.com/questions/6973489/valgrind-and-openmp-still-reachable-and-possibly-lost-is-that-bad,CWE-401
so:34,Stack Overflow,question,asker,,R3,Report interpretation,"Is the report caused by my code, or by a library, runtime, or the tool itself?",https://stackoverflow.com/questions/6973489/valgrind-and-openmp-still-reachable-and-possibly-lost-is-that-bad,https://stackoverflow.com/questions/6973489/valgrind-and-openmp-still-reachable-and-possibly-lost-is-that-bad,CWE-401
so:35,Stack Overflow,question,asker,,R3,Report interpretation,"Is the report caused by my code, or by a library, runtime, or the tool itself?",https://stackoverflow.com/questions/6973489/valgrind-and-openmp-still-reachable-and-possibly-lost-is-that-bad,https://stackoverflow.com/questions/6973489/valgrind-and-openmp-still-reachable-and-possibly-lost-is-that-bad,CWE-401
so:36,Stack Overflow,question,asker,,R3,Report interpretation,"Is the report caused by my code, or by a library, runtime, or the tool itself?",https://stackoverflow.com/questions/14073483/how-to-make-qt-gui-apps-in-c-without-memory-leaks,https://stackoverflow.com/questions/14073483/how-to-make-qt-gui-apps-in-c-without-memory-leaks,CWE-401
so:37,Stack Overflow,question,asker,,L3,Lifetime,"Does memory keep growing with repetitions (retained longer than needed, unbounded growth)?",https://stackoverflow.com/questions/45538993/why-dont-memory-allocators-actively-return-freed-memory-to-the-os,https://stackoverflow.com/questions/45538993/why-dont-memory-allocators-actively-return-freed-memory-to-the-os,CWE-459;CWE-401
so:39,Stack Overflow,question,asker,,L1,Lifetime,"Must the memory be freed before program exit, or is exit-time retention acceptable?",https://stackoverflow.com/questions/45538993/why-dont-memory-allocators-actively-return-freed-memory-to-the-os,https://stackoverflow.com/questions/45538993/why-dont-memory-allocators-actively-return-freed-memory-to-the-os,CWE-459;CWE-401
so:40,Stack Overflow,question,asker,,P,Non-diagnostic,Prevention / best-practice advice,https://stackoverflow.com/questions/31091276/how-to-avoid-malloc-in-this-recursive-function,https://stackoverflow.com/questions/31091276/how-to-avoid-malloc-in-this-recursive-function,CWE-401
so:41,Stack Overflow,question,asker,,O1,Ownership,Who is responsible for releasing this memory (caller vs. callee contract)?,https://stackoverflow.com/questions/31091276/how-to-avoid-malloc-in-this-recursive-function,https://stackoverflow.com/questions/31091276/how-to-avoid-malloc-in-this-recursive-function,CWE-401
so:42,Stack Overflow,question,asker,,O2,Ownership,"Was ownership transferred (to a container, smart pointer, library, or object), so someone else releases it?",https://stackoverflow.com/questions/8708758/can-i-force-a-numpy-ndarray-to-take-ownership-of-its-memory,https://stackoverflow.com/questions/8708758/can-i-force-a-numpy-ndarray-to-take-ownership-of-its-memory,CWE-401
so:43,Stack Overflow,question,asker,,R5,Report interpretation,"How do I detect, configure, or suppress this with the tool?",https://stackoverflow.com/questions/78170333/clang-leaksanitizer-memory-leak-detection-with-optimized-code,https://stackoverflow.com/questions/78170333/clang-leaksanitizer-memory-leak-detection-with-optimized-code,CWE-401
so:44,Stack Overflow,question,asker,,G,Non-diagnostic,Generic: why does this leak/crash? (no specific evidence asked),https://stackoverflow.com/questions/76031197/why-does-this-function-cause-memory-leaks,https://stackoverflow.com/questions/76031197/why-does-this-function-cause-memory-leaks,CWE-401
so:45,Stack Overflow,question,asker,,X1,Cross-module,"Are allocation and release done by the same module/runtime heap (DLL, CRT, FFI boundary)?",https://stackoverflow.com/questions/61320241/sanitizer-leak-is-not-detected-when-golang-using-cgo-to-call-c-library,https://stackoverflow.com/questions/61320241/sanitizer-leak-is-not-detected-when-golang-using-cgo-to-call-c-library,CWE-401
so:46,Stack Overflow,question,asker,,R5,Report interpretation,"How do I detect, configure, or suppress this with the tool?",https://stackoverflow.com/questions/31273016/how-can-i-know-if-leak-sanitizer-is-enabled-at-compile-time,https://stackoverflow.com/questions/31273016/how-can-i-know-if-leak-sanitizer-is-enabled-at-compile-time,CWE-401
so:47,Stack Overflow,question,asker,,R5,Report interpretation,"How do I detect, configure, or suppress this with the tool?",https://stackoverflow.com/questions/31273016/how-can-i-know-if-leak-sanitizer-is-enabled-at-compile-time,https://stackoverflow.com/questions/31273016/how-can-i-know-if-leak-sanitizer-is-enabled-at-compile-time,CWE-401
so:48,Stack Overflow,question,asker,,L1,Lifetime,"Must the memory be freed before program exit, or is exit-time retention acceptable?",https://stackoverflow.com/questions/73797568/rust-library-returned-box-object-is-automatically-freed-in-c-edit-not-freed,https://stackoverflow.com/questions/73797568/rust-library-returned-box-object-is-automatically-freed-in-c-edit-not-freed,CWE-401
so:50,Stack Overflow,question,asker,,R3,Report interpretation,"Is the report caused by my code, or by a library, runtime, or the tool itself?",https://stackoverflow.com/questions/79998945/leaks-in-papi-event-name-to-code-when-called-concurrently-from-multiple-thread,https://stackoverflow.com/questions/79998945/leaks-in-papi-event-name-to-code-when-called-concurrently-from-multiple-thread,CWE-401
so:51,Stack Overflow,question,asker,,R2,Report interpretation,"What does the tool's report category or runtime error mean (definitely/indirectly/possibly lost, still reachable, suppressed, invalid pointer)?",https://stackoverflow.com/questions/79350384/why-clangs-sanitizer-doesnt-report-memory-leaks-for-global-scope-variables,https://stackoverflow.com/questions/79350384/why-clangs-sanitizer-doesnt-report-memory-leaks-for-global-scope-variables,CWE-401
so:52,Stack Overflow,question,asker,,L1,Lifetime,"Must the memory be freed before program exit, or is exit-time retention acceptable?",https://stackoverflow.com/questions/79350384/why-clangs-sanitizer-doesnt-report-memory-leaks-for-global-scope-variables,https://stackoverflow.com/questions/79350384/why-clangs-sanitizer-doesnt-report-memory-leaks-for-global-scope-variables,CWE-401
so:53,Stack Overflow,question,asker,,L1,Lifetime,"Must the memory be freed before program exit, or is exit-time retention acceptable?",https://stackoverflow.com/questions/79350384/why-clangs-sanitizer-doesnt-report-memory-leaks-for-global-scope-variables,https://stackoverflow.com/questions/79350384/why-clangs-sanitizer-doesnt-report-memory-leaks-for-global-scope-variables,CWE-401
so:54,Stack Overflow,question,asker,,R5,Report interpretation,"How do I detect, configure, or suppress this with the tool?",https://stackoverflow.com/questions/79350384/why-clangs-sanitizer-doesnt-report-memory-leaks-for-global-scope-variables,https://stackoverflow.com/questions/79350384/why-clangs-sanitizer-doesnt-report-memory-leaks-for-global-scope-variables,CWE-401
so:55,Stack Overflow,question,asker,,R3,Report interpretation,"Is the report caused by my code, or by a library, runtime, or the tool itself?",https://stackoverflow.com/questions/66075705/suppress-indirect-leaks-caused-by-third-party-libraries,https://stackoverflow.com/questions/66075705/suppress-indirect-leaks-caused-by-third-party-libraries,CWE-459;CWE-401
so:56,Stack Overflow,question,asker,,R4,Report interpretation,Where was the block allocated / where does the leak or bad free originate?,https://stackoverflow.com/questions/53404321/where-does-this-memory-leak-come-from,https://stackoverflow.com/questions/53404321/where-does-this-memory-leak-come-from,CWE-401
so:57,Stack Overflow,question,asker,,G,Non-diagnostic,Generic: why does this leak/crash? (no specific evidence asked),https://stackoverflow.com/questions/53404321/where-does-this-memory-leak-come-from,https://stackoverflow.com/questions/53404321/where-does-this-memory-leak-come-from,CWE-401
so:58,Stack Overflow,question,asker,,P,Non-diagnostic,Prevention / best-practice advice,https://stackoverflow.com/questions/55398804/exception-in-constructor-and-memory-leaks,https://stackoverflow.com/questions/55398804/exception-in-constructor-and-memory-leaks,CWE-401
so:59,Stack Overflow,question,asker,,V1,Report interpretation,"Is the suspected leak/invalid free real, or a false positive / benign report?",https://stackoverflow.com/questions/55398804/exception-in-constructor-and-memory-leaks,https://stackoverflow.com/questions/55398804/exception-in-constructor-and-memory-leaks,CWE-401
so:60,Stack Overflow,question,asker,,R5,Report interpretation,"How do I detect, configure, or suppress this with the tool?",https://stackoverflow.com/questions/55398804/exception-in-constructor-and-memory-leaks,https://stackoverflow.com/questions/55398804/exception-in-constructor-and-memory-leaks,CWE-401
so:61,Stack Overflow,question,asker,,V1,Report interpretation,"Is the suspected leak/invalid free real, or a false positive / benign report?",https://stackoverflow.com/questions/55398804/exception-in-constructor-and-memory-leaks,https://stackoverflow.com/questions/55398804/exception-in-constructor-and-memory-leaks,CWE-401
so:62,Stack Overflow,question,asker,,P,Non-diagnostic,Prevention / best-practice advice,https://stackoverflow.com/questions/76108611/memory-leak-in-move-constructor,https://stackoverflow.com/questions/76108611/memory-leak-in-move-constructor,CWE-459;CWE-401
so:63,Stack Overflow,question,asker,,R3,Report interpretation,"Is the report caused by my code, or by a library, runtime, or the tool itself?",https://stackoverflow.com/questions/70678060/vulkan-physical-device-selection-causes-memory-leaks,https://stackoverflow.com/questions/70678060/vulkan-physical-device-selection-causes-memory-leaks,CWE-401
so:64,Stack Overflow,question,asker,,G,Non-diagnostic,Generic: why does this leak/crash? (no specific evidence asked),https://stackoverflow.com/questions/70678060/vulkan-physical-device-selection-causes-memory-leaks,https://stackoverflow.com/questions/70678060/vulkan-physical-device-selection-causes-memory-leaks,CWE-401
so:65,Stack Overflow,question,asker,,R5,Report interpretation,"How do I detect, configure, or suppress this with the tool?",https://stackoverflow.com/questions/30374655/using-address-sanitizer-with-opencv,https://stackoverflow.com/questions/30374655/using-address-sanitizer-with-opencv,CWE-789;CWE-401
so:66,Stack Overflow,question,asker,,C1,Control flow,"Is the memory released on every path: error handling, early return, exceptions, longjmp?",https://stackoverflow.com/questions/59306779/memory-leak-during-unordered-mapinsert-keyequal-exception-with-gcc-breaking,https://stackoverflow.com/questions/59306779/memory-leak-during-unordered-mapinsert-keyequal-exception-with-gcc-breaking,CWE-459;CWE-401
so:67,Stack Overflow,question,asker,,C1,Control flow,"Is the memory released on every path: error handling, early return, exceptions, longjmp?",https://stackoverflow.com/questions/59306779/memory-leak-during-unordered-mapinsert-keyequal-exception-with-gcc-breaking,https://stackoverflow.com/questions/59306779/memory-leak-during-unordered-mapinsert-keyequal-exception-with-gcc-breaking,CWE-459;CWE-401
so:68,Stack Overflow,question,asker,,R5,Report interpretation,"How do I detect, configure, or suppress this with the tool?",https://stackoverflow.com/questions/57749945/leaksanitizer-and-leaky-libraries,https://stackoverflow.com/questions/57749945/leaksanitizer-and-leaky-libraries,CWE-401
so:69,Stack Overflow,question,asker,,R2,Report interpretation,"What does the tool's report category or runtime error mean (definitely/indirectly/possibly lost, still reachable, suppressed, invalid pointer)?",https://stackoverflow.com/questions/66406763/c-coroutine-leaking-memory-and-frame,https://stackoverflow.com/questions/66406763/c-coroutine-leaking-memory-and-frame,CWE-459;CWE-401
so:70,Stack Overflow,question,asker,,G,Non-diagnostic,Generic: why does this leak/crash? (no specific evidence asked),https://stackoverflow.com/questions/66406763/c-coroutine-leaking-memory-and-frame,https://stackoverflow.com/questions/66406763/c-coroutine-leaking-memory-and-frame,CWE-459;CWE-401
so:71,Stack Overflow,question,asker,,R3,Report interpretation,"Is the report caused by my code, or by a library, runtime, or the tool itself?",https://stackoverflow.com/questions/75716112/does-qt-leak-memory,https://stackoverflow.com/questions/75716112/does-qt-leak-memory,CWE-459;CWE-401
so:72,Stack Overflow,question,asker,,R4,Report interpretation,Where was the block allocated / where does the leak or bad free originate?,https://stackoverflow.com/questions/46575977/how-to-find-reason-of-memory-leak-with-leak-sanitizer,https://stackoverflow.com/questions/46575977/how-to-find-reason-of-memory-leak-with-leak-sanitizer,CWE-401
so:73,Stack Overflow,question,asker,,R4,Report interpretation,Where was the block allocated / where does the leak or bad free originate?,https://stackoverflow.com/questions/44627258/addresssanitizer-and-loading-of-dynamic-libraries-at-runtime-unknown-module,https://stackoverflow.com/questions/44627258/addresssanitizer-and-loading-of-dynamic-libraries-at-runtime-unknown-module,CWE-401
so:74,Stack Overflow,question,asker,,C2,Control flow,"Is the old block released on each loop iteration / reallocation (realloc failure, reassignment in a loop)?",https://stackoverflow.com/questions/20401823/memory-leak-realloc-function,https://stackoverflow.com/questions/20401823/memory-leak-realloc-function,CWE-401
so:75,Stack Overflow,question,asker,,R2,Report interpretation,"What does the tool's report category or runtime error mean (definitely/indirectly/possibly lost, still reachable, suppressed, invalid pointer)?",https://stackoverflow.com/questions/52479755/valgrind-memory-leak-during-realloc,https://stackoverflow.com/questions/52479755/valgrind-memory-leak-during-realloc,CWE-401
so:76,Stack Overflow,question,asker,,R2,Report interpretation,"What does the tool's report category or runtime error mean (definitely/indirectly/possibly lost, still reachable, suppressed, invalid pointer)?",https://stackoverflow.com/questions/52479755/valgrind-memory-leak-during-realloc,https://stackoverflow.com/questions/52479755/valgrind-memory-leak-during-realloc,CWE-401
so:77,Stack Overflow,question,asker,,D1,Deallocation,"Is there a matching release for this allocation, and where should it go?",https://stackoverflow.com/questions/28915036/realloc-strange-memory-leak,https://stackoverflow.com/questions/28915036/realloc-strange-memory-leak,CWE-401
so:78,Stack Overflow,question,asker,,C2,Control flow,"Is the old block released on each loop iteration / reallocation (realloc failure, reassignment in a loop)?",https://stackoverflow.com/questions/58189961/why-doesnt-valgrind-detect-this-possible-memory-leak-due-to-realloc,https://stackoverflow.com/questions/58189961/why-doesnt-valgrind-detect-this-possible-memory-leak-due-to-realloc,CWE-401
so:79,Stack Overflow,question,asker,,C2,Control flow,"Is the old block released on each loop iteration / reallocation (realloc failure, reassignment in a loop)?",https://stackoverflow.com/questions/58189961/why-doesnt-valgrind-detect-this-possible-memory-leak-due-to-realloc,https://stackoverflow.com/questions/58189961/why-doesnt-valgrind-detect-this-possible-memory-leak-due-to-realloc,CWE-401
so:80,Stack Overflow,question,asker,,D1,Deallocation,"Is there a matching release for this allocation, and where should it go?",https://stackoverflow.com/questions/27589846/dynamic-arrays-using-realloc-without-memory-leaks,https://stackoverflow.com/questions/27589846/dynamic-arrays-using-realloc-without-memory-leaks,CWE-401
so:81,Stack Overflow,question,asker,,C2,Control flow,"Is the old block released on each loop iteration / reallocation (realloc failure, reassignment in a loop)?",https://stackoverflow.com/questions/4548385/realloc-leaking-memory,https://stackoverflow.com/questions/4548385/realloc-leaking-memory,CWE-459;CWE-401
so:82,Stack Overflow,question,asker,,C2,Control flow,"Is the old block released on each loop iteration / reallocation (realloc failure, reassignment in a loop)?",https://stackoverflow.com/questions/7078019/using-realloc-to-shrink-the-allocated-memory,https://stackoverflow.com/questions/7078019/using-realloc-to-shrink-the-allocated-memory,CWE-401
so:83,Stack Overflow,question,asker,,C2,Control flow,"Is the old block released on each loop iteration / reallocation (realloc failure, reassignment in a loop)?",https://stackoverflow.com/questions/7078019/using-realloc-to-shrink-the-allocated-memory,https://stackoverflow.com/questions/7078019/using-realloc-to-shrink-the-allocated-memory,CWE-401
so:84,Stack Overflow,question,asker,,V1,Report interpretation,"Is the suspected leak/invalid free real, or a false positive / benign report?",https://stackoverflow.com/questions/7078019/using-realloc-to-shrink-the-allocated-memory,https://stackoverflow.com/questions/7078019/using-realloc-to-shrink-the-allocated-memory,CWE-401
so:85,Stack Overflow,question,asker,,L1,Lifetime,"Must the memory be freed before program exit, or is exit-time retention acceptable?",https://stackoverflow.com/questions/3317207/should-i-free-allocated-memory-on-abnormal-termination,https://stackoverflow.com/questions/3317207/should-i-free-allocated-memory-on-abnormal-termination,CWE-763;CWE-401
so:86,Stack Overflow,question,asker,,L1,Lifetime,"Must the memory be freed before program exit, or is exit-time retention acceptable?",https://stackoverflow.com/questions/3317207/should-i-free-allocated-memory-on-abnormal-termination,https://stackoverflow.com/questions/3317207/should-i-free-allocated-memory-on-abnormal-termination,CWE-763;CWE-401
so:88,Stack Overflow,question,asker,,R3,Report interpretation,"Is the report caused by my code, or by a library, runtime, or the tool itself?",https://stackoverflow.com/questions/40975450/using-fgetws-after-setting-a-utf-8-locale,https://stackoverflow.com/questions/40975450/using-fgetws-after-setting-a-utf-8-locale,CWE-459;CWE-401
so:89,Stack Overflow,question,asker,,D1,Deallocation,"Is there a matching release for this allocation, and where should it go?",https://stackoverflow.com/questions/1611756/memory-management-and-realloc,https://stackoverflow.com/questions/1611756/memory-management-and-realloc,CWE-401
so:92,Stack Overflow,question,asker,,E1,Escape / aliasing,Was the last reference overwritten or lost before release?,https://stackoverflow.com/questions/21000218/strdup-memory-leak-even-after-free,https://stackoverflow.com/questions/21000218/strdup-memory-leak-even-after-free,CWE-401
so:94,Stack Overflow,question,asker,,A2,Allocation,Does this function/API allocate what it returns (must the caller free it)?,https://stackoverflow.com/questions/5873029/questions-about-putenv-and-setenv,https://stackoverflow.com/questions/5873029/questions-about-putenv-and-setenv,CWE-401
so:95,Stack Overflow,question,asker,,E1,Escape / aliasing,Was the last reference overwritten or lost before release?,https://stackoverflow.com/questions/63930204/is-file-reassignment-without-fclose-okay,https://stackoverflow.com/questions/63930204/is-file-reassignment-without-fclose-okay,CWE-401
so:96,Stack Overflow,question,asker,,V1,Report interpretation,"Is the suspected leak/invalid free real, or a false positive / benign report?",https://stackoverflow.com/questions/63930204/is-file-reassignment-without-fclose-okay,https://stackoverflow.com/questions/63930204/is-file-reassignment-without-fclose-okay,CWE-401
so:98,Stack Overflow,question,asker,,G,Non-diagnostic,Generic: why does this leak/crash? (no specific evidence asked),https://stackoverflow.com/questions/24865899/c-program-performance-depreciation-after-multiple-runs,https://stackoverflow.com/questions/24865899/c-program-performance-depreciation-after-multiple-runs,CWE-401
so:100,Stack Overflow,question,asker,,C1,Control flow,"Is the memory released on every path: error handling, early return, exceptions, longjmp?",https://stackoverflow.com/questions/25962716/constructor-finishes-by-throwing-an-exception-is-there-a-memory-leak,https://stackoverflow.com/questions/25962716/constructor-finishes-by-throwing-an-exception-is-there-a-memory-leak,CWE-459;CWE-401
so:101,Stack Overflow,question,asker,,C1,Control flow,"Is the memory released on every path: error handling, early return, exceptions, longjmp?",https://stackoverflow.com/questions/5776218/dynamic-allocated-linked-list-in-c-what-to-do-after-exception-to-prevent-memor,https://stackoverflow.com/questions/5776218/dynamic-allocated-linked-list-in-c-what-to-do-after-exception-to-prevent-memor,CWE-762;CWE-459;CWE-401
so:102,Stack Overflow,question,asker,,C1,Control flow,"Is the memory released on every path: error handling, early return, exceptions, longjmp?",https://stackoverflow.com/questions/5776218/dynamic-allocated-linked-list-in-c-what-to-do-after-exception-to-prevent-memor,https://stackoverflow.com/questions/5776218/dynamic-allocated-linked-list-in-c-what-to-do-after-exception-to-prevent-memor,CWE-762;CWE-459;CWE-401
so:103,Stack Overflow,question,asker,,C1,Control flow,"Is the memory released on every path: error handling, early return, exceptions, longjmp?",https://stackoverflow.com/questions/4094996/what-happens-to-the-memory-allocated-by-new-if-the-constructor-throws,https://stackoverflow.com/questions/4094996/what-happens-to-the-memory-allocated-by-new-if-the-constructor-throws,CWE-401
so:104,Stack Overflow,question,asker,,V1,Report interpretation,"Is the suspected leak/invalid free real, or a false positive / benign report?",https://stackoverflow.com/questions/4094996/what-happens-to-the-memory-allocated-by-new-if-the-constructor-throws,https://stackoverflow.com/questions/4094996/what-happens-to-the-memory-allocated-by-new-if-the-constructor-throws,CWE-401
so:105,Stack Overflow,question,asker,,V1,Report interpretation,"Is the suspected leak/invalid free real, or a false positive / benign report?",https://stackoverflow.com/questions/4094996/what-happens-to-the-memory-allocated-by-new-if-the-constructor-throws,https://stackoverflow.com/questions/4094996/what-happens-to-the-memory-allocated-by-new-if-the-constructor-throws,CWE-401
so:106,Stack Overflow,question,asker,,V1,Report interpretation,"Is the suspected leak/invalid free real, or a false positive / benign report?",https://stackoverflow.com/questions/20067830/is-there-might-be-memory-leak-to-allocate-shared-ptr-on-the-heap,https://stackoverflow.com/questions/20067830/is-there-might-be-memory-leak-to-allocate-shared-ptr-on-the-heap,CWE-789;CWE-401
so:107,Stack Overflow,question,asker,,C1,Control flow,"Is the memory released on every path: error handling, early return, exceptions, longjmp?",https://stackoverflow.com/questions/20067830/is-there-might-be-memory-leak-to-allocate-shared-ptr-on-the-heap,https://stackoverflow.com/questions/20067830/is-there-might-be-memory-leak-to-allocate-shared-ptr-on-the-heap,CWE-789;CWE-401
so:108,Stack Overflow,question,asker,,C1,Control flow,"Is the memory released on every path: error handling, early return, exceptions, longjmp?",https://stackoverflow.com/questions/54340326/what-will-happens-if-before-freeing-memory-allocated-by-new-operator-exception,https://stackoverflow.com/questions/54340326/what-will-happens-if-before-freeing-memory-allocated-by-new-operator-exception,CWE-762;CWE-401
so:109,Stack Overflow,question,asker,,C1,Control flow,"Is the memory released on every path: error handling, early return, exceptions, longjmp?",https://stackoverflow.com/questions/54340326/what-will-happens-if-before-freeing-memory-allocated-by-new-operator-exception,https://stackoverflow.com/questions/54340326/what-will-happens-if-before-freeing-memory-allocated-by-new-operator-exception,CWE-762;CWE-401
so:110,Stack Overflow,question,asker,,V1,Report interpretation,"Is the suspected leak/invalid free real, or a false positive / benign report?",https://stackoverflow.com/questions/54340326/what-will-happens-if-before-freeing-memory-allocated-by-new-operator-exception,https://stackoverflow.com/questions/54340326/what-will-happens-if-before-freeing-memory-allocated-by-new-operator-exception,CWE-762;CWE-401
so:111,Stack Overflow,question,asker,,X1,Cross-module,"Are allocation and release done by the same module/runtime heap (DLL, CRT, FFI boundary)?",https://stackoverflow.com/questions/17804312/how-to-avoid-memory-leak-when-throwing-exception-between-a-c-non-clr-to-clr-dl,https://stackoverflow.com/questions/17804312/how-to-avoid-memory-leak-when-throwing-exception-between-a-c-non-clr-to-clr-dl,CWE-401
so:112,Stack Overflow,question,asker,,G,Non-diagnostic,Generic: why does this leak/crash? (no specific evidence asked),https://stackoverflow.com/questions/17804312/how-to-avoid-memory-leak-when-throwing-exception-between-a-c-non-clr-to-clr-dl,https://stackoverflow.com/questions/17804312/how-to-avoid-memory-leak-when-throwing-exception-between-a-c-non-clr-to-clr-dl,CWE-401
so:113,Stack Overflow,question,asker,,C1,Control flow,"Is the memory released on every path: error handling, early return, exceptions, longjmp?",https://stackoverflow.com/questions/5776206/dynamically-allocated-linked-list-in-c-what-to-do-after-exception-to-prevent-m,https://stackoverflow.com/questions/5776206/dynamically-allocated-linked-list-in-c-what-to-do-after-exception-to-prevent-m,CWE-762;CWE-459;CWE-401
so:114,Stack Overflow,question,asker,,C1,Control flow,"Is the memory released on every path: error handling, early return, exceptions, longjmp?",https://stackoverflow.com/questions/5776206/dynamically-allocated-linked-list-in-c-what-to-do-after-exception-to-prevent-m,https://stackoverflow.com/questions/5776206/dynamically-allocated-linked-list-in-c-what-to-do-after-exception-to-prevent-m,CWE-762;CWE-459;CWE-401
so:115,Stack Overflow,question,asker,,P,Non-diagnostic,Prevention / best-practice advice,https://stackoverflow.com/questions/6783939/does-using-references-instead-of-pointers-resolve-memory-leaks-in-c,https://stackoverflow.com/questions/6783939/does-using-references-instead-of-pointers-resolve-memory-leaks-in-c,CWE-762;CWE-401
so:116,Stack Overflow,question,asker,,P,Non-diagnostic,Prevention / best-practice advice,https://stackoverflow.com/questions/6783939/does-using-references-instead-of-pointers-resolve-memory-leaks-in-c,https://stackoverflow.com/questions/6783939/does-using-references-instead-of-pointers-resolve-memory-leaks-in-c,CWE-762;CWE-401
so:117,Stack Overflow,question,asker,,P,Non-diagnostic,Prevention / best-practice advice,https://stackoverflow.com/questions/6783939/does-using-references-instead-of-pointers-resolve-memory-leaks-in-c,https://stackoverflow.com/questions/6783939/does-using-references-instead-of-pointers-resolve-memory-leaks-in-c,CWE-762;CWE-401
so:118,Stack Overflow,question,asker,,V1,Report interpretation,"Is the suspected leak/invalid free real, or a false positive / benign report?",https://stackoverflow.com/questions/6783939/does-using-references-instead-of-pointers-resolve-memory-leaks-in-c,https://stackoverflow.com/questions/6783939/does-using-references-instead-of-pointers-resolve-memory-leaks-in-c,CWE-762;CWE-401
so:119,Stack Overflow,question,asker,,P,Non-diagnostic,Prevention / best-practice advice,https://stackoverflow.com/questions/500656/c-using-scoped-ptr-as-a-member-variable,https://stackoverflow.com/questions/500656/c-using-scoped-ptr-as-a-member-variable,CWE-459;CWE-401
so:120,Stack Overflow,question,asker,,O2,Ownership,"Was ownership transferred (to a container, smart pointer, library, or object), so someone else releases it?",https://stackoverflow.com/questions/19331396/how-does-qt-delete-objects-and-what-is-the-best-way-to-store-qobjects,https://stackoverflow.com/questions/19331396/how-does-qt-delete-objects-and-what-is-the-best-way-to-store-qobjects,CWE-401
so:121,Stack Overflow,question,asker,,O2,Ownership,"Was ownership transferred (to a container, smart pointer, library, or object), so someone else releases it?",https://stackoverflow.com/questions/19331396/how-does-qt-delete-objects-and-what-is-the-best-way-to-store-qobjects,https://stackoverflow.com/questions/19331396/how-does-qt-delete-objects-and-what-is-the-best-way-to-store-qobjects,CWE-401
so:122,Stack Overflow,question,asker,,G,Non-diagnostic,Generic: why does this leak/crash? (no specific evidence asked),https://stackoverflow.com/questions/40991687/stdmake-uniquet-vs-resetnew-t,https://stackoverflow.com/questions/40991687/stdmake-uniquet-vs-resetnew-t,CWE-459;CWE-401
so:123,Stack Overflow,question,asker,,C1,Control flow,"Is the memory released on every path: error handling, early return, exceptions, longjmp?",https://stackoverflow.com/questions/18478354/c-allocating-shared-ptr-with-c11-stdshared-ptr-is-it-still-bad-to-initi,https://stackoverflow.com/questions/18478354/c-allocating-shared-ptr-with-c11-stdshared-ptr-is-it-still-bad-to-initi,CWE-401
so:124,Stack Overflow,question,asker,,R5,Report interpretation,"How do I detect, configure, or suppress this with the tool?",https://stackoverflow.com/questions/1089296/memory-leak-in-mixed-mode-c-clr-application,https://stackoverflow.com/questions/1089296/memory-leak-in-mixed-mode-c-clr-application,CWE-401
so:125,Stack Overflow,question,asker,,R2,Report interpretation,"What does the tool's report category or runtime error mean (definitely/indirectly/possibly lost, still reachable, suppressed, invalid pointer)?",https://stackoverflow.com/questions/1089296/memory-leak-in-mixed-mode-c-clr-application,https://stackoverflow.com/questions/1089296/memory-leak-in-mixed-mode-c-clr-application,CWE-401
so:126,Stack Overflow,question,asker,,R5,Report interpretation,"How do I detect, configure, or suppress this with the tool?",https://stackoverflow.com/questions/1089296/memory-leak-in-mixed-mode-c-clr-application,https://stackoverflow.com/questions/1089296/memory-leak-in-mixed-mode-c-clr-application,CWE-401
so:127,Stack Overflow,question,asker,,R2,Report interpretation,"What does the tool's report category or runtime error mean (definitely/indirectly/possibly lost, still reachable, suppressed, invalid pointer)?",https://stackoverflow.com/questions/1089296/memory-leak-in-mixed-mode-c-clr-application,https://stackoverflow.com/questions/1089296/memory-leak-in-mixed-mode-c-clr-application,CWE-401
so:128,Stack Overflow,question,asker,,R5,Report interpretation,"How do I detect, configure, or suppress this with the tool?",https://stackoverflow.com/questions/1089296/memory-leak-in-mixed-mode-c-clr-application,https://stackoverflow.com/questions/1089296/memory-leak-in-mixed-mode-c-clr-application,CWE-401
so:129,Stack Overflow,question,asker,,L1,Lifetime,"Must the memory be freed before program exit, or is exit-time retention acceptable?",https://stackoverflow.com/questions/273209/are-memory-leaks-ever-ok,https://stackoverflow.com/questions/273209/are-memory-leaks-ever-ok,CWE-459;CWE-401
so:130,Stack Overflow,question,asker,,L1,Lifetime,"Must the memory be freed before program exit, or is exit-time retention acceptable?",https://stackoverflow.com/questions/273209/are-memory-leaks-ever-ok,https://stackoverflow.com/questions/273209/are-memory-leaks-ever-ok,CWE-459;CWE-401
so:131,Stack Overflow,question,asker,,L1,Lifetime,"Must the memory be freed before program exit, or is exit-time retention acceptable?",https://stackoverflow.com/questions/273209/are-memory-leaks-ever-ok,https://stackoverflow.com/questions/273209/are-memory-leaks-ever-ok,CWE-459;CWE-401
so:132,Stack Overflow,question,asker,,L1,Lifetime,"Must the memory be freed before program exit, or is exit-time retention acceptable?",https://stackoverflow.com/questions/273209/are-memory-leaks-ever-ok,https://stackoverflow.com/questions/273209/are-memory-leaks-ever-ok,CWE-459;CWE-401
so:133,Stack Overflow,question,asker,,L1,Lifetime,"Must the memory be freed before program exit, or is exit-time retention acceptable?",https://stackoverflow.com/questions/273209/are-memory-leaks-ever-ok,https://stackoverflow.com/questions/273209/are-memory-leaks-ever-ok,CWE-459;CWE-401
so:134,Stack Overflow,question,asker,,R5,Report interpretation,"How do I detect, configure, or suppress this with the tool?",https://stackoverflow.com/questions/5134891/how-do-i-use-valgrind-to-find-memory-leaks,https://stackoverflow.com/questions/5134891/how-do-i-use-valgrind-to-find-memory-leaks,CWE-401
so:135,Stack Overflow,question,asker,,R5,Report interpretation,"How do I detect, configure, or suppress this with the tool?",https://stackoverflow.com/questions/5134891/how-do-i-use-valgrind-to-find-memory-leaks,https://stackoverflow.com/questions/5134891/how-do-i-use-valgrind-to-find-memory-leaks,CWE-401
so:136,Stack Overflow,question,asker,,L4,Lifetime,Are threads joined/detached so that their resources are released?,https://stackoverflow.com/questions/17642433/why-pthread-causes-a-memory-leak,https://stackoverflow.com/questions/17642433/why-pthread-causes-a-memory-leak,CWE-459;CWE-401
so:137,Stack Overflow,question,asker,,V1,Report interpretation,"Is the suspected leak/invalid free real, or a false positive / benign report?",https://stackoverflow.com/questions/45000938/is-it-a-memory-leak-in-c,https://stackoverflow.com/questions/45000938/is-it-a-memory-leak-in-c,CWE-401
so:138,Stack Overflow,question,asker,,V1,Report interpretation,"Is the suspected leak/invalid free real, or a false positive / benign report?",https://stackoverflow.com/questions/45000938/is-it-a-memory-leak-in-c,https://stackoverflow.com/questions/45000938/is-it-a-memory-leak-in-c,CWE-401
so:139,Stack Overflow,question,asker,,V1,Report interpretation,"Is the suspected leak/invalid free real, or a false positive / benign report?",https://stackoverflow.com/questions/45000938/is-it-a-memory-leak-in-c,https://stackoverflow.com/questions/45000938/is-it-a-memory-leak-in-c,CWE-401
so:141,Stack Overflow,question,asker,,L1,Lifetime,"Must the memory be freed before program exit, or is exit-time retention acceptable?",https://stackoverflow.com/questions/654754/what-really-happens-when-you-dont-free-after-malloc-before-program-termination,https://stackoverflow.com/questions/654754/what-really-happens-when-you-dont-free-after-malloc-before-program-termination,CWE-401
so:142,Stack Overflow,question,asker,,L1,Lifetime,"Must the memory be freed before program exit, or is exit-time retention acceptable?",https://stackoverflow.com/questions/654754/what-really-happens-when-you-dont-free-after-malloc-before-program-termination,https://stackoverflow.com/questions/654754/what-really-happens-when-you-dont-free-after-malloc-before-program-termination,CWE-401
so:143,Stack Overflow,question,asker,,G,Non-diagnostic,Generic: why does this leak/crash? (no specific evidence asked),https://stackoverflow.com/questions/3840582/valgrind-still-reachable-leak-detected-by-valgrind,https://stackoverflow.com/questions/3840582/valgrind-still-reachable-leak-detected-by-valgrind,CWE-401
so:144,Stack Overflow,question,asker,,R2,Report interpretation,"What does the tool's report category or runtime error mean (definitely/indirectly/possibly lost, still reachable, suppressed, invalid pointer)?",https://stackoverflow.com/questions/3840582/valgrind-still-reachable-leak-detected-by-valgrind,https://stackoverflow.com/questions/3840582/valgrind-still-reachable-leak-detected-by-valgrind,CWE-401
so:145,Stack Overflow,question,asker,,P,Non-diagnostic,Prevention / best-practice advice,https://stackoverflow.com/questions/3536153/c-dynamically-growing-array,https://stackoverflow.com/questions/3536153/c-dynamically-growing-array,CWE-401
so:147,Stack Overflow,question,asker,,R5,Report interpretation,"How do I detect, configure, or suppress this with the tool?",https://stackoverflow.com/questions/45627/how-do-you-detect-avoid-memory-leaks-in-your-unmanaged-code,https://stackoverflow.com/questions/45627/how-do-you-detect-avoid-memory-leaks-in-your-unmanaged-code,CWE-761;CWE-401
so:148,Stack Overflow,question,asker,,R5,Report interpretation,"How do I detect, configure, or suppress this with the tool?",https://stackoverflow.com/questions/45627/how-do-you-detect-avoid-memory-leaks-in-your-unmanaged-code,https://stackoverflow.com/questions/45627/how-do-you-detect-avoid-memory-leaks-in-your-unmanaged-code,CWE-761;CWE-401
so:149,Stack Overflow,question,asker,,L1,Lifetime,"Must the memory be freed before program exit, or is exit-time retention acceptable?",https://stackoverflow.com/questions/15467298/how-far-can-memory-leaks-go,https://stackoverflow.com/questions/15467298/how-far-can-memory-leaks-go,CWE-401
so:150,Stack Overflow,question,asker,,L1,Lifetime,"Must the memory be freed before program exit, or is exit-time retention acceptable?",https://stackoverflow.com/questions/15467298/how-far-can-memory-leaks-go,https://stackoverflow.com/questions/15467298/how-far-can-memory-leaks-go,CWE-401
so:151,Stack Overflow,question,asker,,L1,Lifetime,"Must the memory be freed before program exit, or is exit-time retention acceptable?",https://stackoverflow.com/questions/8175827/what-happens-if-i-dont-call-fclose-in-a-c-program,https://stackoverflow.com/questions/8175827/what-happens-if-i-dont-call-fclose-in-a-c-program,CWE-401
so:152,Stack Overflow,question,asker,,L1,Lifetime,"Must the memory be freed before program exit, or is exit-time retention acceptable?",https://stackoverflow.com/questions/8175827/what-happens-if-i-dont-call-fclose-in-a-c-program,https://stackoverflow.com/questions/8175827/what-happens-if-i-dont-call-fclose-in-a-c-program,CWE-401
so:153,Stack Overflow,question,asker,,L1,Lifetime,"Must the memory be freed before program exit, or is exit-time retention acceptable?",https://stackoverflow.com/questions/8175827/what-happens-if-i-dont-call-fclose-in-a-c-program,https://stackoverflow.com/questions/8175827/what-happens-if-i-dont-call-fclose-in-a-c-program,CWE-401
so:155,Stack Overflow,question,asker,,L2,Lifetime,"Is the object destroyed when its lifetime ends (scope exit, destructor called, virtual destructor)?",https://stackoverflow.com/questions/1008019/how-do-you-implement-the-singleton-design-pattern,https://stackoverflow.com/questions/1008019/how-do-you-implement-the-singleton-design-pattern,CWE-401
so:156,Stack Overflow,question,asker,,V1,Report interpretation,"Is the suspected leak/invalid free real, or a false positive / benign report?",https://stackoverflow.com/questions/1008019/how-do-you-implement-the-singleton-design-pattern,https://stackoverflow.com/questions/1008019/how-do-you-implement-the-singleton-design-pattern,CWE-401
so:157,Stack Overflow,question,asker,,R5,Report interpretation,"How do I detect, configure, or suppress this with the tool?",https://stackoverflow.com/questions/6261201/how-to-find-memory-leak-in-a-c-code-project,https://stackoverflow.com/questions/6261201/how-to-find-memory-leak-in-a-c-code-project,CWE-401
so:158,Stack Overflow,question,asker,,P,Non-diagnostic,Prevention / best-practice advice,https://stackoverflow.com/questions/6261201/how-to-find-memory-leak-in-a-c-code-project,https://stackoverflow.com/questions/6261201/how-to-find-memory-leak-in-a-c-code-project,CWE-401
so:159,Stack Overflow,question,asker,,P,Non-diagnostic,Prevention / best-practice advice,https://stackoverflow.com/questions/6500313/why-should-c-programmers-minimize-use-of-new,https://stackoverflow.com/questions/6500313/why-should-c-programmers-minimize-use-of-new,CWE-401
so:160,Stack Overflow,question,asker,,L1,Lifetime,"Must the memory be freed before program exit, or is exit-time retention acceptable?",https://stackoverflow.com/questions/2975831/is-leaked-memory-freed-up-when-the-program-exits,https://stackoverflow.com/questions/2975831/is-leaked-memory-freed-up-when-the-program-exits,CWE-401
so:161,Stack Overflow,question,asker,,L1,Lifetime,"Must the memory be freed before program exit, or is exit-time retention acceptable?",https://stackoverflow.com/questions/2975831/is-leaked-memory-freed-up-when-the-program-exits,https://stackoverflow.com/questions/2975831/is-leaked-memory-freed-up-when-the-program-exits,CWE-401
so:162,Stack Overflow,question,asker,,V1,Report interpretation,"Is the suspected leak/invalid free real, or a false positive / benign report?",https://stackoverflow.com/questions/53413647/is-this-a-c-memory-leak,https://stackoverflow.com/questions/53413647/is-this-a-c-memory-leak,CWE-459;CWE-401
so:163,Stack Overflow,question,asker,,V1,Report interpretation,"Is the suspected leak/invalid free real, or a false positive / benign report?",https://stackoverflow.com/questions/53413647/is-this-a-c-memory-leak,https://stackoverflow.com/questions/53413647/is-this-a-c-memory-leak,CWE-459;CWE-401
so:164,Stack Overflow,question,asker,,V1,Report interpretation,"Is the suspected leak/invalid free real, or a false positive / benign report?",https://stackoverflow.com/questions/6804849/c-is-not-deleting-an-object-always-a-memory-leak,https://stackoverflow.com/questions/6804849/c-is-not-deleting-an-object-always-a-memory-leak,CWE-401
so:165,Stack Overflow,question,asker,,V1,Report interpretation,"Is the suspected leak/invalid free real, or a false positive / benign report?",https://stackoverflow.com/questions/6804849/c-is-not-deleting-an-object-always-a-memory-leak,https://stackoverflow.com/questions/6804849/c-is-not-deleting-an-object-always-a-memory-leak,CWE-401
so:166,Stack Overflow,question,asker,,V1,Report interpretation,"Is the suspected leak/invalid free real, or a false positive / benign report?",https://stackoverflow.com/questions/52262766/will-an-iterator-cause-a-memory-leak,https://stackoverflow.com/questions/52262766/will-an-iterator-cause-a-memory-leak,CWE-401
so:167,Stack Overflow,question,asker,,D1,Deallocation,"Is there a matching release for this allocation, and where should it go?",https://stackoverflow.com/questions/52262766/will-an-iterator-cause-a-memory-leak,https://stackoverflow.com/questions/52262766/will-an-iterator-cause-a-memory-leak,CWE-401
so:168,Stack Overflow,question,asker,,V1,Report interpretation,"Is the suspected leak/invalid free real, or a false positive / benign report?",https://stackoverflow.com/questions/52262766/will-an-iterator-cause-a-memory-leak,https://stackoverflow.com/questions/52262766/will-an-iterator-cause-a-memory-leak,CWE-401
so:169,Stack Overflow,question,asker,,V1,Report interpretation,"Is the suspected leak/invalid free real, or a false positive / benign report?",https://stackoverflow.com/questions/53372775/why-is-this-not-a-memory-leak-in-c,https://stackoverflow.com/questions/53372775/why-is-this-not-a-memory-leak-in-c,CWE-459;CWE-401
so:170,Stack Overflow,question,asker,,V1,Report interpretation,"Is the suspected leak/invalid free real, or a false positive / benign report?",https://stackoverflow.com/questions/53372775/why-is-this-not-a-memory-leak-in-c,https://stackoverflow.com/questions/53372775/why-is-this-not-a-memory-leak-in-c,CWE-459;CWE-401
so:171,Stack Overflow,question,asker,,V1,Report interpretation,"Is the suspected leak/invalid free real, or a false positive / benign report?",https://stackoverflow.com/questions/78490933/why-is-this-a-potential-memory-leak,https://stackoverflow.com/questions/78490933/why-is-this-a-potential-memory-leak,CWE-401
so:172,Stack Overflow,question,asker,,V1,Report interpretation,"Is the suspected leak/invalid free real, or a false positive / benign report?",https://stackoverflow.com/questions/78490933/why-is-this-a-potential-memory-leak,https://stackoverflow.com/questions/78490933/why-is-this-a-potential-memory-leak,CWE-401
so:173,Stack Overflow,question,asker,,L2,Lifetime,"Is the object destroyed when its lifetime ends (scope exit, destructor called, virtual destructor)?",https://stackoverflow.com/questions/752658/is-the-practice-of-returning-a-c-reference-variable-evil,https://stackoverflow.com/questions/752658/is-the-practice-of-returning-a-c-reference-variable-evil,CWE-401
so:174,Stack Overflow,question,asker,,P,Non-diagnostic,Prevention / best-practice advice,https://stackoverflow.com/questions/655065/when-should-i-use-the-new-keyword-in-c,https://stackoverflow.com/questions/655065/when-should-i-use-the-new-keyword-in-c,CWE-459;CWE-401
so:175,Stack Overflow,question,asker,,P,Non-diagnostic,Prevention / best-practice advice,https://stackoverflow.com/questions/37514509/advantages-of-using-stdmake-unique-over-new-operator,https://stackoverflow.com/questions/37514509/advantages-of-using-stdmake-unique-over-new-operator,CWE-401
so:176,Stack Overflow,question,asker,,P,Non-diagnostic,Prevention / best-practice advice,https://stackoverflow.com/questions/37514509/advantages-of-using-stdmake-unique-over-new-operator,https://stackoverflow.com/questions/37514509/advantages-of-using-stdmake-unique-over-new-operator,CWE-401
so:178,Stack Overflow,question,asker,,P,Non-diagnostic,Prevention / best-practice advice,https://stackoverflow.com/questions/53870522/why-use-stdmake-unique-in-c17,https://stackoverflow.com/questions/53870522/why-use-stdmake-unique-in-c17,CWE-401
so:179,Stack Overflow,question,asker,,P,Non-diagnostic,Prevention / best-practice advice,https://stackoverflow.com/questions/53870522/why-use-stdmake-unique-in-c17,https://stackoverflow.com/questions/53870522/why-use-stdmake-unique-in-c17,CWE-401
so:180,Stack Overflow,question,asker,,R2,Report interpretation,"What does the tool's report category or runtime error mean (definitely/indirectly/possibly lost, still reachable, suppressed, invalid pointer)?",https://stackoverflow.com/questions/67068436/example-of-valgrind-still-reachable-leak,https://stackoverflow.com/questions/67068436/example-of-valgrind-still-reachable-leak,CWE-401
so:181,Stack Overflow,question,asker,,R2,Report interpretation,"What does the tool's report category or runtime error mean (definitely/indirectly/possibly lost, still reachable, suppressed, invalid pointer)?",https://stackoverflow.com/questions/58926945/valgrind-reports-still-reachable-bytes-when-using-vfwprintf,https://stackoverflow.com/questions/58926945/valgrind-reports-still-reachable-bytes-when-using-vfwprintf,CWE-459;CWE-401
so:181,Stack Overflow,question,asker,,V1,Report interpretation,"Is the suspected leak/invalid free real, or a false positive / benign report?",https://stackoverflow.com/questions/58926945/valgrind-reports-still-reachable-bytes-when-using-vfwprintf,https://stackoverflow.com/questions/58926945/valgrind-reports-still-reachable-bytes-when-using-vfwprintf,CWE-459;CWE-401
so:182,Stack Overflow,question,asker,,R2,Report interpretation,"What does the tool's report category or runtime error mean (definitely/indirectly/possibly lost, still reachable, suppressed, invalid pointer)?",https://stackoverflow.com/questions/58926945/valgrind-reports-still-reachable-bytes-when-using-vfwprintf,https://stackoverflow.com/questions/58926945/valgrind-reports-still-reachable-bytes-when-using-vfwprintf,CWE-459;CWE-401
so:183,Stack Overflow,question,asker,,R2,Report interpretation,"What does the tool's report category or runtime error mean (definitely/indirectly/possibly lost, still reachable, suppressed, invalid pointer)?",https://stackoverflow.com/questions/51702867/how-can-this-possibly-be-possibly-lost-memory-valgrind,https://stackoverflow.com/questions/51702867/how-can-this-possibly-be-possibly-lost-memory-valgrind,CWE-459;CWE-401
so:184,Stack Overflow,question,asker,,R2,Report interpretation,"What does the tool's report category or runtime error mean (definitely/indirectly/possibly lost, still reachable, suppressed, invalid pointer)?",https://stackoverflow.com/questions/51702867/how-can-this-possibly-be-possibly-lost-memory-valgrind,https://stackoverflow.com/questions/51702867/how-can-this-possibly-be-possibly-lost-memory-valgrind,CWE-459;CWE-401
so:185,Stack Overflow,question,asker,,L3,Lifetime,"Does memory keep growing with repetitions (retained longer than needed, unbounded growth)?",https://stackoverflow.com/questions/8366172/would-still-reachable-valgrind-memory-leaks-linux-relate-to-prstat-memory-gr,https://stackoverflow.com/questions/8366172/would-still-reachable-valgrind-memory-leaks-linux-relate-to-prstat-memory-gr,CWE-459;CWE-401
so:185,Stack Overflow,question,asker,,R2,Report interpretation,"What does the tool's report category or runtime error mean (definitely/indirectly/possibly lost, still reachable, suppressed, invalid pointer)?",https://stackoverflow.com/questions/8366172/would-still-reachable-valgrind-memory-leaks-linux-relate-to-prstat-memory-gr,https://stackoverflow.com/questions/8366172/would-still-reachable-valgrind-memory-leaks-linux-relate-to-prstat-memory-gr,CWE-459;CWE-401
so:186,Stack Overflow,question,asker,,L3,Lifetime,"Does memory keep growing with repetitions (retained longer than needed, unbounded growth)?",https://stackoverflow.com/questions/8366172/would-still-reachable-valgrind-memory-leaks-linux-relate-to-prstat-memory-gr,https://stackoverflow.com/questions/8366172/would-still-reachable-valgrind-memory-leaks-linux-relate-to-prstat-memory-gr,CWE-459;CWE-401
so:187,Stack Overflow,question,asker,,R2,Report interpretation,"What does the tool's report category or runtime error mean (definitely/indirectly/possibly lost, still reachable, suppressed, invalid pointer)?",https://stackoverflow.com/questions/8366172/would-still-reachable-valgrind-memory-leaks-linux-relate-to-prstat-memory-gr,https://stackoverflow.com/questions/8366172/would-still-reachable-valgrind-memory-leaks-linux-relate-to-prstat-memory-gr,CWE-459;CWE-401
so:188,Stack Overflow,question,asker,,R3,Report interpretation,"Is the report caused by my code, or by a library, runtime, or the tool itself?",https://stackoverflow.com/questions/8366172/would-still-reachable-valgrind-memory-leaks-linux-relate-to-prstat-memory-gr,https://stackoverflow.com/questions/8366172/would-still-reachable-valgrind-memory-leaks-linux-relate-to-prstat-memory-gr,CWE-459;CWE-401
so:189,Stack Overflow,question,asker,,R4,Report interpretation,Where was the block allocated / where does the leak or bad free originate?,https://stackoverflow.com/questions/8366172/would-still-reachable-valgrind-memory-leaks-linux-relate-to-prstat-memory-gr,https://stackoverflow.com/questions/8366172/would-still-reachable-valgrind-memory-leaks-linux-relate-to-prstat-memory-gr,CWE-459;CWE-401
so:190,Stack Overflow,question,asker,,R2,Report interpretation,"What does the tool's report category or runtime error mean (definitely/indirectly/possibly lost, still reachable, suppressed, invalid pointer)?",https://stackoverflow.com/questions/12434179/do-still-reachable-memory-need-to-be-tended-to-in-valgrind,https://stackoverflow.com/questions/12434179/do-still-reachable-memory-need-to-be-tended-to-in-valgrind,CWE-401
so:191,Stack Overflow,question,asker,,R2,Report interpretation,"What does the tool's report category or runtime error mean (definitely/indirectly/possibly lost, still reachable, suppressed, invalid pointer)?",https://stackoverflow.com/questions/12434179/do-still-reachable-memory-need-to-be-tended-to-in-valgrind,https://stackoverflow.com/questions/12434179/do-still-reachable-memory-need-to-be-tended-to-in-valgrind,CWE-401
so:192,Stack Overflow,question,asker,,L3,Lifetime,"Does memory keep growing with repetitions (retained longer than needed, unbounded growth)?",https://stackoverflow.com/questions/25737661/valgrind-getting-still-reachable-blocks-with-libssh2,https://stackoverflow.com/questions/25737661/valgrind-getting-still-reachable-blocks-with-libssh2,CWE-459;CWE-401
so:193,Stack Overflow,question,asker,,L4,Lifetime,Are threads joined/detached so that their resources are released?,https://stackoverflow.com/questions/3844678/pthread-exit-vs-return,https://stackoverflow.com/questions/3844678/pthread-exit-vs-return,CWE-459;CWE-401
so:194,Stack Overflow,question,asker,,L4,Lifetime,Are threads joined/detached so that their resources are released?,https://stackoverflow.com/questions/3844678/pthread-exit-vs-return,https://stackoverflow.com/questions/3844678/pthread-exit-vs-return,CWE-459;CWE-401
so:195,Stack Overflow,question,asker,,L1,Lifetime,"Must the memory be freed before program exit, or is exit-time retention acceptable?",https://stackoverflow.com/questions/10223677/when-a-program-terminates-what-happens-to-the-memory-allocated-using-malloc-that,https://stackoverflow.com/questions/10223677/when-a-program-terminates-what-happens-to-the-memory-allocated-using-malloc-that,CWE-459;CWE-401
so:196,Stack Overflow,question,asker,,L1,Lifetime,"Must the memory be freed before program exit, or is exit-time retention acceptable?",https://stackoverflow.com/questions/10223677/when-a-program-terminates-what-happens-to-the-memory-allocated-using-malloc-that,https://stackoverflow.com/questions/10223677/when-a-program-terminates-what-happens-to-the-memory-allocated-using-malloc-that,CWE-459;CWE-401
so:197,Stack Overflow,question,asker,,N3,Composite cleanup,Does the cleanup routine / destructor release every resource the object owns?,https://stackoverflow.com/questions/10079843/c-struct-memory-management,https://stackoverflow.com/questions/10079843/c-struct-memory-management,CWE-763;CWE-401
so:198,Stack Overflow,question,asker,,N1,Composite cleanup,"Are nested sub-allocations released (struct members, list nodes, 2-D arrays) before/with the parent?",https://stackoverflow.com/questions/67345194/dinamically-vs-static-memory-allocation-for-a-struct-array,https://stackoverflow.com/questions/67345194/dinamically-vs-static-memory-allocation-for-a-struct-array,CWE-401
so:199,Stack Overflow,question,asker,,V1,Report interpretation,"Is the suspected leak/invalid free real, or a false positive / benign report?",https://stackoverflow.com/questions/67345194/dinamically-vs-static-memory-allocation-for-a-struct-array,https://stackoverflow.com/questions/67345194/dinamically-vs-static-memory-allocation-for-a-struct-array,CWE-401
so:200,Stack Overflow,question,asker,,D2,Deallocation,Is the pointer passed to free exactly the one the allocator returned (not offset/advanced)?,https://stackoverflow.com/questions/67345194/dinamically-vs-static-memory-allocation-for-a-struct-array,https://stackoverflow.com/questions/67345194/dinamically-vs-static-memory-allocation-for-a-struct-array,CWE-401
so:201,Stack Overflow,question,asker,,P,Non-diagnostic,Prevention / best-practice advice,https://stackoverflow.com/questions/67345194/dinamically-vs-static-memory-allocation-for-a-struct-array,https://stackoverflow.com/questions/67345194/dinamically-vs-static-memory-allocation-for-a-struct-array,CWE-401
so:202,Stack Overflow,question,asker,,R3,Report interpretation,"Is the report caused by my code, or by a library, runtime, or the tool itself?",https://stackoverflow.com/questions/41553309/libpcap-pcap-breakloop-causing-memory-leak,https://stackoverflow.com/questions/41553309/libpcap-pcap-breakloop-causing-memory-leak,CWE-459;CWE-401
so:203,Stack Overflow,question,asker,,N3,Composite cleanup,Does the cleanup routine / destructor release every resource the object owns?,https://stackoverflow.com/questions/56809877/how-can-i-maintain-correlation-between-structure-definitions-and-their-construct,https://stackoverflow.com/questions/56809877/how-can-i-maintain-correlation-between-structure-definitions-and-their-construct,CWE-401
so:204,Stack Overflow,question,asker,,N1,Composite cleanup,"Are nested sub-allocations released (struct members, list nodes, 2-D arrays) before/with the parent?",https://stackoverflow.com/questions/26431573/freeing-a-mallocd-structure-containing-mallocd-strings,https://stackoverflow.com/questions/26431573/freeing-a-mallocd-structure-containing-mallocd-strings,CWE-459;CWE-401
so:205,Stack Overflow,question,asker,,N1,Composite cleanup,"Are nested sub-allocations released (struct members, list nodes, 2-D arrays) before/with the parent?",https://stackoverflow.com/questions/46486989/c-memory-leak-when-freeing-char-pointer-in-linked-list,https://stackoverflow.com/questions/46486989/c-memory-leak-when-freeing-char-pointer-in-linked-list,CWE-459;CWE-401
so:206,Stack Overflow,question,asker,,L1,Lifetime,"Must the memory be freed before program exit, or is exit-time retention acceptable?",https://stackoverflow.com/questions/72085495/linked-list-in-c-causing-a-memory-leak-upon-creation-and-insertion,https://stackoverflow.com/questions/72085495/linked-list-in-c-causing-a-memory-leak-upon-creation-and-insertion,CWE-459;CWE-401
so:207,Stack Overflow,question,asker,,G,Non-diagnostic,Generic: why does this leak/crash? (no specific evidence asked),https://stackoverflow.com/questions/72085495/linked-list-in-c-causing-a-memory-leak-upon-creation-and-insertion,https://stackoverflow.com/questions/72085495/linked-list-in-c-causing-a-memory-leak-upon-creation-and-insertion,CWE-459;CWE-401
so:208,Stack Overflow,question,asker,,L1,Lifetime,"Must the memory be freed before program exit, or is exit-time retention acceptable?",https://stackoverflow.com/questions/6972531/putting-nodes-into-the-parse-tree-which-shouldnt-be-there,https://stackoverflow.com/questions/6972531/putting-nodes-into-the-parse-tree-which-shouldnt-be-there,CWE-401
so:209,Stack Overflow,question,asker,,R5,Report interpretation,"How do I detect, configure, or suppress this with the tool?",https://stackoverflow.com/questions/24280361/detect-c-memory-leaks-that-are-freed-on-exit,https://stackoverflow.com/questions/24280361/detect-c-memory-leaks-that-are-freed-on-exit,CWE-401
so:210,Stack Overflow,question,asker,,G,Non-diagnostic,Generic: why does this leak/crash? (no specific evidence asked),https://stackoverflow.com/questions/24280361/detect-c-memory-leaks-that-are-freed-on-exit,https://stackoverflow.com/questions/24280361/detect-c-memory-leaks-that-are-freed-on-exit,CWE-401
so:211,Stack Overflow,question,asker,,R5,Report interpretation,"How do I detect, configure, or suppress this with the tool?",https://stackoverflow.com/questions/24280361/detect-c-memory-leaks-that-are-freed-on-exit,https://stackoverflow.com/questions/24280361/detect-c-memory-leaks-that-are-freed-on-exit,CWE-401
so:212,Stack Overflow,question,asker,,R5,Report interpretation,"How do I detect, configure, or suppress this with the tool?",https://stackoverflow.com/questions/24280361/detect-c-memory-leaks-that-are-freed-on-exit,https://stackoverflow.com/questions/24280361/detect-c-memory-leaks-that-are-freed-on-exit,CWE-401
so:213,Stack Overflow,question,asker,,N1,Composite cleanup,"Are nested sub-allocations released (struct members, list nodes, 2-D arrays) before/with the parent?",https://stackoverflow.com/questions/45256601/2d-array-using-pointers-memory-leakage,https://stackoverflow.com/questions/45256601/2d-array-using-pointers-memory-leakage,CWE-401
so:214,Stack Overflow,question,asker,,G,Non-diagnostic,Generic: why does this leak/crash? (no specific evidence asked),https://stackoverflow.com/questions/40926653/memory-leak-when-rewriteing-a-2d-array,https://stackoverflow.com/questions/40926653/memory-leak-when-rewriteing-a-2d-array,CWE-401
so:215,Stack Overflow,question,asker,,G,Non-diagnostic,Generic: why does this leak/crash? (no specific evidence asked),https://stackoverflow.com/questions/64597278/dynamic-allocation-for-a-2d-array-results-in-memory-leak,https://stackoverflow.com/questions/64597278/dynamic-allocation-for-a-2d-array-results-in-memory-leak,CWE-763;CWE-401
so:216,Stack Overflow,question,asker,,N1,Composite cleanup,"Are nested sub-allocations released (struct members, list nodes, 2-D arrays) before/with the parent?",https://stackoverflow.com/questions/67174550/should-i-use-free-on-2d-array-when-i-used-realloc,https://stackoverflow.com/questions/67174550/should-i-use-free-on-2d-array-when-i-used-realloc,CWE-459;CWE-401
so:216,Stack Overflow,question,asker,,C2,Control flow,"Is the old block released on each loop iteration / reallocation (realloc failure, reassignment in a loop)?",https://stackoverflow.com/questions/67174550/should-i-use-free-on-2d-array-when-i-used-realloc,https://stackoverflow.com/questions/67174550/should-i-use-free-on-2d-array-when-i-used-realloc,CWE-459;CWE-401
so:217,Stack Overflow,question,asker,,V1,Report interpretation,"Is the suspected leak/invalid free real, or a false positive / benign report?",https://stackoverflow.com/questions/76025633/c-memory-leak-despite-freeing-everything,https://stackoverflow.com/questions/76025633/c-memory-leak-despite-freeing-everything,CWE-459;CWE-401
so:218,Stack Overflow,question,asker,,D2,Deallocation,Is the pointer passed to free exactly the one the allocator returned (not offset/advanced)?,https://stackoverflow.com/questions/19951190/scattered-2d-array-to-contiguous-2d-array-transformation-in-c,https://stackoverflow.com/questions/19951190/scattered-2d-array-to-contiguous-2d-array-transformation-in-c,CWE-401
so:219,Stack Overflow,question,asker,,V1,Report interpretation,"Is the suspected leak/invalid free real, or a false positive / benign report?",https://stackoverflow.com/questions/19951190/scattered-2d-array-to-contiguous-2d-array-transformation-in-c,https://stackoverflow.com/questions/19951190/scattered-2d-array-to-contiguous-2d-array-transformation-in-c,CWE-401
so:221,Stack Overflow,question,asker,,L2,Lifetime,"Is the object destroyed when its lifetime ends (scope exit, destructor called, virtual destructor)?",https://stackoverflow.com/questions/66652015/c-class-destructor-not-being-called-automatically-causes-memory-leak,https://stackoverflow.com/questions/66652015/c-class-destructor-not-being-called-automatically-causes-memory-leak,CWE-762;CWE-459;CWE-401
so:222,Stack Overflow,question,asker,,L2,Lifetime,"Is the object destroyed when its lifetime ends (scope exit, destructor called, virtual destructor)?",https://stackoverflow.com/questions/35858184/raii-failure-why-does-this-c-code-leak-throw-in-ctor-in-try-block-prevent,https://stackoverflow.com/questions/35858184/raii-failure-why-does-this-c-code-leak-throw-in-ctor-in-try-block-prevent,CWE-459;CWE-401
so:223,Stack Overflow,question,asker,,V1,Report interpretation,"Is the suspected leak/invalid free real, or a false positive / benign report?",https://stackoverflow.com/questions/35858184/raii-failure-why-does-this-c-code-leak-throw-in-ctor-in-try-block-prevent,https://stackoverflow.com/questions/35858184/raii-failure-why-does-this-c-code-leak-throw-in-ctor-in-try-block-prevent,CWE-459;CWE-401
so:224,Stack Overflow,question,asker,,L2,Lifetime,"Is the object destroyed when its lifetime ends (scope exit, destructor called, virtual destructor)?",https://stackoverflow.com/questions/35858184/raii-failure-why-does-this-c-code-leak-throw-in-ctor-in-try-block-prevent,https://stackoverflow.com/questions/35858184/raii-failure-why-does-this-c-code-leak-throw-in-ctor-in-try-block-prevent,CWE-459;CWE-401
so:224,Stack Overflow,question,asker,,C1,Control flow,"Is the memory released on every path: error handling, early return, exceptions, longjmp?",https://stackoverflow.com/questions/35858184/raii-failure-why-does-this-c-code-leak-throw-in-ctor-in-try-block-prevent,https://stackoverflow.com/questions/35858184/raii-failure-why-does-this-c-code-leak-throw-in-ctor-in-try-block-prevent,CWE-459;CWE-401
so:225,Stack Overflow,question,asker,,L1,Lifetime,"Must the memory be freed before program exit, or is exit-time retention acceptable?",https://stackoverflow.com/questions/20132297/memory-leak-despite-destructor-call-using-static-unique-ptr,https://stackoverflow.com/questions/20132297/memory-leak-despite-destructor-call-using-static-unique-ptr,CWE-459;CWE-401
so:226,Stack Overflow,question,asker,,L2,Lifetime,"Is the object destroyed when its lifetime ends (scope exit, destructor called, virtual destructor)?",https://stackoverflow.com/questions/20132297/memory-leak-despite-destructor-call-using-static-unique-ptr,https://stackoverflow.com/questions/20132297/memory-leak-despite-destructor-call-using-static-unique-ptr,CWE-459;CWE-401
so:227,Stack Overflow,question,asker,,D3,Deallocation,Is the deallocator the right one for the allocator (free vs delete vs delete[] vs library free)?,https://stackoverflow.com/questions/1913343/how-could-pairing-new-with-delete-possibly-lead-to-memory-leak-only,https://stackoverflow.com/questions/1913343/how-could-pairing-new-with-delete-possibly-lead-to-memory-leak-only,CWE-459;CWE-401
so:228,Stack Overflow,question,asker,,D3,Deallocation,Is the deallocator the right one for the allocator (free vs delete vs delete[] vs library free)?,https://stackoverflow.com/questions/1913343/how-could-pairing-new-with-delete-possibly-lead-to-memory-leak-only,https://stackoverflow.com/questions/1913343/how-could-pairing-new-with-delete-possibly-lead-to-memory-leak-only,CWE-459;CWE-401
so:229,Stack Overflow,question,asker,,L2,Lifetime,"Is the object destroyed when its lifetime ends (scope exit, destructor called, virtual destructor)?",https://stackoverflow.com/questions/30325372/memory-leaks-despite-destructor-call,https://stackoverflow.com/questions/30325372/memory-leaks-despite-destructor-call,CWE-459;CWE-401
so:230,Stack Overflow,question,asker,,L2,Lifetime,"Is the object destroyed when its lifetime ends (scope exit, destructor called, virtual destructor)?",https://stackoverflow.com/questions/5638761/qscopedarraypointer-guarding-my-data-but-it-is-still-leaking,https://stackoverflow.com/questions/5638761/qscopedarraypointer-guarding-my-data-but-it-is-still-leaking,CWE-459;CWE-401
so:230,Stack Overflow,question,asker,,C1,Control flow,"Is the memory released on every path: error handling, early return, exceptions, longjmp?",https://stackoverflow.com/questions/5638761/qscopedarraypointer-guarding-my-data-but-it-is-still-leaking,https://stackoverflow.com/questions/5638761/qscopedarraypointer-guarding-my-data-but-it-is-still-leaking,CWE-459;CWE-401
so:231,Stack Overflow,question,asker,,G,Non-diagnostic,Generic: why does this leak/crash? (no specific evidence asked),https://stackoverflow.com/questions/5638761/qscopedarraypointer-guarding-my-data-but-it-is-still-leaking,https://stackoverflow.com/questions/5638761/qscopedarraypointer-guarding-my-data-but-it-is-still-leaking,CWE-459;CWE-401
so:232,Stack Overflow,question,asker,,L2,Lifetime,"Is the object destroyed when its lifetime ends (scope exit, destructor called, virtual destructor)?",https://stackoverflow.com/questions/42321912/memory-leaks-in-my-program-is-the-destructor-not-getting-called,https://stackoverflow.com/questions/42321912/memory-leaks-in-my-program-is-the-destructor-not-getting-called,CWE-762;CWE-459;CWE-401
so:233,Stack Overflow,question,asker,,C1,Control flow,"Is the memory released on every path: error handling, early return, exceptions, longjmp?",https://stackoverflow.com/questions/62878935/how-to-overcome-memory-leak-while-throwing-exception-from-constructor,https://stackoverflow.com/questions/62878935/how-to-overcome-memory-leak-while-throwing-exception-from-constructor,CWE-459;CWE-401
so:234,Stack Overflow,question,asker,,V1,Report interpretation,"Is the suspected leak/invalid free real, or a false positive / benign report?",https://stackoverflow.com/questions/62878935/how-to-overcome-memory-leak-while-throwing-exception-from-constructor,https://stackoverflow.com/questions/62878935/how-to-overcome-memory-leak-while-throwing-exception-from-constructor,CWE-459;CWE-401
so:235,Stack Overflow,question,asker,,L2,Lifetime,"Is the object destroyed when its lifetime ends (scope exit, destructor called, virtual destructor)?",https://stackoverflow.com/questions/62878935/how-to-overcome-memory-leak-while-throwing-exception-from-constructor,https://stackoverflow.com/questions/62878935/how-to-overcome-memory-leak-while-throwing-exception-from-constructor,CWE-459;CWE-401
so:235,Stack Overflow,question,asker,,C1,Control flow,"Is the memory released on every path: error handling, early return, exceptions, longjmp?",https://stackoverflow.com/questions/62878935/how-to-overcome-memory-leak-while-throwing-exception-from-constructor,https://stackoverflow.com/questions/62878935/how-to-overcome-memory-leak-while-throwing-exception-from-constructor,CWE-459;CWE-401
so:236,Stack Overflow,question,asker,,L2,Lifetime,"Is the object destroyed when its lifetime ends (scope exit, destructor called, virtual destructor)?",https://stackoverflow.com/questions/17702936/is-a-destructor-called-when-an-object-goes-out-of-scope,https://stackoverflow.com/questions/17702936/is-a-destructor-called-when-an-object-goes-out-of-scope,CWE-459;CWE-401
so:237,Stack Overflow,question,asker,,L2,Lifetime,"Is the object destroyed when its lifetime ends (scope exit, destructor called, virtual destructor)?",https://stackoverflow.com/questions/17702936/is-a-destructor-called-when-an-object-goes-out-of-scope,https://stackoverflow.com/questions/17702936/is-a-destructor-called-when-an-object-goes-out-of-scope,CWE-459;CWE-401
so:238,Stack Overflow,question,asker,,L2,Lifetime,"Is the object destroyed when its lifetime ends (scope exit, destructor called, virtual destructor)?",https://stackoverflow.com/questions/15286450/lifetime-of-a-stdinitializer-list-return-value,https://stackoverflow.com/questions/15286450/lifetime-of-a-stdinitializer-list-return-value,CWE-401
so:239,Stack Overflow,question,asker,,L2,Lifetime,"Is the object destroyed when its lifetime ends (scope exit, destructor called, virtual destructor)?",https://stackoverflow.com/questions/40106941/is-a-union-members-destructor-called,https://stackoverflow.com/questions/40106941/is-a-union-members-destructor-called,CWE-459;CWE-401
so:240,Stack Overflow,question,asker,,L2,Lifetime,"Is the object destroyed when its lifetime ends (scope exit, destructor called, virtual destructor)?",https://stackoverflow.com/questions/40106941/is-a-union-members-destructor-called,https://stackoverflow.com/questions/40106941/is-a-union-members-destructor-called,CWE-459;CWE-401
so:241,Stack Overflow,question,asker,,D3,Deallocation,Is the deallocator the right one for the allocator (free vs delete vs delete[] vs library free)?,https://stackoverflow.com/questions/8918791/how-to-properly-free-the-memory-allocated-by-placement-new,https://stackoverflow.com/questions/8918791/how-to-properly-free-the-memory-allocated-by-placement-new,CWE-459;CWE-401
so:241,Stack Overflow,question,asker,,L2,Lifetime,"Is the object destroyed when its lifetime ends (scope exit, destructor called, virtual destructor)?",https://stackoverflow.com/questions/8918791/how-to-properly-free-the-memory-allocated-by-placement-new,https://stackoverflow.com/questions/8918791/how-to-properly-free-the-memory-allocated-by-placement-new,CWE-459;CWE-401
so:242,Stack Overflow,question,asker,,D3,Deallocation,Is the deallocator the right one for the allocator (free vs delete vs delete[] vs library free)?,https://stackoverflow.com/questions/8918791/how-to-properly-free-the-memory-allocated-by-placement-new,https://stackoverflow.com/questions/8918791/how-to-properly-free-the-memory-allocated-by-placement-new,CWE-459;CWE-401
so:243,Stack Overflow,question,asker,,L2,Lifetime,"Is the object destroyed when its lifetime ends (scope exit, destructor called, virtual destructor)?",https://stackoverflow.com/questions/8918791/how-to-properly-free-the-memory-allocated-by-placement-new,https://stackoverflow.com/questions/8918791/how-to-properly-free-the-memory-allocated-by-placement-new,CWE-459;CWE-401
so:244,Stack Overflow,question,asker,,V1,Report interpretation,"Is the suspected leak/invalid free real, or a false positive / benign report?",https://stackoverflow.com/questions/8918791/how-to-properly-free-the-memory-allocated-by-placement-new,https://stackoverflow.com/questions/8918791/how-to-properly-free-the-memory-allocated-by-placement-new,CWE-459;CWE-401
so:245,Stack Overflow,question,asker,,N1,Composite cleanup,"Are nested sub-allocations released (struct members, list nodes, 2-D arrays) before/with the parent?",https://stackoverflow.com/questions/6256492/if-i-delete-a-class-are-its-member-variables-automatically-deleted,https://stackoverflow.com/questions/6256492/if-i-delete-a-class-are-its-member-variables-automatically-deleted,CWE-459;CWE-401
so:246,Stack Overflow,question,asker,,N1,Composite cleanup,"Are nested sub-allocations released (struct members, list nodes, 2-D arrays) before/with the parent?",https://stackoverflow.com/questions/6256492/if-i-delete-a-class-are-its-member-variables-automatically-deleted,https://stackoverflow.com/questions/6256492/if-i-delete-a-class-are-its-member-variables-automatically-deleted,CWE-459;CWE-401
so:247,Stack Overflow,question,asker,,N3,Composite cleanup,Does the cleanup routine / destructor release every resource the object owns?,https://stackoverflow.com/questions/6256492/if-i-delete-a-class-are-its-member-variables-automatically-deleted,https://stackoverflow.com/questions/6256492/if-i-delete-a-class-are-its-member-variables-automatically-deleted,CWE-459;CWE-401
so:248,Stack Overflow,question,asker,,L1,Lifetime,"Must the memory be freed before program exit, or is exit-time retention acceptable?",https://stackoverflow.com/questions/273720/singleton-destructors,https://stackoverflow.com/questions/273720/singleton-destructors,CWE-459;CWE-401
so:249,Stack Overflow,question,asker,,L1,Lifetime,"Must the memory be freed before program exit, or is exit-time retention acceptable?",https://stackoverflow.com/questions/273720/singleton-destructors,https://stackoverflow.com/questions/273720/singleton-destructors,CWE-459;CWE-401
so:250,Stack Overflow,question,asker,,L1,Lifetime,"Must the memory be freed before program exit, or is exit-time retention acceptable?",https://stackoverflow.com/questions/273720/singleton-destructors,https://stackoverflow.com/questions/273720/singleton-destructors,CWE-459;CWE-401
so:251,Stack Overflow,question,asker,,L1,Lifetime,"Must the memory be freed before program exit, or is exit-time retention acceptable?",https://stackoverflow.com/questions/273720/singleton-destructors,https://stackoverflow.com/questions/273720/singleton-destructors,CWE-459;CWE-401
so:255,Stack Overflow,question,asker,,L2,Lifetime,"Is the object destroyed when its lifetime ends (scope exit, destructor called, virtual destructor)?",https://stackoverflow.com/questions/45628694/override-delete-operator-with-empty-implementation,https://stackoverflow.com/questions/45628694/override-delete-operator-with-empty-implementation,CWE-459;CWE-401
so:256,Stack Overflow,question,asker,,L2,Lifetime,"Is the object destroyed when its lifetime ends (scope exit, destructor called, virtual destructor)?",https://stackoverflow.com/questions/28139509/c-virtual-destructor-memory-leak,https://stackoverflow.com/questions/28139509/c-virtual-destructor-memory-leak,CWE-459;CWE-401
so:257,Stack Overflow,question,asker,,L2,Lifetime,"Is the object destroyed when its lifetime ends (scope exit, destructor called, virtual destructor)?",https://stackoverflow.com/questions/56792856/why-absence-of-a-virtual-destructor-doesnt-cause-a-memory-leak,https://stackoverflow.com/questions/56792856/why-absence-of-a-virtual-destructor-doesnt-cause-a-memory-leak,CWE-459;CWE-401
so:258,Stack Overflow,question,asker,,K,Non-diagnostic,"Allocator internals (how free knows the size, etc.)",https://stackoverflow.com/questions/56792856/why-absence-of-a-virtual-destructor-doesnt-cause-a-memory-leak,https://stackoverflow.com/questions/56792856/why-absence-of-a-virtual-destructor-doesnt-cause-a-memory-leak,CWE-459;CWE-401
so:259,Stack Overflow,question,asker,,L2,Lifetime,"Is the object destroyed when its lifetime ends (scope exit, destructor called, virtual destructor)?",https://stackoverflow.com/questions/34493967/c-inheritance-does-lack-of-virtual-destructor-lead-to-memory-leak,https://stackoverflow.com/questions/34493967/c-inheritance-does-lack-of-virtual-destructor-lead-to-memory-leak,CWE-459;CWE-401
so:260,Stack Overflow,question,asker,,L2,Lifetime,"Is the object destroyed when its lifetime ends (scope exit, destructor called, virtual destructor)?",https://stackoverflow.com/questions/34493967/c-inheritance-does-lack-of-virtual-destructor-lead-to-memory-leak,https://stackoverflow.com/questions/34493967/c-inheritance-does-lack-of-virtual-destructor-lead-to-memory-leak,CWE-459;CWE-401
so:261,Stack Overflow,question,asker,,L2,Lifetime,"Is the object destroyed when its lifetime ends (scope exit, destructor called, virtual destructor)?",https://stackoverflow.com/questions/8752111/possible-memory-leak-without-a-virtual-destructor,https://stackoverflow.com/questions/8752111/possible-memory-leak-without-a-virtual-destructor,CWE-459;CWE-401
so:262,Stack Overflow,question,asker,,L2,Lifetime,"Is the object destroyed when its lifetime ends (scope exit, destructor called, virtual destructor)?",https://stackoverflow.com/questions/8752111/possible-memory-leak-without-a-virtual-destructor,https://stackoverflow.com/questions/8752111/possible-memory-leak-without-a-virtual-destructor,CWE-459;CWE-401
so:263,Stack Overflow,question,asker,,L2,Lifetime,"Is the object destroyed when its lifetime ends (scope exit, destructor called, virtual destructor)?",https://stackoverflow.com/questions/42845059/would-it-lead-to-memory-leak-when-delete-base-class-pointer-without-virtual-dest,https://stackoverflow.com/questions/42845059/would-it-lead-to-memory-leak-when-delete-base-class-pointer-without-virtual-dest,CWE-459;CWE-401
so:264,Stack Overflow,question,asker,,L2,Lifetime,"Is the object destroyed when its lifetime ends (scope exit, destructor called, virtual destructor)?",https://stackoverflow.com/questions/42845059/would-it-lead-to-memory-leak-when-delete-base-class-pointer-without-virtual-dest,https://stackoverflow.com/questions/42845059/would-it-lead-to-memory-leak-when-delete-base-class-pointer-without-virtual-dest,CWE-459;CWE-401
so:265,Stack Overflow,question,asker,,L2,Lifetime,"Is the object destroyed when its lifetime ends (scope exit, destructor called, virtual destructor)?",https://stackoverflow.com/questions/42845059/would-it-lead-to-memory-leak-when-delete-base-class-pointer-without-virtual-dest,https://stackoverflow.com/questions/42845059/would-it-lead-to-memory-leak-when-delete-base-class-pointer-without-virtual-dest,CWE-459;CWE-401
so:266,Stack Overflow,question,asker,,L2,Lifetime,"Is the object destroyed when its lifetime ends (scope exit, destructor called, virtual destructor)?",https://stackoverflow.com/questions/31664064/missing-virtual-destructor-memory-effects,https://stackoverflow.com/questions/31664064/missing-virtual-destructor-memory-effects,CWE-459;CWE-401
so:267,Stack Overflow,question,asker,,L2,Lifetime,"Is the object destroyed when its lifetime ends (scope exit, destructor called, virtual destructor)?",https://stackoverflow.com/questions/31664064/missing-virtual-destructor-memory-effects,https://stackoverflow.com/questions/31664064/missing-virtual-destructor-memory-effects,CWE-459;CWE-401
so:268,Stack Overflow,question,asker,,K,Non-diagnostic,"Allocator internals (how free knows the size, etc.)",https://stackoverflow.com/questions/31664064/missing-virtual-destructor-memory-effects,https://stackoverflow.com/questions/31664064/missing-virtual-destructor-memory-effects,CWE-459;CWE-401
so:269,Stack Overflow,question,asker,,L2,Lifetime,"Is the object destroyed when its lifetime ends (scope exit, destructor called, virtual destructor)?",https://stackoverflow.com/questions/10354866/why-isnt-this-a-memory-leak-or-is-it-deleting-base-class-pointer-without-virt,https://stackoverflow.com/questions/10354866/why-isnt-this-a-memory-leak-or-is-it-deleting-base-class-pointer-without-virt,CWE-459;CWE-401
so:271,Stack Overflow,question,asker,,L2,Lifetime,"Is the object destroyed when its lifetime ends (scope exit, destructor called, virtual destructor)?",https://stackoverflow.com/questions/22124981/why-unique-ptr-doesnt-check-base-class-to-virtual-destructible,https://stackoverflow.com/questions/22124981/why-unique-ptr-doesnt-check-base-class-to-virtual-destructible,CWE-762;CWE-459;CWE-401
so:272,Stack Overflow,question,asker,,L2,Lifetime,"Is the object destroyed when its lifetime ends (scope exit, destructor called, virtual destructor)?",https://stackoverflow.com/questions/22124981/why-unique-ptr-doesnt-check-base-class-to-virtual-destructible,https://stackoverflow.com/questions/22124981/why-unique-ptr-doesnt-check-base-class-to-virtual-destructible,CWE-762;CWE-459;CWE-401
so:273,Stack Overflow,question,asker,,D3,Deallocation,Is the deallocator the right one for the allocator (free vs delete vs delete[] vs library free)?,https://stackoverflow.com/questions/15474684/abstract-base-class-for-use-with-smart-pointers-intrusive-ptr-handling-inher,https://stackoverflow.com/questions/15474684/abstract-base-class-for-use-with-smart-pointers-intrusive-ptr-handling-inher,CWE-401
so:275,Stack Overflow,question,asker,,D4,Deallocation,"Is the pointer valid to free right now (initialized, not already freed, not dangling)?",https://stackoverflow.com/questions/6966328/why-doesnt-deleting-a-pointer-make-it-unusable,https://stackoverflow.com/questions/6966328/why-doesnt-deleting-a-pointer-make-it-unusable,CWE-401
so:276,Stack Overflow,question,asker,,D4,Deallocation,"Is the pointer valid to free right now (initialized, not already freed, not dangling)?",https://stackoverflow.com/questions/6966328/why-doesnt-deleting-a-pointer-make-it-unusable,https://stackoverflow.com/questions/6966328/why-doesnt-deleting-a-pointer-make-it-unusable,CWE-401
so:277,Stack Overflow,question,asker,,L2,Lifetime,"Is the object destroyed when its lifetime ends (scope exit, destructor called, virtual destructor)?",https://stackoverflow.com/questions/10546695/do-we-need-to-explicitly-call-the-destructor-for-the-simple-pod-classes-alloca,https://stackoverflow.com/questions/10546695/do-we-need-to-explicitly-call-the-destructor-for-the-simple-pod-classes-alloca,CWE-459;CWE-401
so:278,Stack Overflow,question,asker,,L2,Lifetime,"Is the object destroyed when its lifetime ends (scope exit, destructor called, virtual destructor)?",https://stackoverflow.com/questions/10546695/do-we-need-to-explicitly-call-the-destructor-for-the-simple-pod-classes-alloca,https://stackoverflow.com/questions/10546695/do-we-need-to-explicitly-call-the-destructor-for-the-simple-pod-classes-alloca,CWE-459;CWE-401
so:279,Stack Overflow,question,asker,,L2,Lifetime,"Is the object destroyed when its lifetime ends (scope exit, destructor called, virtual destructor)?",https://stackoverflow.com/questions/2597116/is-extending-a-base-class-with-non-virtual-destructor-dangerous,https://stackoverflow.com/questions/2597116/is-extending-a-base-class-with-non-virtual-destructor-dangerous,CWE-459;CWE-401
so:280,Stack Overflow,question,asker,,L2,Lifetime,"Is the object destroyed when its lifetime ends (scope exit, destructor called, virtual destructor)?",https://stackoverflow.com/questions/2597116/is-extending-a-base-class-with-non-virtual-destructor-dangerous,https://stackoverflow.com/questions/2597116/is-extending-a-base-class-with-non-virtual-destructor-dangerous,CWE-459;CWE-401
so:281,Stack Overflow,question,asker,,L2,Lifetime,"Is the object destroyed when its lifetime ends (scope exit, destructor called, virtual destructor)?",https://stackoverflow.com/questions/2597116/is-extending-a-base-class-with-non-virtual-destructor-dangerous,https://stackoverflow.com/questions/2597116/is-extending-a-base-class-with-non-virtual-destructor-dangerous,CWE-459;CWE-401
so:282,Stack Overflow,question,asker,,L2,Lifetime,"Is the object destroyed when its lifetime ends (scope exit, destructor called, virtual destructor)?",https://stackoverflow.com/questions/2597116/is-extending-a-base-class-with-non-virtual-destructor-dangerous,https://stackoverflow.com/questions/2597116/is-extending-a-base-class-with-non-virtual-destructor-dangerous,CWE-459;CWE-401
so:284,Stack Overflow,question,asker,,L2,Lifetime,"Is the object destroyed when its lifetime ends (scope exit, destructor called, virtual destructor)?",https://stackoverflow.com/questions/2597116/is-extending-a-base-class-with-non-virtual-destructor-dangerous,https://stackoverflow.com/questions/2597116/is-extending-a-base-class-with-non-virtual-destructor-dangerous,CWE-459;CWE-401
so:286,Stack Overflow,question,asker,,L2,Lifetime,"Is the object destroyed when its lifetime ends (scope exit, destructor called, virtual destructor)?",https://stackoverflow.com/questions/30082821/can-a-class-hierarchy-be-safe-and-trivially-copyable,https://stackoverflow.com/questions/30082821/can-a-class-hierarchy-be-safe-and-trivially-copyable,CWE-459;CWE-401
so:287,Stack Overflow,question,asker,,N2,Composite cleanup,Is a reference cycle or refcount imbalance preventing release?,https://stackoverflow.com/questions/57851897/about-circular-reference-i-used-weak-ptr-but-memory-leak-still-happened,https://stackoverflow.com/questions/57851897/about-circular-reference-i-used-weak-ptr-but-memory-leak-still-happened,CWE-459;CWE-401
so:288,Stack Overflow,question,asker,,N2,Composite cleanup,Is a reference cycle or refcount imbalance preventing release?,https://stackoverflow.com/questions/31487981/why-memory-leak-when-use-circular-reference-in-boostshared-ptr,https://stackoverflow.com/questions/31487981/why-memory-leak-when-use-circular-reference-in-boostshared-ptr,CWE-459;CWE-401
so:289,Stack Overflow,question,asker,,N2,Composite cleanup,Is a reference cycle or refcount imbalance preventing release?,https://stackoverflow.com/questions/77459620/why-does-circular-reference-cause-indirect-leak,https://stackoverflow.com/questions/77459620/why-does-circular-reference-cause-indirect-leak,CWE-459;CWE-401
so:289,Stack Overflow,question,asker,,R2,Report interpretation,"What does the tool's report category or runtime error mean (definitely/indirectly/possibly lost, still reachable, suppressed, invalid pointer)?",https://stackoverflow.com/questions/77459620/why-does-circular-reference-cause-indirect-leak,https://stackoverflow.com/questions/77459620/why-does-circular-reference-cause-indirect-leak,CWE-459;CWE-401
so:290,Stack Overflow,question,asker,,N2,Composite cleanup,Is a reference cycle or refcount imbalance preventing release?,https://stackoverflow.com/questions/77459620/why-does-circular-reference-cause-indirect-leak,https://stackoverflow.com/questions/77459620/why-does-circular-reference-cause-indirect-leak,CWE-459;CWE-401
so:290,Stack Overflow,question,asker,,O2,Ownership,"Was ownership transferred (to a container, smart pointer, library, or object), so someone else releases it?",https://stackoverflow.com/questions/77459620/why-does-circular-reference-cause-indirect-leak,https://stackoverflow.com/questions/77459620/why-does-circular-reference-cause-indirect-leak,CWE-459;CWE-401
so:291,Stack Overflow,question,asker,,O1,Ownership,Who is responsible for releasing this memory (caller vs. callee contract)?,https://stackoverflow.com/questions/77459620/why-does-circular-reference-cause-indirect-leak,https://stackoverflow.com/questions/77459620/why-does-circular-reference-cause-indirect-leak,CWE-459;CWE-401
so:292,Stack Overflow,question,asker,,N2,Composite cleanup,Is a reference cycle or refcount imbalance preventing release?,https://stackoverflow.com/questions/77459620/why-does-circular-reference-cause-indirect-leak,https://stackoverflow.com/questions/77459620/why-does-circular-reference-cause-indirect-leak,CWE-459;CWE-401
so:293,Stack Overflow,question,asker,,R5,Report interpretation,"How do I detect, configure, or suppress this with the tool?",https://stackoverflow.com/questions/63098785/is-there-a-way-to-track-memory-leaks,https://stackoverflow.com/questions/63098785/is-there-a-way-to-track-memory-leaks,CWE-459;CWE-401
so:294,Stack Overflow,question,asker,,R5,Report interpretation,"How do I detect, configure, or suppress this with the tool?",https://stackoverflow.com/questions/39962705/is-there-a-valgrind-for-detecting-memory-leaks-with-smart-pointers,https://stackoverflow.com/questions/39962705/is-there-a-valgrind-for-detecting-memory-leaks-with-smart-pointers,CWE-459;CWE-401
so:294,Stack Overflow,question,asker,,L3,Lifetime,"Does memory keep growing with repetitions (retained longer than needed, unbounded growth)?",https://stackoverflow.com/questions/39962705/is-there-a-valgrind-for-detecting-memory-leaks-with-smart-pointers,https://stackoverflow.com/questions/39962705/is-there-a-valgrind-for-detecting-memory-leaks-with-smart-pointers,CWE-459;CWE-401
so:295,Stack Overflow,question,asker,,R4,Report interpretation,Where was the block allocated / where does the leak or bad free originate?,https://stackoverflow.com/questions/8835729/realloc-causes-memory-leak-according-to-valgrind,https://stackoverflow.com/questions/8835729/realloc-causes-memory-leak-according-to-valgrind,CWE-401
so:296,Stack Overflow,question,asker,,R2,Report interpretation,"What does the tool's report category or runtime error mean (definitely/indirectly/possibly lost, still reachable, suppressed, invalid pointer)?",https://stackoverflow.com/questions/27593184/how-does-valgrind-calculate-my-example-memory-leak,https://stackoverflow.com/questions/27593184/how-does-valgrind-calculate-my-example-memory-leak,CWE-459;CWE-401
so:297,Stack Overflow,question,asker,,R2,Report interpretation,"What does the tool's report category or runtime error mean (definitely/indirectly/possibly lost, still reachable, suppressed, invalid pointer)?",https://stackoverflow.com/questions/27593184/how-does-valgrind-calculate-my-example-memory-leak,https://stackoverflow.com/questions/27593184/how-does-valgrind-calculate-my-example-memory-leak,CWE-459;CWE-401
so:298,Stack Overflow,question,asker,,R2,Report interpretation,"What does the tool's report category or runtime error mean (definitely/indirectly/possibly lost, still reachable, suppressed, invalid pointer)?",https://stackoverflow.com/questions/33392649/valgrind-memory-leak-what-error-is-this,https://stackoverflow.com/questions/33392649/valgrind-memory-leak-what-error-is-this,CWE-459;CWE-401
so:299,Stack Overflow,question,asker,,R4,Report interpretation,Where was the block allocated / where does the leak or bad free originate?,https://stackoverflow.com/questions/21233891/tracking-down-a-memory-leak-with-valgrind,https://stackoverflow.com/questions/21233891/tracking-down-a-memory-leak-with-valgrind,CWE-459;CWE-401
so:300,Stack Overflow,question,asker,,G,Non-diagnostic,Generic: why does this leak/crash? (no specific evidence asked),https://stackoverflow.com/questions/70982490/how-to-solve-the-memory-leak-error-shown-by-valgrind,https://stackoverflow.com/questions/70982490/how-to-solve-the-memory-leak-error-shown-by-valgrind,CWE-590;CWE-459;CWE-401
so:301,Stack Overflow,question,asker,,R3,Report interpretation,"Is the report caused by my code, or by a library, runtime, or the tool itself?",https://stackoverflow.com/questions/78851746/valgrind-shows-weird-results-when-using-it-with-sdl2,https://stackoverflow.com/questions/78851746/valgrind-shows-weird-results-when-using-it-with-sdl2,CWE-459;CWE-401
so:302,Stack Overflow,question,asker,,R3,Report interpretation,"Is the report caused by my code, or by a library, runtime, or the tool itself?",https://stackoverflow.com/questions/6463053/setpwent-shows-memory-leak-in-valgrind,https://stackoverflow.com/questions/6463053/setpwent-shows-memory-leak-in-valgrind,CWE-459;CWE-401
so:302,Stack Overflow,question,asker,,V1,Report interpretation,"Is the suspected leak/invalid free real, or a false positive / benign report?",https://stackoverflow.com/questions/6463053/setpwent-shows-memory-leak-in-valgrind,https://stackoverflow.com/questions/6463053/setpwent-shows-memory-leak-in-valgrind,CWE-459;CWE-401
so:303,Stack Overflow,question,asker,,R3,Report interpretation,"Is the report caused by my code, or by a library, runtime, or the tool itself?",https://stackoverflow.com/questions/67226661/simple-shell-in-c-valgrind-shows-memorry-leaks-for-sort-command,https://stackoverflow.com/questions/67226661/simple-shell-in-c-valgrind-shows-memorry-leaks-for-sort-command,CWE-459;CWE-401
so:304,Stack Overflow,question,asker,,O1,Ownership,Who is responsible for releasing this memory (caller vs. callee contract)?,https://stackoverflow.com/questions/43389411/how-does-one-correctly-avoid-the-avcodec-alloc-context3-leak-from-avformat-new-s,https://stackoverflow.com/questions/43389411/how-does-one-correctly-avoid-the-avcodec-alloc-context3-leak-from-avformat-new-s,CWE-401
so:305,Stack Overflow,question,asker,,D1,Deallocation,"Is there a matching release for this allocation, and where should it go?",https://stackoverflow.com/questions/27839959/libssh-memory-lost-in-simple-implementation,https://stackoverflow.com/questions/27839959/libssh-memory-lost-in-simple-implementation,CWE-459;CWE-401
so:306,Stack Overflow,question,asker,,G,Non-diagnostic,Generic: why does this leak/crash? (no specific evidence asked),https://stackoverflow.com/questions/27839959/libssh-memory-lost-in-simple-implementation,https://stackoverflow.com/questions/27839959/libssh-memory-lost-in-simple-implementation,CWE-459;CWE-401
so:307,Stack Overflow,question,asker,,R5,Report interpretation,"How do I detect, configure, or suppress this with the tool?",https://stackoverflow.com/questions/8179958/how-to-find-remove-memory-leaks-and-errors-in-my-c-program-after-checked-it-wi,https://stackoverflow.com/questions/8179958/how-to-find-remove-memory-leaks-and-errors-in-my-c-program-after-checked-it-wi,CWE-459;CWE-401
so:308,Stack Overflow,question,asker,,G,Non-diagnostic,Generic: why does this leak/crash? (no specific evidence asked),https://stackoverflow.com/questions/8179958/how-to-find-remove-memory-leaks-and-errors-in-my-c-program-after-checked-it-wi,https://stackoverflow.com/questions/8179958/how-to-find-remove-memory-leaks-and-errors-in-my-c-program-after-checked-it-wi,CWE-459;CWE-401
so:309,Stack Overflow,question,asker,,G,Non-diagnostic,Generic: why does this leak/crash? (no specific evidence asked),https://stackoverflow.com/questions/8179958/how-to-find-remove-memory-leaks-and-errors-in-my-c-program-after-checked-it-wi,https://stackoverflow.com/questions/8179958/how-to-find-remove-memory-leaks-and-errors-in-my-c-program-after-checked-it-wi,CWE-459;CWE-401
so:310,Stack Overflow,question,asker,,R3,Report interpretation,"Is the report caused by my code, or by a library, runtime, or the tool itself?",https://stackoverflow.com/questions/1447018/getpwnam-r-memory-leak,https://stackoverflow.com/questions/1447018/getpwnam-r-memory-leak,CWE-459;CWE-401
so:311,Stack Overflow,question,asker,,R3,Report interpretation,"Is the report caused by my code, or by a library, runtime, or the tool itself?",https://stackoverflow.com/questions/1447018/getpwnam-r-memory-leak,https://stackoverflow.com/questions/1447018/getpwnam-r-memory-leak,CWE-459;CWE-401
so:312,Stack Overflow,question,asker,,E3,Escape / aliasing,"Do other aliases or copies refer to the same block (shallow copy, copy ctor, two owners)?",https://stackoverflow.com/questions/19519364/why-does-this-rule-of-three-failure-actually-fail,https://stackoverflow.com/questions/19519364/why-does-this-rule-of-three-failure-actually-fail,CWE-762;CWE-459;CWE-401
so:313,Stack Overflow,question,asker,,E3,Escape / aliasing,"Do other aliases or copies refer to the same block (shallow copy, copy ctor, two owners)?",https://stackoverflow.com/questions/19519364/why-does-this-rule-of-three-failure-actually-fail,https://stackoverflow.com/questions/19519364/why-does-this-rule-of-three-failure-actually-fail,CWE-762;CWE-459;CWE-401
so:314,Stack Overflow,question,asker,,E3,Escape / aliasing,"Do other aliases or copies refer to the same block (shallow copy, copy ctor, two owners)?",https://stackoverflow.com/questions/12828091/is-an-overloaded-operator-required-at-this-example,https://stackoverflow.com/questions/12828091/is-an-overloaded-operator-required-at-this-example,CWE-459;CWE-401
so:315,Stack Overflow,question,asker,,E3,Escape / aliasing,"Do other aliases or copies refer to the same block (shallow copy, copy ctor, two owners)?",https://stackoverflow.com/questions/12828091/is-an-overloaded-operator-required-at-this-example,https://stackoverflow.com/questions/12828091/is-an-overloaded-operator-required-at-this-example,CWE-459;CWE-401
so:316,Stack Overflow,question,asker,,V1,Report interpretation,"Is the suspected leak/invalid free real, or a false positive / benign report?",https://stackoverflow.com/questions/12828091/is-an-overloaded-operator-required-at-this-example,https://stackoverflow.com/questions/12828091/is-an-overloaded-operator-required-at-this-example,CWE-459;CWE-401
so:317,Stack Overflow,question,asker,,N3,Composite cleanup,Does the cleanup routine / destructor release every resource the object owns?,https://stackoverflow.com/questions/49667744/memory-leaks-on-a-templated-dynamic-array,https://stackoverflow.com/questions/49667744/memory-leaks-on-a-templated-dynamic-array,CWE-762;CWE-459;CWE-401
so:318,Stack Overflow,question,asker,,G,Non-diagnostic,Generic: why does this leak/crash? (no specific evidence asked),https://stackoverflow.com/questions/46800987/destructor-called-on-stdvectorclass-type-invalidating-for-each,https://stackoverflow.com/questions/46800987/destructor-called-on-stdvectorclass-type-invalidating-for-each,CWE-762;CWE-459;CWE-401
so:319,Stack Overflow,question,asker,,O1,Ownership,Who is responsible for releasing this memory (caller vs. callee contract)?,https://stackoverflow.com/questions/19606963/how-to-return-dynamic-structure-without-pointer,https://stackoverflow.com/questions/19606963/how-to-return-dynamic-structure-without-pointer,CWE-459;CWE-401
so:320,Stack Overflow,question,asker,,O1,Ownership,Who is responsible for releasing this memory (caller vs. callee contract)?,https://stackoverflow.com/questions/19606963/how-to-return-dynamic-structure-without-pointer,https://stackoverflow.com/questions/19606963/how-to-return-dynamic-structure-without-pointer,CWE-459;CWE-401
so:322,Stack Overflow,question,asker,,N3,Composite cleanup,Does the cleanup routine / destructor release every resource the object owns?,https://stackoverflow.com/questions/35937148/management-of-a-vector-of-pointers-as-a-class-member,https://stackoverflow.com/questions/35937148/management-of-a-vector-of-pointers-as-a-class-member,CWE-459;CWE-401
so:323,Stack Overflow,question,asker,,P,Non-diagnostic,Prevention / best-practice advice,https://stackoverflow.com/questions/956611/unique-ptr-major-improvement,https://stackoverflow.com/questions/956611/unique-ptr-major-improvement,CWE-459;CWE-401
so:324,Stack Overflow,question,asker,,P,Non-diagnostic,Prevention / best-practice advice,https://stackoverflow.com/questions/956611/unique-ptr-major-improvement,https://stackoverflow.com/questions/956611/unique-ptr-major-improvement,CWE-459;CWE-401
so:325,Stack Overflow,question,asker,,P,Non-diagnostic,Prevention / best-practice advice,https://stackoverflow.com/questions/956611/unique-ptr-major-improvement,https://stackoverflow.com/questions/956611/unique-ptr-major-improvement,CWE-459;CWE-401
so:327,Stack Overflow,question,asker,,X1,Cross-module,"Are allocation and release done by the same module/runtime heap (DLL, CRT, FFI boundary)?",https://stackoverflow.com/questions/7577976/how-are-heaps-created-in-mixed-language-applications,https://stackoverflow.com/questions/7577976/how-are-heaps-created-in-mixed-language-applications,CWE-762
so:328,Stack Overflow,question,asker,,A1,Allocation,"Is this memory on the heap at all (vs. stack, static, string literal)?",https://stackoverflow.com/questions/73209678/when-to-convert-a-local-array-to-a-malloc-in-c,https://stackoverflow.com/questions/73209678/when-to-convert-a-local-array-to-a-malloc-in-c,CWE-401
so:329,Stack Overflow,question,asker,,D1,Deallocation,"Is there a matching release for this allocation, and where should it go?",https://stackoverflow.com/questions/73209678/when-to-convert-a-local-array-to-a-malloc-in-c,https://stackoverflow.com/questions/73209678/when-to-convert-a-local-array-to-a-malloc-in-c,CWE-401
so:330,Stack Overflow,question,asker,,L4,Lifetime,Are threads joined/detached so that their resources are released?,https://stackoverflow.com/questions/73209678/when-to-convert-a-local-array-to-a-malloc-in-c,https://stackoverflow.com/questions/73209678/when-to-convert-a-local-array-to-a-malloc-in-c,CWE-401
so:331,Stack Overflow,question,asker,,A1,Allocation,"Is this memory on the heap at all (vs. stack, static, string literal)?",https://stackoverflow.com/questions/73209678/when-to-convert-a-local-array-to-a-malloc-in-c,https://stackoverflow.com/questions/73209678/when-to-convert-a-local-array-to-a-malloc-in-c,CWE-401
so:332,Stack Overflow,question,asker,,D1,Deallocation,"Is there a matching release for this allocation, and where should it go?",https://stackoverflow.com/questions/29070751/calling-free-in-a-procedure-in-c,https://stackoverflow.com/questions/29070751/calling-free-in-a-procedure-in-c,CWE-401
so:335,Stack Overflow,question,asker,,A1,Allocation,"Is this memory on the heap at all (vs. stack, static, string literal)?",https://stackoverflow.com/questions/9504588/should-i-free-char-initialized-using-string-literals,https://stackoverflow.com/questions/9504588/should-i-free-char-initialized-using-string-literals,CWE-590;CWE-763
so:336,Stack Overflow,question,asker,,A1,Allocation,"Is this memory on the heap at all (vs. stack, static, string literal)?",https://stackoverflow.com/questions/9504588/should-i-free-char-initialized-using-string-literals,https://stackoverflow.com/questions/9504588/should-i-free-char-initialized-using-string-literals,CWE-590;CWE-763
so:337,Stack Overflow,question,asker,,A1,Allocation,"Is this memory on the heap at all (vs. stack, static, string literal)?",https://stackoverflow.com/questions/9504588/should-i-free-char-initialized-using-string-literals,https://stackoverflow.com/questions/9504588/should-i-free-char-initialized-using-string-literals,CWE-590;CWE-763
so:338,Stack Overflow,question,asker,,A1,Allocation,"Is this memory on the heap at all (vs. stack, static, string literal)?",https://stackoverflow.com/questions/33281700/how-do-i-free-up-the-memory-consumed-by-a-string-literal,https://stackoverflow.com/questions/33281700/how-do-i-free-up-the-memory-consumed-by-a-string-literal,CWE-590
so:339,Stack Overflow,question,asker,,A1,Allocation,"Is this memory on the heap at all (vs. stack, static, string literal)?",https://stackoverflow.com/questions/33281700/how-do-i-free-up-the-memory-consumed-by-a-string-literal,https://stackoverflow.com/questions/33281700/how-do-i-free-up-the-memory-consumed-by-a-string-literal,CWE-590
so:340,Stack Overflow,question,asker,,A1,Allocation,"Is this memory on the heap at all (vs. stack, static, string literal)?",https://stackoverflow.com/questions/33281700/how-do-i-free-up-the-memory-consumed-by-a-string-literal,https://stackoverflow.com/questions/33281700/how-do-i-free-up-the-memory-consumed-by-a-string-literal,CWE-590
so:341,Stack Overflow,question,asker,,A1,Allocation,"Is this memory on the heap at all (vs. stack, static, string literal)?",https://stackoverflow.com/questions/32663893/avoiding-freeing-a-string-literal,https://stackoverflow.com/questions/32663893/avoiding-freeing-a-string-literal,CWE-590
so:342,Stack Overflow,question,asker,,A1,Allocation,"Is this memory on the heap at all (vs. stack, static, string literal)?",https://stackoverflow.com/questions/29793157/how-does-memory-gets-allocated-for-string-literal-in-c-and-do-we-need-to-free-it,https://stackoverflow.com/questions/29793157/how-does-memory-gets-allocated-for-string-literal-in-c-and-do-we-need-to-free-it,CWE-590
so:343,Stack Overflow,question,asker,,A1,Allocation,"Is this memory on the heap at all (vs. stack, static, string literal)?",https://stackoverflow.com/questions/29793157/how-does-memory-gets-allocated-for-string-literal-in-c-and-do-we-need-to-free-it,https://stackoverflow.com/questions/29793157/how-does-memory-gets-allocated-for-string-literal-in-c-and-do-we-need-to-free-it,CWE-590
so:344,Stack Overflow,question,asker,,A1,Allocation,"Is this memory on the heap at all (vs. stack, static, string literal)?",https://stackoverflow.com/questions/29793157/how-does-memory-gets-allocated-for-string-literal-in-c-and-do-we-need-to-free-it,https://stackoverflow.com/questions/29793157/how-does-memory-gets-allocated-for-string-literal-in-c-and-do-we-need-to-free-it,CWE-590
so:345,Stack Overflow,question,asker,,A1,Allocation,"Is this memory on the heap at all (vs. stack, static, string literal)?",https://stackoverflow.com/questions/23418728/freeing-an-array-of-character-pointers-string-literals,https://stackoverflow.com/questions/23418728/freeing-an-array-of-character-pointers-string-literals,CWE-590
so:346,Stack Overflow,question,asker,,A1,Allocation,"Is this memory on the heap at all (vs. stack, static, string literal)?",https://stackoverflow.com/questions/23418728/freeing-an-array-of-character-pointers-string-literals,https://stackoverflow.com/questions/23418728/freeing-an-array-of-character-pointers-string-literals,CWE-590
so:347,Stack Overflow,question,asker,,A1,Allocation,"Is this memory on the heap at all (vs. stack, static, string literal)?",https://stackoverflow.com/questions/26950411/how-to-distinguish-a-malloced-string-from-a-string-literal,https://stackoverflow.com/questions/26950411/how-to-distinguish-a-malloced-string-from-a-string-literal,CWE-590
so:348,Stack Overflow,question,asker,,A1,Allocation,"Is this memory on the heap at all (vs. stack, static, string literal)?",https://stackoverflow.com/questions/26950411/how-to-distinguish-a-malloced-string-from-a-string-literal,https://stackoverflow.com/questions/26950411/how-to-distinguish-a-malloced-string-from-a-string-literal,CWE-590
so:349,Stack Overflow,question,asker,,A1,Allocation,"Is this memory on the heap at all (vs. stack, static, string literal)?",https://stackoverflow.com/questions/6447376/can-you-determine-if-a-string-if-freeable-in-c,https://stackoverflow.com/questions/6447376/can-you-determine-if-a-string-if-freeable-in-c,CWE-590;CWE-763
so:350,Stack Overflow,question,asker,,A1,Allocation,"Is this memory on the heap at all (vs. stack, static, string literal)?",https://stackoverflow.com/questions/6058909/catching-delete-of-a-stack-object,https://stackoverflow.com/questions/6058909/catching-delete-of-a-stack-object,CWE-590
so:351,Stack Overflow,question,asker,,A1,Allocation,"Is this memory on the heap at all (vs. stack, static, string literal)?",https://stackoverflow.com/questions/6058909/catching-delete-of-a-stack-object,https://stackoverflow.com/questions/6058909/catching-delete-of-a-stack-object,CWE-590
so:351,Stack Overflow,question,asker,,R5,Report interpretation,"How do I detect, configure, or suppress this with the tool?",https://stackoverflow.com/questions/6058909/catching-delete-of-a-stack-object,https://stackoverflow.com/questions/6058909/catching-delete-of-a-stack-object,CWE-590
so:352,Stack Overflow,question,asker,,A1,Allocation,"Is this memory on the heap at all (vs. stack, static, string literal)?",https://stackoverflow.com/questions/21547180/what-is-the-behavior-of-delete-with-stack-objects,https://stackoverflow.com/questions/21547180/what-is-the-behavior-of-delete-with-stack-objects,CWE-590
so:353,Stack Overflow,question,asker,,A1,Allocation,"Is this memory on the heap at all (vs. stack, static, string literal)?",https://stackoverflow.com/questions/21547180/what-is-the-behavior-of-delete-with-stack-objects,https://stackoverflow.com/questions/21547180/what-is-the-behavior-of-delete-with-stack-objects,CWE-590
so:354,Stack Overflow,question,asker,,A1,Allocation,"Is this memory on the heap at all (vs. stack, static, string literal)?",https://stackoverflow.com/questions/21547180/what-is-the-behavior-of-delete-with-stack-objects,https://stackoverflow.com/questions/21547180/what-is-the-behavior-of-delete-with-stack-objects,CWE-590
so:355,Stack Overflow,question,asker,,A1,Allocation,"Is this memory on the heap at all (vs. stack, static, string literal)?",https://stackoverflow.com/questions/18017074/illegal-deletion-of-a-stack-object,https://stackoverflow.com/questions/18017074/illegal-deletion-of-a-stack-object,CWE-590;CWE-459
so:356,Stack Overflow,question,asker,,A1,Allocation,"Is this memory on the heap at all (vs. stack, static, string literal)?",https://stackoverflow.com/questions/38855343/create-shared-ptr-to-stack-object,https://stackoverflow.com/questions/38855343/create-shared-ptr-to-stack-object,CWE-590
so:356,Stack Overflow,question,asker,,O2,Ownership,"Was ownership transferred (to a container, smart pointer, library, or object), so someone else releases it?",https://stackoverflow.com/questions/38855343/create-shared-ptr-to-stack-object,https://stackoverflow.com/questions/38855343/create-shared-ptr-to-stack-object,CWE-590
so:357,Stack Overflow,question,asker,,A1,Allocation,"Is this memory on the heap at all (vs. stack, static, string literal)?",https://stackoverflow.com/questions/38855343/create-shared-ptr-to-stack-object,https://stackoverflow.com/questions/38855343/create-shared-ptr-to-stack-object,CWE-590
so:357,Stack Overflow,question,asker,,L2,Lifetime,"Is the object destroyed when its lifetime ends (scope exit, destructor called, virtual destructor)?",https://stackoverflow.com/questions/38855343/create-shared-ptr-to-stack-object,https://stackoverflow.com/questions/38855343/create-shared-ptr-to-stack-object,CWE-590
so:358,Stack Overflow,question,asker,,A1,Allocation,"Is this memory on the heap at all (vs. stack, static, string literal)?",https://stackoverflow.com/questions/38855343/create-shared-ptr-to-stack-object,https://stackoverflow.com/questions/38855343/create-shared-ptr-to-stack-object,CWE-590
so:358,Stack Overflow,question,asker,,O2,Ownership,"Was ownership transferred (to a container, smart pointer, library, or object), so someone else releases it?",https://stackoverflow.com/questions/38855343/create-shared-ptr-to-stack-object,https://stackoverflow.com/questions/38855343/create-shared-ptr-to-stack-object,CWE-590
so:359,Stack Overflow,question,asker,,A1,Allocation,"Is this memory on the heap at all (vs. stack, static, string literal)?",https://stackoverflow.com/questions/47371101/is-a-pointer-to-a-stack-object-deleted-when-out-of-scope,https://stackoverflow.com/questions/47371101/is-a-pointer-to-a-stack-object-deleted-when-out-of-scope,CWE-762
so:359,Stack Overflow,question,asker,,L2,Lifetime,"Is the object destroyed when its lifetime ends (scope exit, destructor called, virtual destructor)?",https://stackoverflow.com/questions/47371101/is-a-pointer-to-a-stack-object-deleted-when-out-of-scope,https://stackoverflow.com/questions/47371101/is-a-pointer-to-a-stack-object-deleted-when-out-of-scope,CWE-762
so:360,Stack Overflow,question,asker,,A1,Allocation,"Is this memory on the heap at all (vs. stack, static, string literal)?",https://stackoverflow.com/questions/47371101/is-a-pointer-to-a-stack-object-deleted-when-out-of-scope,https://stackoverflow.com/questions/47371101/is-a-pointer-to-a-stack-object-deleted-when-out-of-scope,CWE-762
so:361,Stack Overflow,question,asker,,A1,Allocation,"Is this memory on the heap at all (vs. stack, static, string literal)?",https://stackoverflow.com/questions/47371101/is-a-pointer-to-a-stack-object-deleted-when-out-of-scope,https://stackoverflow.com/questions/47371101/is-a-pointer-to-a-stack-object-deleted-when-out-of-scope,CWE-762
so:362,Stack Overflow,question,asker,,A1,Allocation,"Is this memory on the heap at all (vs. stack, static, string literal)?",https://stackoverflow.com/questions/47371101/is-a-pointer-to-a-stack-object-deleted-when-out-of-scope,https://stackoverflow.com/questions/47371101/is-a-pointer-to-a-stack-object-deleted-when-out-of-scope,CWE-762
so:363,Stack Overflow,question,asker,,A1,Allocation,"Is this memory on the heap at all (vs. stack, static, string literal)?",https://stackoverflow.com/questions/47371101/is-a-pointer-to-a-stack-object-deleted-when-out-of-scope,https://stackoverflow.com/questions/47371101/is-a-pointer-to-a-stack-object-deleted-when-out-of-scope,CWE-762
so:364,Stack Overflow,question,asker,,A1,Allocation,"Is this memory on the heap at all (vs. stack, static, string literal)?",https://stackoverflow.com/questions/47371101/is-a-pointer-to-a-stack-object-deleted-when-out-of-scope,https://stackoverflow.com/questions/47371101/is-a-pointer-to-a-stack-object-deleted-when-out-of-scope,CWE-762
so:365,Stack Overflow,question,asker,,A1,Allocation,"Is this memory on the heap at all (vs. stack, static, string literal)?",https://stackoverflow.com/questions/12513426/what-happens-when-delete-pointer-to-stack-object,https://stackoverflow.com/questions/12513426/what-happens-when-delete-pointer-to-stack-object,CWE-590
so:366,Stack Overflow,question,asker,,A1,Allocation,"Is this memory on the heap at all (vs. stack, static, string literal)?",https://stackoverflow.com/questions/3788005/deleting-object-from-a-stack,https://stackoverflow.com/questions/3788005/deleting-object-from-a-stack,CWE-590
so:367,Stack Overflow,question,asker,,A1,Allocation,"Is this memory on the heap at all (vs. stack, static, string literal)?",https://stackoverflow.com/questions/3788005/deleting-object-from-a-stack,https://stackoverflow.com/questions/3788005/deleting-object-from-a-stack,CWE-590
so:368,Stack Overflow,question,asker,,A1,Allocation,"Is this memory on the heap at all (vs. stack, static, string literal)?",https://stackoverflow.com/questions/10836591/class-members-and-explicit-stack-heap-allocation,https://stackoverflow.com/questions/10836591/class-members-and-explicit-stack-heap-allocation,CWE-459;CWE-401
so:369,Stack Overflow,question,asker,,A1,Allocation,"Is this memory on the heap at all (vs. stack, static, string literal)?",https://stackoverflow.com/questions/10836591/class-members-and-explicit-stack-heap-allocation,https://stackoverflow.com/questions/10836591/class-members-and-explicit-stack-heap-allocation,CWE-459;CWE-401
so:370,Stack Overflow,question,asker,,A1,Allocation,"Is this memory on the heap at all (vs. stack, static, string literal)?",https://stackoverflow.com/questions/10836591/class-members-and-explicit-stack-heap-allocation,https://stackoverflow.com/questions/10836591/class-members-and-explicit-stack-heap-allocation,CWE-459;CWE-401
so:371,Stack Overflow,question,asker,,N3,Composite cleanup,Does the cleanup routine / destructor release every resource the object owns?,https://stackoverflow.com/questions/10836591/class-members-and-explicit-stack-heap-allocation,https://stackoverflow.com/questions/10836591/class-members-and-explicit-stack-heap-allocation,CWE-459;CWE-401
so:372,Stack Overflow,question,asker,,L2,Lifetime,"Is the object destroyed when its lifetime ends (scope exit, destructor called, virtual destructor)?",https://stackoverflow.com/questions/447379/what-is-the-use-of-delete-this,https://stackoverflow.com/questions/447379/what-is-the-use-of-delete-this,CWE-459
so:373,Stack Overflow,question,asker,,O2,Ownership,"Was ownership transferred (to a container, smart pointer, library, or object), so someone else releases it?",https://stackoverflow.com/questions/75966130/moving-a-unique-pointer-undefined-behavior-on-cppreference,https://stackoverflow.com/questions/75966130/moving-a-unique-pointer-undefined-behavior-on-cppreference,CWE-459
so:374,Stack Overflow,question,asker,,O2,Ownership,"Was ownership transferred (to a container, smart pointer, library, or object), so someone else releases it?",https://stackoverflow.com/questions/75966130/moving-a-unique-pointer-undefined-behavior-on-cppreference,https://stackoverflow.com/questions/75966130/moving-a-unique-pointer-undefined-behavior-on-cppreference,CWE-459
so:375,Stack Overflow,question,asker,,L1,Lifetime,"Must the memory be freed before program exit, or is exit-time retention acceptable?",https://stackoverflow.com/questions/14199689/how-can-i-handle-exit-calls-in-3rd-party-library-code,https://stackoverflow.com/questions/14199689/how-can-i-handle-exit-calls-in-3rd-party-library-code,CWE-459
so:376,Stack Overflow,question,asker,,L1,Lifetime,"Must the memory be freed before program exit, or is exit-time retention acceptable?",https://stackoverflow.com/questions/14199689/how-can-i-handle-exit-calls-in-3rd-party-library-code,https://stackoverflow.com/questions/14199689/how-can-i-handle-exit-calls-in-3rd-party-library-code,CWE-459
so:377,Stack Overflow,question,asker,,L1,Lifetime,"Must the memory be freed before program exit, or is exit-time retention acceptable?",https://stackoverflow.com/questions/14199689/how-can-i-handle-exit-calls-in-3rd-party-library-code,https://stackoverflow.com/questions/14199689/how-can-i-handle-exit-calls-in-3rd-party-library-code,CWE-459
so:380,Stack Overflow,question,asker,,A1,Allocation,"Is this memory on the heap at all (vs. stack, static, string literal)?",https://stackoverflow.com/questions/10716013/can-i-free-static-and-automatic-variables-in-c,https://stackoverflow.com/questions/10716013/can-i-free-static-and-automatic-variables-in-c,CWE-590
so:381,Stack Overflow,question,asker,,A1,Allocation,"Is this memory on the heap at all (vs. stack, static, string literal)?",https://stackoverflow.com/questions/10716013/can-i-free-static-and-automatic-variables-in-c,https://stackoverflow.com/questions/10716013/can-i-free-static-and-automatic-variables-in-c,CWE-590
so:382,Stack Overflow,question,asker,,A1,Allocation,"Is this memory on the heap at all (vs. stack, static, string literal)?",https://stackoverflow.com/questions/75315299/memory-leak-in-c-with-static-variable-and-i-dont-know-how-to-fix-it,https://stackoverflow.com/questions/75315299/memory-leak-in-c-with-static-variable-and-i-dont-know-how-to-fix-it,CWE-401
so:385,Stack Overflow,question,asker,,X1,Cross-module,"Are allocation and release done by the same module/runtime heap (DLL, CRT, FFI boundary)?",https://stackoverflow.com/questions/65847255/asan-not-properly-intercepting-alloc-free-in-stdostringstreams-str-when-overr,https://stackoverflow.com/questions/65847255/asan-not-properly-intercepting-alloc-free-in-stdostringstreams-str-when-overr,CWE-590;CWE-761
so:385,Stack Overflow,question,asker,,R3,Report interpretation,"Is the report caused by my code, or by a library, runtime, or the tool itself?",https://stackoverflow.com/questions/65847255/asan-not-properly-intercepting-alloc-free-in-stdostringstreams-str-when-overr,https://stackoverflow.com/questions/65847255/asan-not-properly-intercepting-alloc-free-in-stdostringstreams-str-when-overr,CWE-590;CWE-761
so:386,Stack Overflow,question,asker,,R3,Report interpretation,"Is the report caused by my code, or by a library, runtime, or the tool itself?",https://stackoverflow.com/questions/65847255/asan-not-properly-intercepting-alloc-free-in-stdostringstreams-str-when-overr,https://stackoverflow.com/questions/65847255/asan-not-properly-intercepting-alloc-free-in-stdostringstreams-str-when-overr,CWE-590;CWE-761
so:387,Stack Overflow,question,asker,,D2,Deallocation,Is the pointer passed to free exactly the one the allocator returned (not offset/advanced)?,https://stackoverflow.com/questions/17440621/freeing-memory-after-you-have-incremented-the-pointer,https://stackoverflow.com/questions/17440621/freeing-memory-after-you-have-incremented-the-pointer,CWE-590;CWE-761;CWE-763
so:388,Stack Overflow,question,asker,,D2,Deallocation,Is the pointer passed to free exactly the one the allocator returned (not offset/advanced)?,https://stackoverflow.com/questions/32849739/understanding-malloc-and-pointer-incrementation-with-free,https://stackoverflow.com/questions/32849739/understanding-malloc-and-pointer-incrementation-with-free,CWE-761
so:390,Stack Overflow,question,asker,,D2,Deallocation,Is the pointer passed to free exactly the one the allocator returned (not offset/advanced)?,https://stackoverflow.com/questions/5414549/c-free-routine-and-incremented-array-pointers,https://stackoverflow.com/questions/5414549/c-free-routine-and-incremented-array-pointers,CWE-761
so:391,Stack Overflow,question,asker,,D2,Deallocation,Is the pointer passed to free exactly the one the allocator returned (not offset/advanced)?,https://stackoverflow.com/questions/5414549/c-free-routine-and-incremented-array-pointers,https://stackoverflow.com/questions/5414549/c-free-routine-and-incremented-array-pointers,CWE-761
so:392,Stack Overflow,question,asker,,K,Non-diagnostic,"Allocator internals (how free knows the size, etc.)",https://stackoverflow.com/questions/1963745/how-does-free-know-how-much-memory-to-deallocate,https://stackoverflow.com/questions/1963745/how-does-free-know-how-much-memory-to-deallocate,CWE-761
so:393,Stack Overflow,question,asker,,K,Non-diagnostic,"Allocator internals (how free knows the size, etc.)",https://stackoverflow.com/questions/1963745/how-does-free-know-how-much-memory-to-deallocate,https://stackoverflow.com/questions/1963745/how-does-free-know-how-much-memory-to-deallocate,CWE-761
so:394,Stack Overflow,question,asker,,K,Non-diagnostic,"Allocator internals (how free knows the size, etc.)",https://stackoverflow.com/questions/1963745/how-does-free-know-how-much-memory-to-deallocate,https://stackoverflow.com/questions/1963745/how-does-free-know-how-much-memory-to-deallocate,CWE-761
so:396,Stack Overflow,question,asker,,K,Non-diagnostic,"Allocator internals (how free knows the size, etc.)",https://stackoverflow.com/questions/8466743/c-code-malloc-and-free,https://stackoverflow.com/questions/8466743/c-code-malloc-and-free,CWE-761;CWE-459;CWE-401
so:397,Stack Overflow,question,asker,,K,Non-diagnostic,"Allocator internals (how free knows the size, etc.)",https://stackoverflow.com/questions/8466743/c-code-malloc-and-free,https://stackoverflow.com/questions/8466743/c-code-malloc-and-free,CWE-761;CWE-459;CWE-401
so:398,Stack Overflow,question,asker,,K,Non-diagnostic,"Allocator internals (how free knows the size, etc.)",https://stackoverflow.com/questions/8466743/c-code-malloc-and-free,https://stackoverflow.com/questions/8466743/c-code-malloc-and-free,CWE-761;CWE-459;CWE-401
so:399,Stack Overflow,question,asker,,K,Non-diagnostic,"Allocator internals (how free knows the size, etc.)",https://stackoverflow.com/questions/8466743/c-code-malloc-and-free,https://stackoverflow.com/questions/8466743/c-code-malloc-and-free,CWE-761;CWE-459;CWE-401
so:400,Stack Overflow,question,asker,,K,Non-diagnostic,"Allocator internals (how free knows the size, etc.)",https://stackoverflow.com/questions/8466743/c-code-malloc-and-free,https://stackoverflow.com/questions/8466743/c-code-malloc-and-free,CWE-761;CWE-459;CWE-401
so:401,Stack Overflow,question,asker,,N2,Composite cleanup,Is a reference cycle or refcount imbalance preventing release?,https://stackoverflow.com/questions/10608781/how-to-implement-reference-counting-in-c,https://stackoverflow.com/questions/10608781/how-to-implement-reference-counting-in-c,CWE-761
so:402,Stack Overflow,question,asker,,N2,Composite cleanup,Is a reference cycle or refcount imbalance preventing release?,https://stackoverflow.com/questions/10608781/how-to-implement-reference-counting-in-c,https://stackoverflow.com/questions/10608781/how-to-implement-reference-counting-in-c,CWE-761
so:403,Stack Overflow,question,asker,,D2,Deallocation,Is the pointer passed to free exactly the one the allocator returned (not offset/advanced)?,https://stackoverflow.com/questions/19779846/how-are-char-deallocated-in-c,https://stackoverflow.com/questions/19779846/how-are-char-deallocated-in-c,CWE-401
so:403,Stack Overflow,question,asker,,E1,Escape / aliasing,Was the last reference overwritten or lost before release?,https://stackoverflow.com/questions/19779846/how-are-char-deallocated-in-c,https://stackoverflow.com/questions/19779846/how-are-char-deallocated-in-c,CWE-401
so:404,Stack Overflow,question,asker,,V1,Report interpretation,"Is the suspected leak/invalid free real, or a false positive / benign report?",https://stackoverflow.com/questions/58530570/memory-leakage-when-accessing-using-pointer-elements-from-a-struct-received-by,https://stackoverflow.com/questions/58530570/memory-leakage-when-accessing-using-pointer-elements-from-a-struct-received-by,CWE-401
so:405,Stack Overflow,question,asker,,L2,Lifetime,"Is the object destroyed when its lifetime ends (scope exit, destructor called, virtual destructor)?",https://stackoverflow.com/questions/58530570/memory-leakage-when-accessing-using-pointer-elements-from-a-struct-received-by,https://stackoverflow.com/questions/58530570/memory-leakage-when-accessing-using-pointer-elements-from-a-struct-received-by,CWE-401
so:406,Stack Overflow,question,asker,,V1,Report interpretation,"Is the suspected leak/invalid free real, or a false positive / benign report?",https://stackoverflow.com/questions/58530570/memory-leakage-when-accessing-using-pointer-elements-from-a-struct-received-by,https://stackoverflow.com/questions/58530570/memory-leakage-when-accessing-using-pointer-elements-from-a-struct-received-by,CWE-401
so:408,Stack Overflow,question,asker,,C2,Control flow,"Is the old block released on each loop iteration / reallocation (realloc failure, reassignment in a loop)?",https://stackoverflow.com/questions/54333382/double-free-or-corruption-when-using-char,https://stackoverflow.com/questions/54333382/double-free-or-corruption-when-using-char,CWE-763;CWE-789
so:410,Stack Overflow,question,asker,,C2,Control flow,"Is the old block released on each loop iteration / reallocation (realloc failure, reassignment in a loop)?",https://stackoverflow.com/questions/39282669/can-i-should-i-free-pointer-returned-by-strtok,https://stackoverflow.com/questions/39282669/can-i-should-i-free-pointer-returned-by-strtok,CWE-763
so:410,Stack Overflow,question,asker,,D1,Deallocation,"Is there a matching release for this allocation, and where should it go?",https://stackoverflow.com/questions/39282669/can-i-should-i-free-pointer-returned-by-strtok,https://stackoverflow.com/questions/39282669/can-i-should-i-free-pointer-returned-by-strtok,CWE-763
so:411,Stack Overflow,question,asker,,D1,Deallocation,"Is there a matching release for this allocation, and where should it go?",https://stackoverflow.com/questions/59593891/error-munmap-chunk-invalid-pointer-in-c-program,https://stackoverflow.com/questions/59593891/error-munmap-chunk-invalid-pointer-in-c-program,CWE-590;CWE-763
so:412,Stack Overflow,question,asker,,O1,Ownership,Who is responsible for releasing this memory (caller vs. callee contract)?,https://stackoverflow.com/questions/59593891/error-munmap-chunk-invalid-pointer-in-c-program,https://stackoverflow.com/questions/59593891/error-munmap-chunk-invalid-pointer-in-c-program,CWE-590;CWE-763
so:413,Stack Overflow,question,asker,,D4,Deallocation,"Is the pointer valid to free right now (initialized, not already freed, not dangling)?",https://stackoverflow.com/questions/32415774/freeing-an-invalid-pointer,https://stackoverflow.com/questions/32415774/freeing-an-invalid-pointer,CWE-763
so:414,Stack Overflow,question,asker,,N1,Composite cleanup,"Are nested sub-allocations released (struct members, list nodes, 2-D arrays) before/with the parent?",https://stackoverflow.com/questions/41070416/unexpected-free-behavior,https://stackoverflow.com/questions/41070416/unexpected-free-behavior,CWE-763;CWE-401
so:414,Stack Overflow,question,asker,,A2,Allocation,Does this function/API allocate what it returns (must the caller free it)?,https://stackoverflow.com/questions/41070416/unexpected-free-behavior,https://stackoverflow.com/questions/41070416/unexpected-free-behavior,CWE-763;CWE-401
so:415,Stack Overflow,question,asker,,O2,Ownership,"Was ownership transferred (to a container, smart pointer, library, or object), so someone else releases it?",https://stackoverflow.com/questions/7875764/using-qsharedpointer-with-new-yields-mismatched-free-delete-delete-i,https://stackoverflow.com/questions/7875764/using-qsharedpointer-with-new-yields-mismatched-free-delete-delete-i,CWE-762
so:415,Stack Overflow,question,asker,,V1,Report interpretation,"Is the suspected leak/invalid free real, or a false positive / benign report?",https://stackoverflow.com/questions/7875764/using-qsharedpointer-with-new-yields-mismatched-free-delete-delete-i,https://stackoverflow.com/questions/7875764/using-qsharedpointer-with-new-yields-mismatched-free-delete-delete-i,CWE-762
so:416,Stack Overflow,question,asker,,D3,Deallocation,Is the deallocator the right one for the allocator (free vs delete vs delete[] vs library free)?,https://stackoverflow.com/questions/53922209/how-to-invoke-aligned-new-delete-properly,https://stackoverflow.com/questions/53922209/how-to-invoke-aligned-new-delete-properly,CWE-762
so:417,Stack Overflow,question,asker,,D3,Deallocation,Is the deallocator the right one for the allocator (free vs delete vs delete[] vs library free)?,https://stackoverflow.com/questions/53922209/how-to-invoke-aligned-new-delete-properly,https://stackoverflow.com/questions/53922209/how-to-invoke-aligned-new-delete-properly,CWE-762
so:418,Stack Overflow,question,asker,,D3,Deallocation,Is the deallocator the right one for the allocator (free vs delete vs delete[] vs library free)?,https://stackoverflow.com/questions/53922209/how-to-invoke-aligned-new-delete-properly,https://stackoverflow.com/questions/53922209/how-to-invoke-aligned-new-delete-properly,CWE-762
so:419,Stack Overflow,question,asker,,D3,Deallocation,Is the deallocator the right one for the allocator (free vs delete vs delete[] vs library free)?,https://stackoverflow.com/questions/33063463/using-freeconst-char-in-c-11,https://stackoverflow.com/questions/33063463/using-freeconst-char-in-c-11,CWE-762
so:420,Stack Overflow,question,asker,,D3,Deallocation,Is the deallocator the right one for the allocator (free vs delete vs delete[] vs library free)?,https://stackoverflow.com/questions/21377360/proper-way-to-create-unique-ptr-that-holds-an-allocated-array,https://stackoverflow.com/questions/21377360/proper-way-to-create-unique-ptr-that-holds-an-allocated-array,CWE-762;CWE-401
so:421,Stack Overflow,question,asker,,D3,Deallocation,Is the deallocator the right one for the allocator (free vs delete vs delete[] vs library free)?,https://stackoverflow.com/questions/9238731/how-serious-is-the-new-delete-operator-mismatch-error,https://stackoverflow.com/questions/9238731/how-serious-is-the-new-delete-operator-mismatch-error,CWE-762;CWE-401
so:422,Stack Overflow,question,asker,,D3,Deallocation,Is the deallocator the right one for the allocator (free vs delete vs delete[] vs library free)?,https://stackoverflow.com/questions/9238731/how-serious-is-the-new-delete-operator-mismatch-error,https://stackoverflow.com/questions/9238731/how-serious-is-the-new-delete-operator-mismatch-error,CWE-762;CWE-401
so:423,Stack Overflow,question,asker,,D3,Deallocation,Is the deallocator the right one for the allocator (free vs delete vs delete[] vs library free)?,https://stackoverflow.com/questions/9238731/how-serious-is-the-new-delete-operator-mismatch-error,https://stackoverflow.com/questions/9238731/how-serious-is-the-new-delete-operator-mismatch-error,CWE-762;CWE-401
so:424,Stack Overflow,question,asker,,D4,Deallocation,"Is the pointer valid to free right now (initialized, not already freed, not dangling)?",https://stackoverflow.com/questions/58110985/valgrind-errors-with-boostthread-specific-ptr-on-gcc-8-3-linux,https://stackoverflow.com/questions/58110985/valgrind-errors-with-boostthread-specific-ptr-on-gcc-8-3-linux,CWE-762;CWE-763;CWE-401
so:425,Stack Overflow,question,asker,,R4,Report interpretation,Where was the block allocated / where does the leak or bad free originate?,https://stackoverflow.com/questions/3872290/how-to-locate-a-free-delete-mismatch-reported-by-valgrind-in-a-multithreaded-pro,https://stackoverflow.com/questions/3872290/how-to-locate-a-free-delete-mismatch-reported-by-valgrind-in-a-multithreaded-pro,CWE-762;CWE-763
so:426,Stack Overflow,question,asker,,D3,Deallocation,Is the deallocator the right one for the allocator (free vs delete vs delete[] vs library free)?,https://stackoverflow.com/questions/42663978/correct-way-to-allocate-memory-to-stdshared-ptr,https://stackoverflow.com/questions/42663978/correct-way-to-allocate-memory-to-stdshared-ptr,CWE-762;CWE-459
so:427,Stack Overflow,question,asker,,R5,Report interpretation,"How do I detect, configure, or suppress this with the tool?",https://stackoverflow.com/questions/75526643/how-to-suppress-alloc-dealloc-mismatch-in-leaksanatizer,https://stackoverflow.com/questions/75526643/how-to-suppress-alloc-dealloc-mismatch-in-leaksanatizer,CWE-762;CWE-401
so:428,Stack Overflow,question,asker,,D3,Deallocation,Is the deallocator the right one for the allocator (free vs delete vs delete[] vs library free)?,https://stackoverflow.com/questions/79224819/addresssanitizer-alloc-dealloc-mismatch-operator-new-vs-free-on-exception,https://stackoverflow.com/questions/79224819/addresssanitizer-alloc-dealloc-mismatch-operator-new-vs-free-on-exception,CWE-762;CWE-761
so:429,Stack Overflow,question,asker,,D3,Deallocation,Is the deallocator the right one for the allocator (free vs delete vs delete[] vs library free)?,https://stackoverflow.com/questions/7647964/how-to-check-consequence-of-using-free-with-new,https://stackoverflow.com/questions/7647964/how-to-check-consequence-of-using-free-with-new,CWE-762;CWE-459
so:430,Stack Overflow,question,asker,,D3,Deallocation,Is the deallocator the right one for the allocator (free vs delete vs delete[] vs library free)?,https://stackoverflow.com/questions/240212/what-is-the-difference-between-new-delete-and-malloc-free,https://stackoverflow.com/questions/240212/what-is-the-difference-between-new-delete-and-malloc-free,CWE-762
so:431,Stack Overflow,question,asker,,D3,Deallocation,Is the deallocator the right one for the allocator (free vs delete vs delete[] vs library free)?,https://stackoverflow.com/questions/240212/what-is-the-difference-between-new-delete-and-malloc-free,https://stackoverflow.com/questions/240212/what-is-the-difference-between-new-delete-and-malloc-free,CWE-762
so:432,Stack Overflow,question,asker,,A3,Allocation,Which allocator family produced this pointer (malloc/new/new[]/custom/library)?,https://stackoverflow.com/questions/240212/what-is-the-difference-between-new-delete-and-malloc-free,https://stackoverflow.com/questions/240212/what-is-the-difference-between-new-delete-and-malloc-free,CWE-762
so:434,Stack Overflow,question,asker,,D3,Deallocation,Is the deallocator the right one for the allocator (free vs delete vs delete[] vs library free)?,https://stackoverflow.com/questions/370195/when-and-why-will-a-compiler-initialise-memory-to-0xcd-0xdd-etc-on-malloc-fre,https://stackoverflow.com/questions/370195/when-and-why-will-a-compiler-initialise-memory-to-0xcd-0xdd-etc-on-malloc-fre,CWE-762
so:435,Stack Overflow,question,asker,,L2,Lifetime,"Is the object destroyed when its lifetime ends (scope exit, destructor called, virtual destructor)?",https://stackoverflow.com/questions/21374891/c-explicit-destructor-call-through-base-pointer,https://stackoverflow.com/questions/21374891/c-explicit-destructor-call-through-base-pointer,CWE-459
so:436,Stack Overflow,question,asker,,D3,Deallocation,Is the deallocator the right one for the allocator (free vs delete vs delete[] vs library free)?,https://stackoverflow.com/questions/21374891/c-explicit-destructor-call-through-base-pointer,https://stackoverflow.com/questions/21374891/c-explicit-destructor-call-through-base-pointer,CWE-459
so:440,Stack Overflow,question,asker,,D3,Deallocation,Is the deallocator the right one for the allocator (free vs delete vs delete[] vs library free)?,https://stackoverflow.com/questions/19154980/malloc-free-and-new-delete-compatibility-in-c,https://stackoverflow.com/questions/19154980/malloc-free-and-new-delete-compatibility-in-c,CWE-762
so:441,Stack Overflow,question,asker,,D3,Deallocation,Is the deallocator the right one for the allocator (free vs delete vs delete[] vs library free)?,https://stackoverflow.com/questions/19154980/malloc-free-and-new-delete-compatibility-in-c,https://stackoverflow.com/questions/19154980/malloc-free-and-new-delete-compatibility-in-c,CWE-762
so:442,Stack Overflow,question,asker,,L1,Lifetime,"Must the memory be freed before program exit, or is exit-time retention acceptable?",https://stackoverflow.com/questions/1232262/memory-leak-in-c-c-forgot-to-do-free-delete,https://stackoverflow.com/questions/1232262/memory-leak-in-c-c-forgot-to-do-free-delete,CWE-401
so:443,Stack Overflow,question,asker,,V1,Report interpretation,"Is the suspected leak/invalid free real, or a false positive / benign report?",https://stackoverflow.com/questions/1232262/memory-leak-in-c-c-forgot-to-do-free-delete,https://stackoverflow.com/questions/1232262/memory-leak-in-c-c-forgot-to-do-free-delete,CWE-401
so:444,Stack Overflow,question,asker,,L1,Lifetime,"Must the memory be freed before program exit, or is exit-time retention acceptable?",https://stackoverflow.com/questions/1232262/memory-leak-in-c-c-forgot-to-do-free-delete,https://stackoverflow.com/questions/1232262/memory-leak-in-c-c-forgot-to-do-free-delete,CWE-401
so:445,Stack Overflow,question,asker,,L1,Lifetime,"Must the memory be freed before program exit, or is exit-time retention acceptable?",https://stackoverflow.com/questions/1232262/memory-leak-in-c-c-forgot-to-do-free-delete,https://stackoverflow.com/questions/1232262/memory-leak-in-c-c-forgot-to-do-free-delete,CWE-401
so:446,Stack Overflow,question,asker,,R5,Report interpretation,"How do I detect, configure, or suppress this with the tool?",https://stackoverflow.com/questions/1232262/memory-leak-in-c-c-forgot-to-do-free-delete,https://stackoverflow.com/questions/1232262/memory-leak-in-c-c-forgot-to-do-free-delete,CWE-401
so:447,Stack Overflow,question,asker,,L1,Lifetime,"Must the memory be freed before program exit, or is exit-time retention acceptable?",https://stackoverflow.com/questions/6727383/dynamically-allocated-memory-after-program-termination,https://stackoverflow.com/questions/6727383/dynamically-allocated-memory-after-program-termination,CWE-762
so:448,Stack Overflow,question,asker,,L1,Lifetime,"Must the memory be freed before program exit, or is exit-time retention acceptable?",https://stackoverflow.com/questions/6727383/dynamically-allocated-memory-after-program-termination,https://stackoverflow.com/questions/6727383/dynamically-allocated-memory-after-program-termination,CWE-762
so:449,Stack Overflow,question,asker,,D1,Deallocation,"Is there a matching release for this allocation, and where should it go?",https://stackoverflow.com/questions/993590/should-i-delete-vectorstring,https://stackoverflow.com/questions/993590/should-i-delete-vectorstring,CWE-762;CWE-789;CWE-401
so:450,Stack Overflow,question,asker,,V1,Report interpretation,"Is the suspected leak/invalid free real, or a false positive / benign report?",https://stackoverflow.com/questions/49651149/memory-consumption-after-new-then-delete,https://stackoverflow.com/questions/49651149/memory-consumption-after-new-then-delete,CWE-762;CWE-401
so:450,Stack Overflow,question,asker,,L3,Lifetime,"Does memory keep growing with repetitions (retained longer than needed, unbounded growth)?",https://stackoverflow.com/questions/49651149/memory-consumption-after-new-then-delete,https://stackoverflow.com/questions/49651149/memory-consumption-after-new-then-delete,CWE-762;CWE-401
so:451,Stack Overflow,question,asker,,D1,Deallocation,"Is there a matching release for this allocation, and where should it go?",https://stackoverflow.com/questions/49651149/memory-consumption-after-new-then-delete,https://stackoverflow.com/questions/49651149/memory-consumption-after-new-then-delete,CWE-762;CWE-401
so:454,Stack Overflow,question,asker,,O2,Ownership,"Was ownership transferred (to a container, smart pointer, library, or object), so someone else releases it?",https://stackoverflow.com/questions/2677097/can-i-free-memory-passed-to-sysallocstring,https://stackoverflow.com/questions/2677097/can-i-free-memory-passed-to-sysallocstring,CWE-762
so:455,Stack Overflow,question,asker,,O2,Ownership,"Was ownership transferred (to a container, smart pointer, library, or object), so someone else releases it?",https://stackoverflow.com/questions/2677097/can-i-free-memory-passed-to-sysallocstring,https://stackoverflow.com/questions/2677097/can-i-free-memory-passed-to-sysallocstring,CWE-762
so:456,Stack Overflow,question,asker,,O2,Ownership,"Was ownership transferred (to a container, smart pointer, library, or object), so someone else releases it?",https://stackoverflow.com/questions/2677097/can-i-free-memory-passed-to-sysallocstring,https://stackoverflow.com/questions/2677097/can-i-free-memory-passed-to-sysallocstring,CWE-762
so:457,Stack Overflow,question,asker,,O2,Ownership,"Was ownership transferred (to a container, smart pointer, library, or object), so someone else releases it?",https://stackoverflow.com/questions/2677097/can-i-free-memory-passed-to-sysallocstring,https://stackoverflow.com/questions/2677097/can-i-free-memory-passed-to-sysallocstring,CWE-762
so:458,Stack Overflow,question,asker,,D4,Deallocation,"Is the pointer valid to free right now (initialized, not already freed, not dangling)?",https://stackoverflow.com/questions/33718268/c-free-crashes-on-reassigned-pointer-of-pointer,https://stackoverflow.com/questions/33718268/c-free-crashes-on-reassigned-pointer-of-pointer,CWE-762;CWE-459
so:459,Stack Overflow,question,asker,,D4,Deallocation,"Is the pointer valid to free right now (initialized, not already freed, not dangling)?",https://stackoverflow.com/questions/33718268/c-free-crashes-on-reassigned-pointer-of-pointer,https://stackoverflow.com/questions/33718268/c-free-crashes-on-reassigned-pointer-of-pointer,CWE-762;CWE-459
so:460,Stack Overflow,question,asker,,D3,Deallocation,Is the deallocator the right one for the allocator (free vs delete vs delete[] vs library free)?,https://stackoverflow.com/questions/67578185/why-does-the-delete-syntax-exist-in-c,https://stackoverflow.com/questions/67578185/why-does-the-delete-syntax-exist-in-c,CWE-762
so:461,Stack Overflow,question,asker,,D3,Deallocation,Is the deallocator the right one for the allocator (free vs delete vs delete[] vs library free)?,https://stackoverflow.com/questions/1917411/whats-the-result-if-i-use-delete-p-instead-of-delete-p-for-an-array,https://stackoverflow.com/questions/1917411/whats-the-result-if-i-use-delete-p-instead-of-delete-p-for-an-array,CWE-762
so:462,Stack Overflow,question,asker,,D3,Deallocation,Is the deallocator the right one for the allocator (free vs delete vs delete[] vs library free)?,https://stackoverflow.com/questions/1917411/whats-the-result-if-i-use-delete-p-instead-of-delete-p-for-an-array,https://stackoverflow.com/questions/1917411/whats-the-result-if-i-use-delete-p-instead-of-delete-p-for-an-array,CWE-762
so:463,Stack Overflow,question,asker,,D3,Deallocation,Is the deallocator the right one for the allocator (free vs delete vs delete[] vs library free)?,https://stackoverflow.com/questions/1612031/is-there-any-danger-in-calling-free-or-delete-instead-of-delete,https://stackoverflow.com/questions/1612031/is-there-any-danger-in-calling-free-or-delete-instead-of-delete,CWE-762;CWE-459
so:464,Stack Overflow,question,asker,,D3,Deallocation,Is the deallocator the right one for the allocator (free vs delete vs delete[] vs library free)?,https://stackoverflow.com/questions/1612031/is-there-any-danger-in-calling-free-or-delete-instead-of-delete,https://stackoverflow.com/questions/1612031/is-there-any-danger-in-calling-free-or-delete-instead-of-delete,CWE-762;CWE-459
so:465,Stack Overflow,question,asker,,D3,Deallocation,Is the deallocator the right one for the allocator (free vs delete vs delete[] vs library free)?,https://stackoverflow.com/questions/1612031/is-there-any-danger-in-calling-free-or-delete-instead-of-delete,https://stackoverflow.com/questions/1612031/is-there-any-danger-in-calling-free-or-delete-instead-of-delete,CWE-762;CWE-459
so:466,Stack Overflow,question,asker,,D3,Deallocation,Is the deallocator the right one for the allocator (free vs delete vs delete[] vs library free)?,https://stackoverflow.com/questions/1612031/is-there-any-danger-in-calling-free-or-delete-instead-of-delete,https://stackoverflow.com/questions/1612031/is-there-any-danger-in-calling-free-or-delete-instead-of-delete,CWE-762;CWE-459
so:467,Stack Overflow,question,asker,,K,Non-diagnostic,"Allocator internals (how free knows the size, etc.)",https://stackoverflow.com/questions/1612031/is-there-any-danger-in-calling-free-or-delete-instead-of-delete,https://stackoverflow.com/questions/1612031/is-there-any-danger-in-calling-free-or-delete-instead-of-delete,CWE-762;CWE-459
so:468,Stack Overflow,question,asker,,K,Non-diagnostic,"Allocator internals (how free knows the size, etc.)",https://stackoverflow.com/questions/1612031/is-there-any-danger-in-calling-free-or-delete-instead-of-delete,https://stackoverflow.com/questions/1612031/is-there-any-danger-in-calling-free-or-delete-instead-of-delete,CWE-762;CWE-459
so:469,Stack Overflow,question,asker,,D3,Deallocation,Is the deallocator the right one for the allocator (free vs delete vs delete[] vs library free)?,https://stackoverflow.com/questions/1612031/is-there-any-danger-in-calling-free-or-delete-instead-of-delete,https://stackoverflow.com/questions/1612031/is-there-any-danger-in-calling-free-or-delete-instead-of-delete,CWE-762;CWE-459
so:470,Stack Overflow,question,asker,,D3,Deallocation,Is the deallocator the right one for the allocator (free vs delete vs delete[] vs library free)?,https://stackoverflow.com/questions/59151808/is-it-safe-to-use-delete-instead-of-delete-on-a-pod-array,https://stackoverflow.com/questions/59151808/is-it-safe-to-use-delete-instead-of-delete-on-a-pod-array,CWE-762
so:471,Stack Overflow,question,asker,,D3,Deallocation,Is the deallocator the right one for the allocator (free vs delete vs delete[] vs library free)?,https://stackoverflow.com/questions/59151808/is-it-safe-to-use-delete-instead-of-delete-on-a-pod-array,https://stackoverflow.com/questions/59151808/is-it-safe-to-use-delete-instead-of-delete-on-a-pod-array,CWE-762
so:472,Stack Overflow,question,asker,,D3,Deallocation,Is the deallocator the right one for the allocator (free vs delete vs delete[] vs library free)?,https://stackoverflow.com/questions/9327003/boostptr-vector-with-arrays-can-i-be-sure-that-its-destructor-calls-delete,https://stackoverflow.com/questions/9327003/boostptr-vector-with-arrays-can-i-be-sure-that-its-destructor-calls-delete,CWE-762;CWE-459
so:473,Stack Overflow,question,asker,,D3,Deallocation,Is the deallocator the right one for the allocator (free vs delete vs delete[] vs library free)?,https://stackoverflow.com/questions/15073970/why-does-calling-delete-instead-of-delete-on-an-array-of-class-objects-cause-h,https://stackoverflow.com/questions/15073970/why-does-calling-delete-instead-of-delete-on-an-array-of-class-objects-cause-h,CWE-762;CWE-459
so:474,Stack Overflow,question,asker,,D3,Deallocation,Is the deallocator the right one for the allocator (free vs delete vs delete[] vs library free)?,https://stackoverflow.com/questions/15073970/why-does-calling-delete-instead-of-delete-on-an-array-of-class-objects-cause-h,https://stackoverflow.com/questions/15073970/why-does-calling-delete-instead-of-delete-on-an-array-of-class-objects-cause-h,CWE-762;CWE-459
so:475,Stack Overflow,question,asker,,D3,Deallocation,Is the deallocator the right one for the allocator (free vs delete vs delete[] vs library free)?,https://stackoverflow.com/questions/8405099/why-cant-the-runtime-environment-decide-to-apply-delete-or-delete-instead-of,https://stackoverflow.com/questions/8405099/why-cant-the-runtime-environment-decide-to-apply-delete-or-delete-instead-of,CWE-762;CWE-459
so:476,Stack Overflow,question,asker,,D3,Deallocation,Is the deallocator the right one for the allocator (free vs delete vs delete[] vs library free)?,https://stackoverflow.com/questions/8405099/why-cant-the-runtime-environment-decide-to-apply-delete-or-delete-instead-of,https://stackoverflow.com/questions/8405099/why-cant-the-runtime-environment-decide-to-apply-delete-or-delete-instead-of,CWE-762;CWE-459
so:477,Stack Overflow,question,asker,,K,Non-diagnostic,"Allocator internals (how free knows the size, etc.)",https://stackoverflow.com/questions/703691/how-does-delete-know-its-an-array,https://stackoverflow.com/questions/703691/how-does-delete-know-its-an-array,CWE-762
so:478,Stack Overflow,question,asker,,K,Non-diagnostic,"Allocator internals (how free knows the size, etc.)",https://stackoverflow.com/questions/703691/how-does-delete-know-its-an-array,https://stackoverflow.com/questions/703691/how-does-delete-know-its-an-array,CWE-762
so:479,Stack Overflow,question,asker,,D3,Deallocation,Is the deallocator the right one for the allocator (free vs delete vs delete[] vs library free)?,https://stackoverflow.com/questions/4255598/delete-vs-delete,https://stackoverflow.com/questions/4255598/delete-vs-delete,CWE-762
so:480,Stack Overflow,question,asker,,R5,Report interpretation,"How do I detect, configure, or suppress this with the tool?",https://stackoverflow.com/questions/33321056/diagnosing-memory-leaks-in-windows-with-umdh,https://stackoverflow.com/questions/33321056/diagnosing-memory-leaks-in-windows-with-umdh,CWE-459;CWE-401
so:481,Stack Overflow,question,asker,,X1,Cross-module,"Are allocation and release done by the same module/runtime heap (DLL, CRT, FFI boundary)?",https://stackoverflow.com/questions/494530/why-does-microquill-smartheap-throw-mem-bad-pointer-errors-after-i-embed-perl,https://stackoverflow.com/questions/494530/why-does-microquill-smartheap-throw-mem-bad-pointer-errors-after-i-embed-perl,CWE-763
so:482,Stack Overflow,question,asker,,X1,Cross-module,"Are allocation and release done by the same module/runtime heap (DLL, CRT, FFI boundary)?",https://stackoverflow.com/questions/494530/why-does-microquill-smartheap-throw-mem-bad-pointer-errors-after-i-embed-perl,https://stackoverflow.com/questions/494530/why-does-microquill-smartheap-throw-mem-bad-pointer-errors-after-i-embed-perl,CWE-763
so:483,Stack Overflow,question,asker,,X1,Cross-module,"Are allocation and release done by the same module/runtime heap (DLL, CRT, FFI boundary)?",https://stackoverflow.com/questions/73973154/c-test-if-two-dlls-share-the-same-heap,https://stackoverflow.com/questions/73973154/c-test-if-two-dlls-share-the-same-heap,CWE-762;CWE-459
so:484,Stack Overflow,question,asker,,X1,Cross-module,"Are allocation and release done by the same module/runtime heap (DLL, CRT, FFI boundary)?",https://stackoverflow.com/questions/512841/any-improvements-on-the-gcc-windows-dlls-c-stl-front,https://stackoverflow.com/questions/512841/any-improvements-on-the-gcc-windows-dlls-c-stl-front,CWE-762
so:485,Stack Overflow,question,asker,,X1,Cross-module,"Are allocation and release done by the same module/runtime heap (DLL, CRT, FFI boundary)?",https://stackoverflow.com/questions/1635869/using-free-inside-the-destructor-of-an-object-freed-with-delete,https://stackoverflow.com/questions/1635869/using-free-inside-the-destructor-of-an-object-freed-with-delete,CWE-459
so:486,Stack Overflow,question,asker,,R2,Report interpretation,"What does the tool's report category or runtime error mean (definitely/indirectly/possibly lost, still reachable, suppressed, invalid pointer)?",https://stackoverflow.com/questions/65677448/using-strdup-pointer-as-map-key-causes-to-a-memory-leak,https://stackoverflow.com/questions/65677448/using-strdup-pointer-as-map-key-causes-to-a-memory-leak,CWE-401
so:486,Stack Overflow,question,asker,,A2,Allocation,Does this function/API allocate what it returns (must the caller free it)?,https://stackoverflow.com/questions/65677448/using-strdup-pointer-as-map-key-causes-to-a-memory-leak,https://stackoverflow.com/questions/65677448/using-strdup-pointer-as-map-key-causes-to-a-memory-leak,CWE-401
so:487,Stack Overflow,question,asker,,A2,Allocation,Does this function/API allocate what it returns (must the caller free it)?,https://stackoverflow.com/questions/39935218/how-to-free-memory-after-strdup,https://stackoverflow.com/questions/39935218/how-to-free-memory-after-strdup,CWE-401
so:488,Stack Overflow,question,asker,,A2,Allocation,Does this function/API allocate what it returns (must the caller free it)?,https://stackoverflow.com/questions/39935218/how-to-free-memory-after-strdup,https://stackoverflow.com/questions/39935218/how-to-free-memory-after-strdup,CWE-401
so:489,Stack Overflow,question,asker,,E3,Escape / aliasing,"Do other aliases or copies refer to the same block (shallow copy, copy ctor, two owners)?",https://stackoverflow.com/questions/35166218/what-does-copy-constructor-do-for-dynamic-allocations,https://stackoverflow.com/questions/35166218/what-does-copy-constructor-do-for-dynamic-allocations,CWE-762;CWE-763
so:489,Stack Overflow,question,asker,,D4,Deallocation,"Is the pointer valid to free right now (initialized, not already freed, not dangling)?",https://stackoverflow.com/questions/35166218/what-does-copy-constructor-do-for-dynamic-allocations,https://stackoverflow.com/questions/35166218/what-does-copy-constructor-do-for-dynamic-allocations,CWE-762;CWE-763
so:490,Stack Overflow,question,asker,,D3,Deallocation,Is the deallocator the right one for the allocator (free vs delete vs delete[] vs library free)?,https://stackoverflow.com/questions/44370580/c-when-to-use-delete-and-properly-deallocate-memory,https://stackoverflow.com/questions/44370580/c-when-to-use-delete-and-properly-deallocate-memory,CWE-762
so:491,Stack Overflow,question,asker,,D1,Deallocation,"Is there a matching release for this allocation, and where should it go?",https://stackoverflow.com/questions/44370580/c-when-to-use-delete-and-properly-deallocate-memory,https://stackoverflow.com/questions/44370580/c-when-to-use-delete-and-properly-deallocate-memory,CWE-762
so:492,Stack Overflow,question,asker,,G,Non-diagnostic,Generic: why does this leak/crash? (no specific evidence asked),https://stackoverflow.com/questions/33378180/c-dynamic-allocation-is-my-use-of-new-correct,https://stackoverflow.com/questions/33378180/c-dynamic-allocation-is-my-use-of-new-correct,CWE-762
so:493,Stack Overflow,question,asker,,G,Non-diagnostic,Generic: why does this leak/crash? (no specific evidence asked),https://stackoverflow.com/questions/33378180/c-dynamic-allocation-is-my-use-of-new-correct,https://stackoverflow.com/questions/33378180/c-dynamic-allocation-is-my-use-of-new-correct,CWE-762
so:494,Stack Overflow,question,asker,,D3,Deallocation,Is the deallocator the right one for the allocator (free vs delete vs delete[] vs library free)?,https://stackoverflow.com/questions/47236570/empty-an-array-of-struct-containing-char,https://stackoverflow.com/questions/47236570/empty-an-array-of-struct-containing-char,CWE-762;CWE-401
so:495,Stack Overflow,question,asker,,D4,Deallocation,"Is the pointer valid to free right now (initialized, not already freed, not dangling)?",https://stackoverflow.com/questions/551069/testing-pointers-for-validity-c-c,https://stackoverflow.com/questions/551069/testing-pointers-for-validity-c-c,CWE-763
so:496,Stack Overflow,question,asker,,D4,Deallocation,"Is the pointer valid to free right now (initialized, not already freed, not dangling)?",https://stackoverflow.com/questions/551069/testing-pointers-for-validity-c-c,https://stackoverflow.com/questions/551069/testing-pointers-for-validity-c-c,CWE-763
so:497,Stack Overflow,question,asker,,D4,Deallocation,"Is the pointer valid to free right now (initialized, not already freed, not dangling)?",https://stackoverflow.com/questions/9419370/invalid-pointer-crash-on-delete-but-different-pointer,https://stackoverflow.com/questions/9419370/invalid-pointer-crash-on-delete-but-different-pointer,CWE-763
so:498,Stack Overflow,question,asker,,D4,Deallocation,"Is the pointer valid to free right now (initialized, not already freed, not dangling)?",https://stackoverflow.com/questions/35163015/invalid-pointer,https://stackoverflow.com/questions/35163015/invalid-pointer,CWE-762
so:499,Stack Overflow,question,asker,,D4,Deallocation,"Is the pointer valid to free right now (initialized, not already freed, not dangling)?",https://stackoverflow.com/questions/18160776/does-freeing-an-uninitialized-pointer-result-in-undefined-behavior,https://stackoverflow.com/questions/18160776/does-freeing-an-uninitialized-pointer-result-in-undefined-behavior,CWE-763
so:500,Stack Overflow,question,asker,,D4,Deallocation,"Is the pointer valid to free right now (initialized, not already freed, not dangling)?",https://stackoverflow.com/questions/18160776/does-freeing-an-uninitialized-pointer-result-in-undefined-behavior,https://stackoverflow.com/questions/18160776/does-freeing-an-uninitialized-pointer-result-in-undefined-behavior,CWE-763
so:501,Stack Overflow,question,asker,,D4,Deallocation,"Is the pointer valid to free right now (initialized, not already freed, not dangling)?",https://stackoverflow.com/questions/77773950/pointer-may-be-used-after-free-error-doesnt-see-that-i-am-allocating-memory-t,https://stackoverflow.com/questions/77773950/pointer-may-be-used-after-free-error-doesnt-see-that-i-am-allocating-memory-t,CWE-763
so:502,Stack Overflow,question,asker,,D4,Deallocation,"Is the pointer valid to free right now (initialized, not already freed, not dangling)?",https://stackoverflow.com/questions/8999994/freeing-potentially-uninitialized-struct-members,https://stackoverflow.com/questions/8999994/freeing-potentially-uninitialized-struct-members,CWE-763;CWE-459
so:503,Stack Overflow,question,asker,,D4,Deallocation,"Is the pointer valid to free right now (initialized, not already freed, not dangling)?",https://stackoverflow.com/questions/13238192/global-pyobject-variable-in-c-python-extension,https://stackoverflow.com/questions/13238192/global-pyobject-variable-in-c-python-extension,CWE-763
so:504,Stack Overflow,question,asker,,E2,Escape / aliasing,"Does the pointer escape (global, struct field, return value) so it must be released elsewhere?",https://stackoverflow.com/questions/13238192/global-pyobject-variable-in-c-python-extension,https://stackoverflow.com/questions/13238192/global-pyobject-variable-in-c-python-extension,CWE-763
so:506,Stack Overflow,question,asker,,X1,Cross-module,"Are allocation and release done by the same module/runtime heap (DLL, CRT, FFI boundary)?",https://stackoverflow.com/questions/37988849/safer-way-to-expose-a-c-allocated-memory-buffer-using-numpy-ctypes,https://stackoverflow.com/questions/37988849/safer-way-to-expose-a-c-allocated-memory-buffer-using-numpy-ctypes,CWE-459
so:506,Stack Overflow,question,asker,,O2,Ownership,"Was ownership transferred (to a container, smart pointer, library, or object), so someone else releases it?",https://stackoverflow.com/questions/37988849/safer-way-to-expose-a-c-allocated-memory-buffer-using-numpy-ctypes,https://stackoverflow.com/questions/37988849/safer-way-to-expose-a-c-allocated-memory-buffer-using-numpy-ctypes,CWE-459
so:507,Stack Overflow,question,asker,,A2,Allocation,Does this function/API allocate what it returns (must the caller free it)?,https://stackoverflow.com/questions/4237812/should-i-free-delete-char-returned-by-getenv,https://stackoverflow.com/questions/4237812/should-i-free-delete-char-returned-by-getenv,CWE-763;CWE-401
so:508,Stack Overflow,question,asker,,A2,Allocation,Does this function/API allocate what it returns (must the caller free it)?,https://stackoverflow.com/questions/4237812/should-i-free-delete-char-returned-by-getenv,https://stackoverflow.com/questions/4237812/should-i-free-delete-char-returned-by-getenv,CWE-763;CWE-401
so:509,Stack Overflow,question,asker,,A2,Allocation,Does this function/API allocate what it returns (must the caller free it)?,https://stackoverflow.com/questions/32177183/what-kind-of-returned-value-from-glibc-functions-needs-to-be-freed,https://stackoverflow.com/questions/32177183/what-kind-of-returned-value-from-glibc-functions-needs-to-be-freed,CWE-763
so:510,Stack Overflow,question,asker,,A2,Allocation,Does this function/API allocate what it returns (must the caller free it)?,https://stackoverflow.com/questions/32177183/what-kind-of-returned-value-from-glibc-functions-needs-to-be-freed,https://stackoverflow.com/questions/32177183/what-kind-of-returned-value-from-glibc-functions-needs-to-be-freed,CWE-763
so:511,Stack Overflow,question,asker,,A2,Allocation,Does this function/API allocate what it returns (must the caller free it)?,https://stackoverflow.com/questions/70799842/in-c-why-is-the-pointer-returned-by-getenv-automatically-reclaimed,https://stackoverflow.com/questions/70799842/in-c-why-is-the-pointer-returned-by-getenv-automatically-reclaimed,CWE-401
so:512,Stack Overflow,question,asker,,A2,Allocation,Does this function/API allocate what it returns (must the caller free it)?,https://stackoverflow.com/questions/70799842/in-c-why-is-the-pointer-returned-by-getenv-automatically-reclaimed,https://stackoverflow.com/questions/70799842/in-c-why-is-the-pointer-returned-by-getenv-automatically-reclaimed,CWE-401
so:513,Stack Overflow,question,asker,,A2,Allocation,Does this function/API allocate what it returns (must the caller free it)?,https://stackoverflow.com/questions/70799842/in-c-why-is-the-pointer-returned-by-getenv-automatically-reclaimed,https://stackoverflow.com/questions/70799842/in-c-why-is-the-pointer-returned-by-getenv-automatically-reclaimed,CWE-401
so:514,Stack Overflow,question,asker,,R4,Report interpretation,Where was the block allocated / where does the leak or bad free originate?,https://stackoverflow.com/questions/2902064/how-to-track-down-a-double-free-or-corruption-error,https://stackoverflow.com/questions/2902064/how-to-track-down-a-double-free-or-corruption-error,CWE-763
so:515,Stack Overflow,question,asker,,D4,Deallocation,"Is the pointer valid to free right now (initialized, not already freed, not dangling)?",https://stackoverflow.com/questions/1879550/should-one-really-set-pointers-to-null-after-freeing-them,https://stackoverflow.com/questions/1879550/should-one-really-set-pointers-to-null-after-freeing-them,CWE-763
so:517,Stack Overflow,question,asker,,C2,Control flow,"Is the old block released on each loop iteration / reallocation (realloc failure, reassignment in a loop)?",https://stackoverflow.com/questions/1145/why-am-i-getting-a-double-free-or-corruption-error-with-realloc,https://stackoverflow.com/questions/1145/why-am-i-getting-a-double-free-or-corruption-error-with-realloc,CWE-763
so:517,Stack Overflow,question,asker,,D4,Deallocation,"Is the pointer valid to free right now (initialized, not already freed, not dangling)?",https://stackoverflow.com/questions/1145/why-am-i-getting-a-double-free-or-corruption-error-with-realloc,https://stackoverflow.com/questions/1145/why-am-i-getting-a-double-free-or-corruption-error-with-realloc,CWE-763
so:518,Stack Overflow,question,asker,,D4,Deallocation,"Is the pointer valid to free right now (initialized, not already freed, not dangling)?",https://stackoverflow.com/questions/29335795/what-can-explain-heap-corruption-on-a-call-to-free,https://stackoverflow.com/questions/29335795/what-can-explain-heap-corruption-on-a-call-to-free,CWE-401
so:519,Stack Overflow,question,asker,,R2,Report interpretation,"What does the tool's report category or runtime error mean (definitely/indirectly/possibly lost, still reachable, suppressed, invalid pointer)?",https://stackoverflow.com/questions/29335795/what-can-explain-heap-corruption-on-a-call-to-free,https://stackoverflow.com/questions/29335795/what-can-explain-heap-corruption-on-a-call-to-free,CWE-401
so:520,Stack Overflow,question,asker,,D4,Deallocation,"Is the pointer valid to free right now (initialized, not already freed, not dangling)?",https://stackoverflow.com/questions/29335795/what-can-explain-heap-corruption-on-a-call-to-free,https://stackoverflow.com/questions/29335795/what-can-explain-heap-corruption-on-a-call-to-free,CWE-401
so:521,Stack Overflow,question,asker,,D4,Deallocation,"Is the pointer valid to free right now (initialized, not already freed, not dangling)?",https://stackoverflow.com/questions/12548868/why-am-i-getting-this-memory-access-error-double-free-or-corruption,https://stackoverflow.com/questions/12548868/why-am-i-getting-this-memory-access-error-double-free-or-corruption,CWE-763
so:522,Stack Overflow,question,asker,,R2,Report interpretation,"What does the tool's report category or runtime error mean (definitely/indirectly/possibly lost, still reachable, suppressed, invalid pointer)?",https://stackoverflow.com/questions/21438154/what-does-fasttop-mean,https://stackoverflow.com/questions/21438154/what-does-fasttop-mean,CWE-763
so:523,Stack Overflow,question,asker,,R2,Report interpretation,"What does the tool's report category or runtime error mean (definitely/indirectly/possibly lost, still reachable, suppressed, invalid pointer)?",https://stackoverflow.com/questions/21438154/what-does-fasttop-mean,https://stackoverflow.com/questions/21438154/what-does-fasttop-mean,CWE-763
so:524,Stack Overflow,question,asker,,R2,Report interpretation,"What does the tool's report category or runtime error mean (definitely/indirectly/possibly lost, still reachable, suppressed, invalid pointer)?",https://stackoverflow.com/questions/13148119/what-does-pointer-being-freed-was-not-allocated-mean-exactly,https://stackoverflow.com/questions/13148119/what-does-pointer-being-freed-was-not-allocated-mean-exactly,CWE-763
so:525,Stack Overflow,question,asker,,D4,Deallocation,"Is the pointer valid to free right now (initialized, not already freed, not dangling)?",https://stackoverflow.com/questions/23223476/c-pointer-being-freed-was-not-allocated-error,https://stackoverflow.com/questions/23223476/c-pointer-being-freed-was-not-allocated-error,CWE-763
so:526,Stack Overflow,question,asker,,D4,Deallocation,"Is the pointer valid to free right now (initialized, not already freed, not dangling)?",https://stackoverflow.com/questions/35859579/pointer-being-freed-was-not-allocated-cannot-be-solved,https://stackoverflow.com/questions/35859579/pointer-being-freed-was-not-allocated-cannot-be-solved,CWE-763
so:527,Stack Overflow,question,asker,,R2,Report interpretation,"What does the tool's report category or runtime error mean (definitely/indirectly/possibly lost, still reachable, suppressed, invalid pointer)?",https://stackoverflow.com/questions/35859579/pointer-being-freed-was-not-allocated-cannot-be-solved,https://stackoverflow.com/questions/35859579/pointer-being-freed-was-not-allocated-cannot-be-solved,CWE-763
so:528,Stack Overflow,question,asker,,R3,Report interpretation,"Is the report caused by my code, or by a library, runtime, or the tool itself?",https://stackoverflow.com/questions/32025292/memory-not-requested-being-allocated,https://stackoverflow.com/questions/32025292/memory-not-requested-being-allocated,CWE-401
so:529,Stack Overflow,question,asker,,R3,Report interpretation,"Is the report caused by my code, or by a library, runtime, or the tool itself?",https://stackoverflow.com/questions/32025292/memory-not-requested-being-allocated,https://stackoverflow.com/questions/32025292/memory-not-requested-being-allocated,CWE-401
so:530,Stack Overflow,question,asker,,G,Non-diagnostic,Generic: why does this leak/crash? (no specific evidence asked),https://stackoverflow.com/questions/39368659/what-is-the-cause-of-sigabrt-error-in-my-c-code-and-how-to-overcome-this,https://stackoverflow.com/questions/39368659/what-is-the-cause-of-sigabrt-error-in-my-c-code-and-how-to-overcome-this,CWE-763
so:531,Stack Overflow,question,asker,,R4,Report interpretation,Where was the block allocated / where does the leak or bad free originate?,https://stackoverflow.com/questions/62110270/cant-find-memory-leak-in-c,https://stackoverflow.com/questions/62110270/cant-find-memory-leak-in-c,CWE-401
so:532,Stack Overflow,question,asker,,A4,Allocation,"Is the allocation size bounded and validated (untrusted input, overflow, huge/negative size, failure)?",https://stackoverflow.com/questions/17925771/what-happens-when-we-call-malloc-with-negative-parameter,https://stackoverflow.com/questions/17925771/what-happens-when-we-call-malloc-with-negative-parameter,CWE-789
so:533,Stack Overflow,question,asker,,A4,Allocation,"Is the allocation size bounded and validated (untrusted input, overflow, huge/negative size, failure)?",https://stackoverflow.com/questions/17925771/what-happens-when-we-call-malloc-with-negative-parameter,https://stackoverflow.com/questions/17925771/what-happens-when-we-call-malloc-with-negative-parameter,CWE-789
so:534,Stack Overflow,question,asker,,A4,Allocation,"Is the allocation size bounded and validated (untrusted input, overflow, huge/negative size, failure)?",https://stackoverflow.com/questions/69771578/how-can-i-define-limit-of-an-array-by-the-quantity-of-numbers-put-in-scanf,https://stackoverflow.com/questions/69771578/how-can-i-define-limit-of-an-array-by-the-quantity-of-numbers-put-in-scanf,CWE-789
so:535,Stack Overflow,question,asker,,A4,Allocation,"Is the allocation size bounded and validated (untrusted input, overflow, huge/negative size, failure)?",https://stackoverflow.com/questions/51175664/c-creating-huge-vector,https://stackoverflow.com/questions/51175664/c-creating-huge-vector,CWE-789
so:536,Stack Overflow,question,responder,,L1,Lifetime,"Must the memory be freed before program exit, or is exit-time retention acceptable?",https://stackoverflow.com/questions/45538993/why-dont-memory-allocators-actively-return-freed-memory-to-the-os,https://stackoverflow.com/a/45539066,CWE-459;CWE-401
so:539,Stack Overflow,question,responder,,L3,Lifetime,"Does memory keep growing with repetitions (retained longer than needed, unbounded growth)?",https://stackoverflow.com/questions/45538993/why-dont-memory-allocators-actively-return-freed-memory-to-the-os,https://stackoverflow.com/a/45539066,CWE-459;CWE-401
so:540,Stack Overflow,question,responder,,R2,Report interpretation,"What does the tool's report category or runtime error mean (definitely/indirectly/possibly lost, still reachable, suppressed, invalid pointer)?",https://stackoverflow.com/questions/10332561/valgrind-memcheck-tool-didnot-detect-memory-leak,https://stackoverflow.com/a/10332612,CWE-401
so:541,Stack Overflow,question,responder,,L4,Lifetime,Are threads joined/detached so that their resources are released?,https://stackoverflow.com/questions/79549625/leak-errors-in-fifo-application-in-c,https://stackoverflow.com/a/79549723,CWE-459;CWE-401
so:542,Stack Overflow,question,responder,,L2,Lifetime,"Is the object destroyed when its lifetime ends (scope exit, destructor called, virtual destructor)?",https://stackoverflow.com/questions/4833747/unable-to-nail-memory-leak-detected-by-valgrind,https://stackoverflow.com/a/4833819,CWE-401
so:543,Stack Overflow,question,responder,,R5,Report interpretation,"How do I detect, configure, or suppress this with the tool?",https://stackoverflow.com/questions/13490718/track-memory-usage-in-c-and-evaluate-memory-consumption,https://stackoverflow.com/a/13490876,CWE-401
so:544,Stack Overflow,question,responder,,V1,Report interpretation,"Is the suspected leak/invalid free real, or a false positive / benign report?",https://stackoverflow.com/questions/79941820/addresssanitizer-128-bytes-leaked-in-1-allocations-in-sdl-createwindowandr,https://stackoverflow.com/a/79966184,CWE-401
so:545,Stack Overflow,question,responder,,L2,Lifetime,"Is the object destroyed when its lifetime ends (scope exit, destructor called, virtual destructor)?",https://stackoverflow.com/questions/1008019/how-do-you-implement-the-singleton-design-pattern,https://stackoverflow.com/a/1008289,CWE-401
so:546,Stack Overflow,question,responder,,R4,Report interpretation,Where was the block allocated / where does the leak or bad free originate?,https://stackoverflow.com/questions/5134891/how-do-i-use-valgrind-to-find-memory-leaks,https://stackoverflow.com/a/44989219,CWE-401
so:547,Stack Overflow,question,responder,,R3,Report interpretation,"Is the report caused by my code, or by a library, runtime, or the tool itself?",https://stackoverflow.com/questions/5134891/how-do-i-use-valgrind-to-find-memory-leaks,https://stackoverflow.com/a/44989219,CWE-401
so:548,Stack Overflow,question,responder,,R3,Report interpretation,"Is the report caused by my code, or by a library, runtime, or the tool itself?",https://stackoverflow.com/questions/5134891/how-do-i-use-valgrind-to-find-memory-leaks,https://stackoverflow.com/a/44989219,CWE-401
so:549,Stack Overflow,question,responder,,R3,Report interpretation,"Is the report caused by my code, or by a library, runtime, or the tool itself?",https://stackoverflow.com/questions/5134891/how-do-i-use-valgrind-to-find-memory-leaks,https://stackoverflow.com/a/44989219,CWE-401
so:550,Stack Overflow,question,responder,,K,Non-diagnostic,"Allocator internals (how free knows the size, etc.)",https://stackoverflow.com/questions/5134891/how-do-i-use-valgrind-to-find-memory-leaks,https://stackoverflow.com/a/44989219,CWE-401
so:551,Stack Overflow,question,responder,,V1,Report interpretation,"Is the suspected leak/invalid free real, or a false positive / benign report?",https://stackoverflow.com/questions/5134891/how-do-i-use-valgrind-to-find-memory-leaks,https://stackoverflow.com/a/44989219,CWE-401
so:552,Stack Overflow,question,responder,,R2,Report interpretation,"What does the tool's report category or runtime error mean (definitely/indirectly/possibly lost, still reachable, suppressed, invalid pointer)?",https://stackoverflow.com/questions/5134891/how-do-i-use-valgrind-to-find-memory-leaks,https://stackoverflow.com/a/44989219,CWE-401
so:553,Stack Overflow,question,responder,,A1,Allocation,"Is this memory on the heap at all (vs. stack, static, string literal)?",https://stackoverflow.com/questions/655065/when-should-i-use-the-new-keyword-in-c,https://stackoverflow.com/a/655206,CWE-459;CWE-401
so:554,Stack Overflow,question,responder,,O1,Ownership,Who is responsible for releasing this memory (caller vs. callee contract)?,https://stackoverflow.com/questions/6500313/why-should-c-programmers-minimize-use-of-new,https://stackoverflow.com/a/6500374,CWE-401
so:555,Stack Overflow,question,responder,,O1,Ownership,Who is responsible for releasing this memory (caller vs. callee contract)?,https://stackoverflow.com/questions/6500313/why-should-c-programmers-minimize-use-of-new,https://stackoverflow.com/a/6500374,CWE-401
so:556,Stack Overflow,question,responder,,C1,Control flow,"Is the memory released on every path: error handling, early return, exceptions, longjmp?",https://stackoverflow.com/questions/37514509/advantages-of-using-stdmake-unique-over-new-operator,https://stackoverflow.com/a/37514627,CWE-401
so:557,Stack Overflow,question,responder,,L1,Lifetime,"Must the memory be freed before program exit, or is exit-time retention acceptable?",https://stackoverflow.com/questions/654754/what-really-happens-when-you-dont-free-after-malloc-before-program-termination,https://stackoverflow.com/a/657384,CWE-401
so:558,Stack Overflow,question,responder,,D1,Deallocation,"Is there a matching release for this allocation, and where should it go?",https://stackoverflow.com/questions/53870522/why-use-stdmake-unique-in-c17,https://stackoverflow.com/a/53871964,CWE-401
so:559,Stack Overflow,question,responder,,R5,Report interpretation,"How do I detect, configure, or suppress this with the tool?",https://stackoverflow.com/questions/6261201/how-to-find-memory-leak-in-a-c-code-project,https://stackoverflow.com/a/57877190,CWE-401
so:560,Stack Overflow,question,responder,,R5,Report interpretation,"How do I detect, configure, or suppress this with the tool?",https://stackoverflow.com/questions/6261201/how-to-find-memory-leak-in-a-c-code-project,https://stackoverflow.com/a/57877190,CWE-401
so:561,Stack Overflow,question,responder,,R5,Report interpretation,"How do I detect, configure, or suppress this with the tool?",https://stackoverflow.com/questions/6261201/how-to-find-memory-leak-in-a-c-code-project,https://stackoverflow.com/a/57877190,CWE-401
so:562,Stack Overflow,question,asker,,D1,Deallocation,"Is there a matching release for this allocation, and where should it go?",https://stackoverflow.com/questions/20297524/c-free-invalid-pointer,https://stackoverflow.com/a/20297567,CWE-762;CWE-763;CWE-401
so:563,Stack Overflow,question,responder,,V1,Report interpretation,"Is the suspected leak/invalid free real, or a false positive / benign report?",https://stackoverflow.com/questions/4548385/realloc-leaking-memory,https://stackoverflow.com/a/4548414,CWE-459;CWE-401
so:565,Stack Overflow,question,responder,,E3,Escape / aliasing,"Do other aliases or copies refer to the same block (shallow copy, copy ctor, two owners)?",https://stackoverflow.com/questions/7078019/using-realloc-to-shrink-the-allocated-memory,https://stackoverflow.com/a/7079042,CWE-401
so:566,Stack Overflow,question,responder,,R5,Report interpretation,"How do I detect, configure, or suppress this with the tool?",https://stackoverflow.com/questions/1089296/memory-leak-in-mixed-mode-c-clr-application,https://stackoverflow.com/a/1131138,CWE-401
so:567,Stack Overflow,question,responder,,O1,Ownership,Who is responsible for releasing this memory (caller vs. callee contract)?,https://stackoverflow.com/questions/6783939/does-using-references-instead-of-pointers-resolve-memory-leaks-in-c,https://stackoverflow.com/a/6783982,CWE-762;CWE-401
so:568,Stack Overflow,question,responder,,R4,Report interpretation,Where was the block allocated / where does the leak or bad free originate?,https://stackoverflow.com/questions/37042076/debugging-a-memory-leak,https://stackoverflow.com/a/37042492,CWE-459;CWE-401
so:569,Stack Overflow,question,responder,,R5,Report interpretation,"How do I detect, configure, or suppress this with the tool?",https://stackoverflow.com/questions/45627/how-do-you-detect-avoid-memory-leaks-in-your-unmanaged-code,https://stackoverflow.com/a/45639,CWE-761;CWE-401
so:570,Stack Overflow,question,responder,,A3,Allocation,Which allocator family produced this pointer (malloc/new/new[]/custom/library)?,https://stackoverflow.com/questions/45627/how-do-you-detect-avoid-memory-leaks-in-your-unmanaged-code,https://stackoverflow.com/a/45963,CWE-761;CWE-401
so:571,Stack Overflow,question,responder,,R5,Report interpretation,"How do I detect, configure, or suppress this with the tool?",https://stackoverflow.com/questions/45627/how-do-you-detect-avoid-memory-leaks-in-your-unmanaged-code,https://stackoverflow.com/a/45963,CWE-761;CWE-401
so:572,Stack Overflow,question,responder,,L1,Lifetime,"Must the memory be freed before program exit, or is exit-time retention acceptable?",https://stackoverflow.com/questions/273209/are-memory-leaks-ever-ok,https://stackoverflow.com/a/273245,CWE-459;CWE-401
so:573,Stack Overflow,question,responder,,R3,Report interpretation,"Is the report caused by my code, or by a library, runtime, or the tool itself?",https://stackoverflow.com/questions/273209/are-memory-leaks-ever-ok,https://stackoverflow.com/a/273827,CWE-459;CWE-401
so:575,Stack Overflow,question,responder,,L1,Lifetime,"Must the memory be freed before program exit, or is exit-time retention acceptable?",https://stackoverflow.com/questions/273209/are-memory-leaks-ever-ok,https://stackoverflow.com/a/273830,CWE-459;CWE-401
so:576,Stack Overflow,question,responder,,L1,Lifetime,"Must the memory be freed before program exit, or is exit-time retention acceptable?",https://stackoverflow.com/questions/273209/are-memory-leaks-ever-ok,https://stackoverflow.com/a/273830,CWE-459;CWE-401
so:577,Stack Overflow,question,responder,,L1,Lifetime,"Must the memory be freed before program exit, or is exit-time retention acceptable?",https://stackoverflow.com/questions/273209/are-memory-leaks-ever-ok,https://stackoverflow.com/a/273830,CWE-459;CWE-401
so:578,Stack Overflow,question,responder,,A4,Allocation,"Is the allocation size bounded and validated (untrusted input, overflow, huge/negative size, failure)?",https://stackoverflow.com/questions/13546650/valgrind-invalid-read-of-size-4-sigsegv-works-fine-without-valgrind-and-in,https://stackoverflow.com/a/13546733,CWE-762;CWE-763;CWE-459;CWE-401
so:579,Stack Overflow,question,responder,,A4,Allocation,"Is the allocation size bounded and validated (untrusted input, overflow, huge/negative size, failure)?",https://stackoverflow.com/questions/13546650/valgrind-invalid-read-of-size-4-sigsegv-works-fine-without-valgrind-and-in,https://stackoverflow.com/a/13546733,CWE-762;CWE-763;CWE-459;CWE-401
so:580,Stack Overflow,question,responder,,A4,Allocation,"Is the allocation size bounded and validated (untrusted input, overflow, huge/negative size, failure)?",https://stackoverflow.com/questions/13546650/valgrind-invalid-read-of-size-4-sigsegv-works-fine-without-valgrind-and-in,https://stackoverflow.com/a/13546733,CWE-762;CWE-763;CWE-459;CWE-401
so:582,Stack Overflow,question,responder,,R5,Report interpretation,"How do I detect, configure, or suppress this with the tool?",https://stackoverflow.com/questions/45627/how-do-you-detect-avoid-memory-leaks-in-your-unmanaged-code,https://stackoverflow.com/a/1021266,CWE-761;CWE-401
so:583,Stack Overflow,question,responder,,K,Non-diagnostic,"Allocator internals (how free knows the size, etc.)",https://stackoverflow.com/questions/53372775/why-is-this-not-a-memory-leak-in-c,https://stackoverflow.com/a/53374447,CWE-459;CWE-401
so:584,Stack Overflow,question,responder,,C1,Control flow,"Is the memory released on every path: error handling, early return, exceptions, longjmp?",https://stackoverflow.com/questions/5339282/realloc-memory-leak,https://stackoverflow.com/a/5340017,CWE-401
so:585,Stack Overflow,question,responder,,L1,Lifetime,"Must the memory be freed before program exit, or is exit-time retention acceptable?",https://stackoverflow.com/questions/9033931/memory-leak-c,https://stackoverflow.com/a/9041275,CWE-401
so:586,Stack Overflow,question,responder,,V1,Report interpretation,"Is the suspected leak/invalid free real, or a false positive / benign report?",https://stackoverflow.com/questions/46695254/memory-leak-in-c-most-likely-due-to-realloc,https://stackoverflow.com/a/46695892,CWE-401
so:587,Stack Overflow,question,responder,,K,Non-diagnostic,"Allocator internals (how free knows the size, etc.)",https://stackoverflow.com/questions/1913343/how-could-pairing-new-with-delete-possibly-lead-to-memory-leak-only,https://stackoverflow.com/a/1913393,CWE-459;CWE-401
so:588,Stack Overflow,question,responder,,L2,Lifetime,"Is the object destroyed when its lifetime ends (scope exit, destructor called, virtual destructor)?",https://stackoverflow.com/questions/6966984/doesnt-putting-a-virtual-destructor-inside-an-interface-make-it-by-definitio,https://stackoverflow.com/a/6967022,CWE-459;CWE-401
so:591,Stack Overflow,question,responder,,N3,Composite cleanup,Does the cleanup routine / destructor release every resource the object owns?,https://stackoverflow.com/questions/10546695/do-we-need-to-explicitly-call-the-destructor-for-the-simple-pod-classes-alloca,https://stackoverflow.com/a/10546801,CWE-459;CWE-401
so:592,Stack Overflow,question,responder,,D3,Deallocation,Is the deallocator the right one for the allocator (free vs delete vs delete[] vs library free)?,https://stackoverflow.com/questions/1913343/how-could-pairing-new-with-delete-possibly-lead-to-memory-leak-only,https://stackoverflow.com/a/1913701,CWE-459;CWE-401
so:593,Stack Overflow,question,responder,,D3,Deallocation,Is the deallocator the right one for the allocator (free vs delete vs delete[] vs library free)?,https://stackoverflow.com/questions/56792856/why-absence-of-a-virtual-destructor-doesnt-cause-a-memory-leak,https://stackoverflow.com/a/56792996,CWE-459;CWE-401
so:594,Stack Overflow,question,responder,,L2,Lifetime,"Is the object destroyed when its lifetime ends (scope exit, destructor called, virtual destructor)?",https://stackoverflow.com/questions/40106941/is-a-union-members-destructor-called,https://stackoverflow.com/a/40107227,CWE-459;CWE-401
so:596,Stack Overflow,question,responder,,V1,Report interpretation,"Is the suspected leak/invalid free real, or a false positive / benign report?",https://stackoverflow.com/questions/56792856/why-absence-of-a-virtual-destructor-doesnt-cause-a-memory-leak,https://stackoverflow.com/a/56792909,CWE-459;CWE-401
so:597,Stack Overflow,question,responder,,A1,Allocation,"Is this memory on the heap at all (vs. stack, static, string literal)?",https://stackoverflow.com/questions/8918791/how-to-properly-free-the-memory-allocated-by-placement-new,https://stackoverflow.com/a/8919369,CWE-459;CWE-401
so:598,Stack Overflow,question,responder,,E2,Escape / aliasing,"Does the pointer escape (global, struct field, return value) so it must be released elsewhere?",https://stackoverflow.com/questions/35420629/c-linked-list-memory-leak,https://stackoverflow.com/a/35420725,CWE-401
so:598,Stack Overflow,question,responder,,D1,Deallocation,"Is there a matching release for this allocation, and where should it go?",https://stackoverflow.com/questions/35420629/c-linked-list-memory-leak,https://stackoverflow.com/a/35420725,CWE-401
so:599,Stack Overflow,question,responder,,O2,Ownership,"Was ownership transferred (to a container, smart pointer, library, or object), so someone else releases it?",https://stackoverflow.com/questions/15474684/abstract-base-class-for-use-with-smart-pointers-intrusive-ptr-handling-inher,https://stackoverflow.com/a/15475430,CWE-401
so:600,Stack Overflow,question,responder,,R5,Report interpretation,"How do I detect, configure, or suppress this with the tool?",https://stackoverflow.com/questions/48198166/unexpected-result-when-saving-struct-members-to-txt-file-in-c,https://stackoverflow.com/a/48198371,CWE-401
so:601,Stack Overflow,question,responder,,R5,Report interpretation,"How do I detect, configure, or suppress this with the tool?",https://stackoverflow.com/questions/24280361/detect-c-memory-leaks-that-are-freed-on-exit,https://stackoverflow.com/a/24282199,CWE-401
so:602,Stack Overflow,question,responder,,D3,Deallocation,Is the deallocator the right one for the allocator (free vs delete vs delete[] vs library free)?,https://stackoverflow.com/questions/1913343/how-could-pairing-new-with-delete-possibly-lead-to-memory-leak-only,https://stackoverflow.com/a/28331644,CWE-459;CWE-401
so:603,Stack Overflow,question,responder,,C1,Control flow,"Is the memory released on every path: error handling, early return, exceptions, longjmp?",https://stackoverflow.com/questions/62878935/how-to-overcome-memory-leak-while-throwing-exception-from-constructor,https://stackoverflow.com/a/62879195,CWE-459;CWE-401
so:604,Stack Overflow,question,responder,,R5,Report interpretation,"How do I detect, configure, or suppress this with the tool?",https://stackoverflow.com/questions/21233891/tracking-down-a-memory-leak-with-valgrind,https://stackoverflow.com/a/21234531,CWE-459;CWE-401
so:606,Stack Overflow,question,responder,,N1,Composite cleanup,"Are nested sub-allocations released (struct members, list nodes, 2-D arrays) before/with the parent?",https://stackoverflow.com/questions/14069536/memory-leaks-in-c-linked-list,https://stackoverflow.com/a/14069797,CWE-459;CWE-401
so:607,Stack Overflow,question,responder,,N2,Composite cleanup,Is a reference cycle or refcount imbalance preventing release?,https://stackoverflow.com/questions/39962705/is-there-a-valgrind-for-detecting-memory-leaks-with-smart-pointers,https://stackoverflow.com/a/39962863,CWE-459;CWE-401
so:609,Stack Overflow,question,responder,,E3,Escape / aliasing,"Do other aliases or copies refer to the same block (shallow copy, copy ctor, two owners)?",https://stackoverflow.com/questions/10466819/invalid-pointer-free,https://stackoverflow.com/a/10466958,CWE-763
so:611,Stack Overflow,question,responder,,O1,Ownership,Who is responsible for releasing this memory (caller vs. callee contract)?,https://stackoverflow.com/questions/26950411/how-to-distinguish-a-malloced-string-from-a-string-literal,https://stackoverflow.com/a/26950586,CWE-590
so:612,Stack Overflow,question,responder,,O1,Ownership,Who is responsible for releasing this memory (caller vs. callee contract)?,https://stackoverflow.com/questions/26950411/how-to-distinguish-a-malloced-string-from-a-string-literal,https://stackoverflow.com/a/26950586,CWE-590
so:613,Stack Overflow,question,responder,,D2,Deallocation,Is the pointer passed to free exactly the one the allocator returned (not offset/advanced)?,https://stackoverflow.com/questions/2426277/how-free-works-when-pointer-is-incremented,https://stackoverflow.com/a/2426426,CWE-761
so:615,Stack Overflow,question,responder,,A2,Allocation,Does this function/API allocate what it returns (must the caller free it)?,https://stackoverflow.com/questions/59593891/error-munmap-chunk-invalid-pointer-in-c-program,https://stackoverflow.com/a/59593920,CWE-590;CWE-763
so:616,Stack Overflow,question,responder,,D3,Deallocation,Is the deallocator the right one for the allocator (free vs delete vs delete[] vs library free)?,https://stackoverflow.com/questions/703691/how-does-delete-know-its-an-array,https://stackoverflow.com/a/703755,CWE-762
so:617,Stack Overflow,question,responder,,D3,Deallocation,Is the deallocator the right one for the allocator (free vs delete vs delete[] vs library free)?,https://stackoverflow.com/questions/703691/how-does-delete-know-its-an-array,https://stackoverflow.com/a/703755,CWE-762
so:619,Stack Overflow,question,responder,,D3,Deallocation,Is the deallocator the right one for the allocator (free vs delete vs delete[] vs library free)?,https://stackoverflow.com/questions/1612031/is-there-any-danger-in-calling-free-or-delete-instead-of-delete,https://stackoverflow.com/a/1612052,CWE-762;CWE-459
so:620,Stack Overflow,question,responder,,D3,Deallocation,Is the deallocator the right one for the allocator (free vs delete vs delete[] vs library free)?,https://stackoverflow.com/questions/1612031/is-there-any-danger-in-calling-free-or-delete-instead-of-delete,https://stackoverflow.com/a/1612052,CWE-762;CWE-459
so:621,Stack Overflow,question,responder,,D3,Deallocation,Is the deallocator the right one for the allocator (free vs delete vs delete[] vs library free)?,https://stackoverflow.com/questions/703691/how-does-delete-know-its-an-array,https://stackoverflow.com/a/2151526,CWE-762
so:622,Stack Overflow,question,responder,,V1,Report interpretation,"Is the suspected leak/invalid free real, or a false positive / benign report?",https://stackoverflow.com/questions/993590/should-i-delete-vectorstring,https://stackoverflow.com/a/993620,CWE-762;CWE-789;CWE-401
so:623,Stack Overflow,question,responder,,C1,Control flow,"Is the memory released on every path: error handling, early return, exceptions, longjmp?",https://stackoverflow.com/questions/16714937/what-is-c-version-of-realloc-to-allocate-the-new-buffer-and-copy-the-conten,https://stackoverflow.com/a/16715012,CWE-762
so:625,Stack Overflow,question,responder,,O1,Ownership,Who is responsible for releasing this memory (caller vs. callee contract)?,https://stackoverflow.com/questions/55289824/which-of-these-pointer-need-free-or-delete,https://stackoverflow.com/a/55290109,CWE-762
so:626,Stack Overflow,question,responder,,A2,Allocation,Does this function/API allocate what it returns (must the caller free it)?,https://stackoverflow.com/questions/55289824/which-of-these-pointer-need-free-or-delete,https://stackoverflow.com/a/55290109,CWE-762
so:627,Stack Overflow,question,responder,,O2,Ownership,"Was ownership transferred (to a container, smart pointer, library, or object), so someone else releases it?",https://stackoverflow.com/questions/993590/should-i-delete-vectorstring,https://stackoverflow.com/a/993610,CWE-762;CWE-789;CWE-401
so:628,Stack Overflow,question,responder,,X1,Cross-module,"Are allocation and release done by the same module/runtime heap (DLL, CRT, FFI boundary)?",https://stackoverflow.com/questions/1007188/rtlvalidateheap-problem,https://stackoverflow.com/a/1007327,CWE-401
so:629,Stack Overflow,question,responder,,O2,Ownership,"Was ownership transferred (to a container, smart pointer, library, or object), so someone else releases it?",https://stackoverflow.com/questions/2902064/how-to-track-down-a-double-free-or-corruption-error,https://stackoverflow.com/a/2903709,CWE-763
so:630,Stack Overflow,question,responder,,A4,Allocation,"Is the allocation size bounded and validated (untrusted input, overflow, huge/negative size, failure)?",https://stackoverflow.com/questions/17925771/what-happens-when-we-call-malloc-with-negative-parameter,https://stackoverflow.com/a/28500774,CWE-789
so:632,Stack Overflow,question,responder,,E1,Escape / aliasing,Was the last reference overwritten or lost before release?,https://stackoverflow.com/questions/79350384/why-clangs-sanitizer-doesnt-report-memory-leaks-for-global-scope-variables,https://stackoverflow.com/questions/79350384/#comment139930558_79350384,CWE-401
so:633,Stack Overflow,question,asker,,O2,Ownership,"Was ownership transferred (to a container, smart pointer, library, or object), so someone else releases it?",https://stackoverflow.com/questions/76108611/memory-leak-in-move-constructor,https://stackoverflow.com/questions/76108611/#comment134224087_76108611,CWE-459;CWE-401
so:634,Stack Overflow,question,asker,,N3,Composite cleanup,Does the cleanup routine / destructor release every resource the object owns?,https://stackoverflow.com/questions/73563370/problem-with-c-program-with-dynamic-memory-has-memory-leaks-dynamic-array-of,https://stackoverflow.com/questions/73563370/#comment129905981_73563370,CWE-762;CWE-459;CWE-401
so:635,Stack Overflow,question,responder,,A1,Allocation,"Is this memory on the heap at all (vs. stack, static, string literal)?",https://stackoverflow.com/questions/73563370/problem-with-c-program-with-dynamic-memory-has-memory-leaks-dynamic-array-of,https://stackoverflow.com/questions/73563370/#comment129905979_73563370,CWE-762;CWE-459;CWE-401
so:636,Stack Overflow,question,responder,,R4,Report interpretation,Where was the block allocated / where does the leak or bad free originate?,https://stackoverflow.com/questions/66075705/suppress-indirect-leaks-caused-by-third-party-libraries,https://stackoverflow.com/questions/66075705/#comment125617609_66075705,CWE-459;CWE-401
so:637,Stack Overflow,question,asker,,L2,Lifetime,"Is the object destroyed when its lifetime ends (scope exit, destructor called, virtual destructor)?",https://stackoverflow.com/questions/69532644/error-leaksanitizer-detected-memory-leaks,https://stackoverflow.com/questions/69532644/#comment122901784_69532644,CWE-401
so:638,Stack Overflow,question,responder,,D1,Deallocation,"Is there a matching release for this allocation, and where should it go?",https://stackoverflow.com/questions/69227316/leaksanitizer-detected-memory-leaks,https://stackoverflow.com/questions/69227316/#comment122360173_69227316,CWE-401
so:639,Stack Overflow,question,responder,,T1,Non-diagnostic,"Triage: reproducer, full trace, version, build flags",https://stackoverflow.com/questions/66645743/still-getting-memory-leak-errors-when-trying-to-free-malloced-pointer-of-struct,https://stackoverflow.com/questions/66645743/#comment117814790_66645743,CWE-401
so:640,Stack Overflow,question,asker,,V1,Report interpretation,"Is the suspected leak/invalid free real, or a false positive / benign report?",https://stackoverflow.com/questions/66406763/c-coroutine-leaking-memory-and-frame,https://stackoverflow.com/questions/66406763/#comment117427516_66406763,CWE-459;CWE-401
so:641,Stack Overflow,question,responder,,R2,Report interpretation,"What does the tool's report category or runtime error mean (definitely/indirectly/possibly lost, still reachable, suppressed, invalid pointer)?",https://stackoverflow.com/questions/66364507/valgrind-false-memory-leak-for-a-pointer-stored-in-a-static-stdlist,https://stackoverflow.com/questions/66364507/#comment117327252_66364507,CWE-459;CWE-401
so:642,Stack Overflow,question,asker,,R2,Report interpretation,"What does the tool's report category or runtime error mean (definitely/indirectly/possibly lost, still reachable, suppressed, invalid pointer)?",https://stackoverflow.com/questions/66364507/valgrind-false-memory-leak-for-a-pointer-stored-in-a-static-stdlist,https://stackoverflow.com/questions/66364507/#comment117326646_66364507,CWE-459;CWE-401
so:643,Stack Overflow,question,responder,,R3,Report interpretation,"Is the report caused by my code, or by a library, runtime, or the tool itself?",https://stackoverflow.com/questions/66075705/suppress-indirect-leaks-caused-by-third-party-libraries,https://stackoverflow.com/questions/66075705/#comment116842566_66075705,CWE-459;CWE-401
so:644,Stack Overflow,question,asker,,D1,Deallocation,"Is there a matching release for this allocation, and where should it go?",https://stackoverflow.com/questions/65280097/getting-leaksanitizer-detected-memory-leaks-with-gcc-but-valgrind-shows-ever,https://stackoverflow.com/questions/65280097/#comment115409025_65280097,CWE-401
so:645,Stack Overflow,question,asker,,O1,Ownership,Who is responsible for releasing this memory (caller vs. callee contract)?,https://stackoverflow.com/questions/65280097/getting-leaksanitizer-detected-memory-leaks-with-gcc-but-valgrind-shows-ever,https://stackoverflow.com/questions/65280097/#comment115409025_65280097,CWE-401
so:648,Stack Overflow,question,responder,,T1,Non-diagnostic,"Triage: reproducer, full trace, version, build flags",https://stackoverflow.com/questions/56057004/valgrind-shows-definitely-lost-bytes-but-should-be-free,https://stackoverflow.com/questions/56057004/#comment98754969_56057004,CWE-459;CWE-401
so:650,Stack Overflow,question,responder,,C1,Control flow,"Is the memory released on every path: error handling, early return, exceptions, longjmp?",https://stackoverflow.com/questions/55398804/exception-in-constructor-and-memory-leaks,https://stackoverflow.com/questions/55398804/#comment97518044_55398804,CWE-401
so:652,Stack Overflow,question,responder,,D4,Deallocation,"Is the pointer valid to free right now (initialized, not already freed, not dangling)?",https://stackoverflow.com/questions/53404321/where-does-this-memory-leak-come-from,https://stackoverflow.com/questions/53404321/#comment93701249_53404321,CWE-401
so:653,Stack Overflow,question,responder,,V1,Report interpretation,"Is the suspected leak/invalid free real, or a false positive / benign report?",https://stackoverflow.com/questions/53404321/where-does-this-memory-leak-come-from,https://stackoverflow.com/questions/53404321/#comment93683672_53404321,CWE-401
so:654,Stack Overflow,question,responder,,C2,Control flow,"Is the old block released on each loop iteration / reallocation (realloc failure, reassignment in a loop)?",https://stackoverflow.com/questions/53404321/where-does-this-memory-leak-come-from,https://stackoverflow.com/questions/53404321/#comment93683672_53404321,CWE-401
so:656,Stack Overflow,question,responder,,V1,Report interpretation,"Is the suspected leak/invalid free real, or a false positive / benign report?",https://stackoverflow.com/questions/52479755/valgrind-memory-leak-during-realloc,https://stackoverflow.com/questions/52479755/#comment91900636_52479755,CWE-401
so:657,Stack Overflow,question,responder,,V1,Report interpretation,"Is the suspected leak/invalid free real, or a false positive / benign report?",https://stackoverflow.com/questions/52479755/valgrind-memory-leak-during-realloc,https://stackoverflow.com/questions/52479755/#comment91900636_52479755,CWE-401
so:658,Stack Overflow,question,responder,,R4,Report interpretation,Where was the block allocated / where does the leak or bad free originate?,https://stackoverflow.com/questions/49536956/memory-leak-when-shutting-down-embedded-pyside-pyqt4-python-code,https://stackoverflow.com/questions/49536956/#comment86082203_49536956,CWE-459;CWE-401
so:659,Stack Overflow,question,responder,,R5,Report interpretation,"How do I detect, configure, or suppress this with the tool?",https://stackoverflow.com/questions/49394746/valgrind-reporting-memory-definitely-lost-without-errors,https://stackoverflow.com/questions/49394746/#comment85791493_49394746,CWE-459;CWE-401
so:660,Stack Overflow,question,responder,,R5,Report interpretation,"How do I detect, configure, or suppress this with the tool?",https://stackoverflow.com/questions/49394746/valgrind-reporting-memory-definitely-lost-without-errors,https://stackoverflow.com/questions/49394746/#comment85791493_49394746,CWE-459;CWE-401
so:661,Stack Overflow,question,responder,,T1,Non-diagnostic,"Triage: reproducer, full trace, version, build flags",https://stackoverflow.com/questions/49394746/valgrind-reporting-memory-definitely-lost-without-errors,https://stackoverflow.com/questions/49394746/#comment85791187_49394746,CWE-459;CWE-401
so:662,Stack Overflow,question,responder,,D1,Deallocation,"Is there a matching release for this allocation, and where should it go?",https://stackoverflow.com/questions/47362651/valgrind-definitely-lost-memory-leak-in-c-program,https://stackoverflow.com/questions/47362651/#comment81678252_47362651,CWE-459;CWE-401
so:663,Stack Overflow,question,responder,,R5,Report interpretation,"How do I detect, configure, or suppress this with the tool?",https://stackoverflow.com/questions/34841678/memory-leak-cin-to-float-on-osx,https://stackoverflow.com/questions/34841678/#comment57424067_34841678,CWE-459;CWE-401
so:664,Stack Overflow,question,responder,,R4,Report interpretation,Where was the block allocated / where does the leak or bad free originate?,https://stackoverflow.com/questions/28915036/realloc-strange-memory-leak,https://stackoverflow.com/questions/28915036/#comment46088867_28915036,CWE-401
so:665,Stack Overflow,question,responder,,N1,Composite cleanup,"Are nested sub-allocations released (struct members, list nodes, 2-D arrays) before/with the parent?",https://stackoverflow.com/questions/28915036/realloc-strange-memory-leak,https://stackoverflow.com/questions/28915036/#comment46088268_28915036,CWE-401
so:666,Stack Overflow,question,responder,,T1,Non-diagnostic,"Triage: reproducer, full trace, version, build flags",https://stackoverflow.com/questions/25988153/definitely-lost-memory-leak-in-c-program,https://stackoverflow.com/questions/25988153/#comment40696782_25988153,CWE-459;CWE-401
so:667,Stack Overflow,question,responder,,R2,Report interpretation,"What does the tool's report category or runtime error mean (definitely/indirectly/possibly lost, still reachable, suppressed, invalid pointer)?",https://stackoverflow.com/questions/22670130/confusing-output-from-valgrind-shows-indirectly-lost-memory-leaks-but-no-definit,https://stackoverflow.com/questions/22670130/#comment34534018_22670130,CWE-459;CWE-401
so:668,Stack Overflow,question,asker,,R2,Report interpretation,"What does the tool's report category or runtime error mean (definitely/indirectly/possibly lost, still reachable, suppressed, invalid pointer)?",https://stackoverflow.com/questions/17357035/memory-leak-despite-using-unique-ptr,https://stackoverflow.com/questions/17357035/#comment25187270_17357035,CWE-401
so:669,Stack Overflow,question,responder,,L2,Lifetime,"Is the object destroyed when its lifetime ends (scope exit, destructor called, virtual destructor)?",https://stackoverflow.com/questions/17357035/memory-leak-despite-using-unique-ptr,https://stackoverflow.com/questions/17357035/#comment25187192_17357035,CWE-401
so:671,Stack Overflow,question,responder,,R3,Report interpretation,"Is the report caused by my code, or by a library, runtime, or the tool itself?",https://stackoverflow.com/questions/14025613/is-getnameinfo-memory-leaking-confirmed,https://stackoverflow.com/questions/14025613/#comment19373891_14025613,CWE-459;CWE-401
so:672,Stack Overflow,question,responder,,L3,Lifetime,"Does memory keep growing with repetitions (retained longer than needed, unbounded growth)?",https://stackoverflow.com/questions/13490718/track-memory-usage-in-c-and-evaluate-memory-consumption,https://stackoverflow.com/questions/13490718/#comment18460912_13490718,CWE-401
so:673,Stack Overflow,question,responder,,R3,Report interpretation,"Is the report caused by my code, or by a library, runtime, or the tool itself?",https://stackoverflow.com/questions/13490718/track-memory-usage-in-c-and-evaluate-memory-consumption,https://stackoverflow.com/questions/13490718/#comment18460509_13490718,CWE-401
so:674,Stack Overflow,question,responder,,R2,Report interpretation,"What does the tool's report category or runtime error mean (definitely/indirectly/possibly lost, still reachable, suppressed, invalid pointer)?",https://stackoverflow.com/questions/12084404/using-r-alloc-in-c,https://stackoverflow.com/questions/12084404/#comment16158457_12084404,CWE-459;CWE-401
so:675,Stack Overflow,question,responder,,L1,Lifetime,"Must the memory be freed before program exit, or is exit-time retention acceptable?",https://stackoverflow.com/questions/10332561/valgrind-memcheck-tool-didnot-detect-memory-leak,https://stackoverflow.com/questions/10332561/#comment13306392_10332561,CWE-401
so:677,Stack Overflow,question,asker,,A4,Allocation,"Is the allocation size bounded and validated (untrusted input, overflow, huge/negative size, failure)?",https://stackoverflow.com/questions/78490933/why-is-this-a-potential-memory-leak,https://stackoverflow.com/questions/78490933/#comment138376661_78490933,CWE-401
so:678,Stack Overflow,question,responder,,D1,Deallocation,"Is there a matching release for this allocation, and where should it go?",https://stackoverflow.com/questions/78490933/why-is-this-a-potential-memory-leak,https://stackoverflow.com/questions/78490933/#comment138376609_78490933,CWE-401
so:680,Stack Overflow,question,asker,,N3,Composite cleanup,Does the cleanup routine / destructor release every resource the object owns?,https://stackoverflow.com/questions/53413647/is-this-a-c-memory-leak,https://stackoverflow.com/questions/53413647/#comment93702183_53413647,CWE-459;CWE-401
so:681,Stack Overflow,question,responder,,R2,Report interpretation,"What does the tool's report category or runtime error mean (definitely/indirectly/possibly lost, still reachable, suppressed, invalid pointer)?",https://stackoverflow.com/questions/52262766/will-an-iterator-cause-a-memory-leak,https://stackoverflow.com/questions/52262766/#comment91475538_52262766,CWE-401
so:682,Stack Overflow,question,responder,,A3,Allocation,Which allocator family produced this pointer (malloc/new/new[]/custom/library)?,https://stackoverflow.com/questions/52262766/will-an-iterator-cause-a-memory-leak,https://stackoverflow.com/questions/52262766/#comment91473344_52262766,CWE-401
so:683,Stack Overflow,question,responder,,V1,Report interpretation,"Is the suspected leak/invalid free real, or a false positive / benign report?",https://stackoverflow.com/questions/52262766/will-an-iterator-cause-a-memory-leak,https://stackoverflow.com/questions/52262766/#comment91473327_52262766,CWE-401
so:684,Stack Overflow,question,responder,,L3,Lifetime,"Does memory keep growing with repetitions (retained longer than needed, unbounded growth)?",https://stackoverflow.com/questions/273209/are-memory-leaks-ever-ok,https://stackoverflow.com/questions/273209/#comment90824886_273209,CWE-459;CWE-401
so:685,Stack Overflow,question,asker,,D1,Deallocation,"Is there a matching release for this allocation, and where should it go?",https://stackoverflow.com/questions/46695254/memory-leak-in-c-most-likely-due-to-realloc,https://stackoverflow.com/questions/46695254/#comment80339024_46695254,CWE-401
so:686,Stack Overflow,question,responder,,V1,Report interpretation,"Is the suspected leak/invalid free real, or a false positive / benign report?",https://stackoverflow.com/questions/46695254/memory-leak-in-c-most-likely-due-to-realloc,https://stackoverflow.com/questions/46695254/#comment80338867_46695254,CWE-401
so:690,Stack Overflow,question,responder,,D4,Deallocation,"Is the pointer valid to free right now (initialized, not already freed, not dangling)?",https://stackoverflow.com/questions/29132197/is-it-safe-to-allocate-memory-from-with-a-c-function,https://stackoverflow.com/questions/29132197/#comment46490579_29132197,CWE-401
so:691,Stack Overflow,question,responder,,D1,Deallocation,"Is there a matching release for this allocation, and where should it go?",https://stackoverflow.com/questions/24865899/c-program-performance-depreciation-after-multiple-runs,https://stackoverflow.com/questions/24865899/#comment38617555_24865899,CWE-401
so:693,Stack Overflow,question,responder,,R5,Report interpretation,"How do I detect, configure, or suppress this with the tool?",https://stackoverflow.com/questions/19826688/c-activex-replacing-realloc-with-malloc-memcpy-free-functional-and-performa,https://stackoverflow.com/questions/19826688/#comment29483457_19826688,CWE-401
so:695,Stack Overflow,question,responder,,E2,Escape / aliasing,"Does the pointer escape (global, struct field, return value) so it must be released elsewhere?",https://stackoverflow.com/questions/18138509/how-to-allow-global-functions-access-to-private-members,https://stackoverflow.com/questions/18138509/#comment26564654_18138509,CWE-401
so:697,Stack Overflow,question,asker,,C2,Control flow,"Is the old block released on each loop iteration / reallocation (realloc failure, reassignment in a loop)?",https://stackoverflow.com/questions/17071460/best-practice-for-returning-a-variable-length-string-in-c,https://stackoverflow.com/questions/17071460/#comment24689074_17071460,CWE-401
so:697,Stack Overflow,question,asker,,A4,Allocation,"Is the allocation size bounded and validated (untrusted input, overflow, huge/negative size, failure)?",https://stackoverflow.com/questions/17071460/best-practice-for-returning-a-variable-length-string-in-c,https://stackoverflow.com/questions/17071460/#comment24689074_17071460,CWE-401
so:698,Stack Overflow,question,responder,,L1,Lifetime,"Must the memory be freed before program exit, or is exit-time retention acceptable?",https://stackoverflow.com/questions/15467298/how-far-can-memory-leaks-go,https://stackoverflow.com/questions/15467298/#comment21889084_15467298,CWE-401
so:699,Stack Overflow,question,responder,,V1,Report interpretation,"Is the suspected leak/invalid free real, or a false positive / benign report?",https://stackoverflow.com/questions/5339282/realloc-memory-leak,https://stackoverflow.com/questions/5339282/#comment20171126_5339282,CWE-401
so:700,Stack Overflow,question,responder,,R5,Report interpretation,"How do I detect, configure, or suppress this with the tool?",https://stackoverflow.com/questions/9033931/memory-leak-c,https://stackoverflow.com/questions/9033931/#comment11339874_9033931,CWE-401
so:701,Stack Overflow,question,responder,,L1,Lifetime,"Must the memory be freed before program exit, or is exit-time retention acceptable?",https://stackoverflow.com/questions/1008019/how-do-you-implement-the-singleton-design-pattern,https://stackoverflow.com/questions/1008019/#comment8166124_1008019,CWE-401
so:703,Stack Overflow,question,asker,,D4,Deallocation,"Is the pointer valid to free right now (initialized, not already freed, not dangling)?",https://stackoverflow.com/questions/6804849/c-is-not-deleting-an-object-always-a-memory-leak,https://stackoverflow.com/questions/6804849/#comment8079818_6804849,CWE-401
so:705,Stack Overflow,question,responder,,R3,Report interpretation,"Is the report caused by my code, or by a library, runtime, or the tool itself?",https://stackoverflow.com/questions/6503661/dlopen-dlsym-dlclose-dlfcn-h-causes-memory-leak,https://stackoverflow.com/questions/6503661/#comment7651805_6503661,CWE-459;CWE-401
so:706,Stack Overflow,question,responder,,V1,Report interpretation,"Is the suspected leak/invalid free real, or a false positive / benign report?",https://stackoverflow.com/questions/5339282/realloc-memory-leak,https://stackoverflow.com/questions/5339282/#comment6028053_5339282,CWE-401
so:707,Stack Overflow,question,responder,,C2,Control flow,"Is the old block released on each loop iteration / reallocation (realloc failure, reassignment in a loop)?",https://stackoverflow.com/questions/5339282/realloc-memory-leak,https://stackoverflow.com/questions/5339282/#comment6028001_5339282,CWE-401
so:709,Stack Overflow,question,responder,,L1,Lifetime,"Must the memory be freed before program exit, or is exit-time retention acceptable?",https://stackoverflow.com/questions/3317207/should-i-free-allocated-memory-on-abnormal-termination,https://stackoverflow.com/questions/3317207/#comment3438305_3317207,CWE-763;CWE-401
so:710,Stack Overflow,question,responder,,C1,Control flow,"Is the memory released on every path: error handling, early return, exceptions, longjmp?",https://stackoverflow.com/questions/655065/when-should-i-use-the-new-keyword-in-c,https://stackoverflow.com/questions/655065/#comment2747496_655065,CWE-459;CWE-401
so:711,Stack Overflow,question,asker,,L2,Lifetime,"Is the object destroyed when its lifetime ends (scope exit, destructor called, virtual destructor)?",https://stackoverflow.com/questions/77459620/why-does-circular-reference-cause-indirect-leak,https://stackoverflow.com/questions/77459620/#comment136565864_77459620,CWE-459;CWE-401
so:712,Stack Overflow,question,responder,,N2,Composite cleanup,Is a reference cycle or refcount imbalance preventing release?,https://stackoverflow.com/questions/77459620/why-does-circular-reference-cause-indirect-leak,https://stackoverflow.com/questions/77459620/#comment136558850_77459620,CWE-459;CWE-401
so:713,Stack Overflow,question,responder,,N2,Composite cleanup,Is a reference cycle or refcount imbalance preventing release?,https://stackoverflow.com/questions/77459620/why-does-circular-reference-cause-indirect-leak,https://stackoverflow.com/questions/77459620/#comment136558850_77459620,CWE-459;CWE-401
so:714,Stack Overflow,question,responder,,N1,Composite cleanup,"Are nested sub-allocations released (struct members, list nodes, 2-D arrays) before/with the parent?",https://stackoverflow.com/questions/77349868/i-have-freed-dynamically-allocated-memory-but-i-am-still-getting-memory-leaks,https://stackoverflow.com/questions/77349868/#comment136388571_77349868,CWE-459;CWE-401
so:715,Stack Overflow,question,responder,,N1,Composite cleanup,"Are nested sub-allocations released (struct members, list nodes, 2-D arrays) before/with the parent?",https://stackoverflow.com/questions/75885820/how-to-free-memories-in-the-heap-without-getting-memory-leak-in-linked-list,https://stackoverflow.com/questions/75885820/#comment133852584_75885820,CWE-459;CWE-401
so:716,Stack Overflow,question,asker,,A1,Allocation,"Is this memory on the heap at all (vs. stack, static, string literal)?",https://stackoverflow.com/questions/67345194/dinamically-vs-static-memory-allocation-for-a-struct-array,https://stackoverflow.com/questions/67345194/#comment119072738_67345194,CWE-401
so:717,Stack Overflow,question,responder,,L2,Lifetime,"Is the object destroyed when its lifetime ends (scope exit, destructor called, virtual destructor)?",https://stackoverflow.com/questions/66652015/c-class-destructor-not-being-called-automatically-causes-memory-leak,https://stackoverflow.com/questions/66652015/#comment117823673_66652015,CWE-762;CWE-459;CWE-401
so:718,Stack Overflow,question,asker,,C1,Control flow,"Is the memory released on every path: error handling, early return, exceptions, longjmp?",https://stackoverflow.com/questions/62878935/how-to-overcome-memory-leak-while-throwing-exception-from-constructor,https://stackoverflow.com/questions/62878935/#comment111193933_62878935,CWE-459;CWE-401
so:719,Stack Overflow,question,asker,,L2,Lifetime,"Is the object destroyed when its lifetime ends (scope exit, destructor called, virtual destructor)?",https://stackoverflow.com/questions/62878935/how-to-overcome-memory-leak-while-throwing-exception-from-constructor,https://stackoverflow.com/questions/62878935/#comment111193757_62878935,CWE-459;CWE-401
so:720,Stack Overflow,question,asker,,L2,Lifetime,"Is the object destroyed when its lifetime ends (scope exit, destructor called, virtual destructor)?",https://stackoverflow.com/questions/62878935/how-to-overcome-memory-leak-while-throwing-exception-from-constructor,https://stackoverflow.com/questions/62878935/#comment111193389_62878935,CWE-459;CWE-401
so:721,Stack Overflow,question,responder,,A4,Allocation,"Is the allocation size bounded and validated (untrusted input, overflow, huge/negative size, failure)?",https://stackoverflow.com/questions/61446459/problem-with-free-function-in-c-and-memory-leaks,https://stackoverflow.com/questions/61446459/#comment108697283_61446459,CWE-459;CWE-401
so:722,Stack Overflow,question,asker,,D1,Deallocation,"Is there a matching release for this allocation, and where should it go?",https://stackoverflow.com/questions/61446459/problem-with-free-function-in-c-and-memory-leaks,https://stackoverflow.com/questions/61446459/#comment108697011_61446459,CWE-459;CWE-401
so:723,Stack Overflow,question,responder,,E1,Escape / aliasing,Was the last reference overwritten or lost before release?,https://stackoverflow.com/questions/61446459/problem-with-free-function-in-c-and-memory-leaks,https://stackoverflow.com/questions/61446459/#comment108696655_61446459,CWE-459;CWE-401
so:726,Stack Overflow,question,responder,,R2,Report interpretation,"What does the tool's report category or runtime error mean (definitely/indirectly/possibly lost, still reachable, suppressed, invalid pointer)?",https://stackoverflow.com/questions/55957454/heapusage-detects-memory-leak-possibly-caused-by-printf,https://stackoverflow.com/questions/55957454/#comment98567108_55957454,CWE-401
so:727,Stack Overflow,question,responder,,R3,Report interpretation,"Is the report caused by my code, or by a library, runtime, or the tool itself?",https://stackoverflow.com/questions/55957454/heapusage-detects-memory-leak-possibly-caused-by-printf,https://stackoverflow.com/questions/55957454/#comment98567108_55957454,CWE-401
so:728,Stack Overflow,question,responder,,R3,Report interpretation,"Is the report caused by my code, or by a library, runtime, or the tool itself?",https://stackoverflow.com/questions/55957454/heapusage-detects-memory-leak-possibly-caused-by-printf,https://stackoverflow.com/questions/55957454/#comment98567108_55957454,CWE-401
so:729,Stack Overflow,question,responder,,R3,Report interpretation,"Is the report caused by my code, or by a library, runtime, or the tool itself?",https://stackoverflow.com/questions/55957454/heapusage-detects-memory-leak-possibly-caused-by-printf,https://stackoverflow.com/questions/55957454/#comment98566666_55957454,CWE-401
so:731,Stack Overflow,question,responder,,N1,Composite cleanup,"Are nested sub-allocations released (struct members, list nodes, 2-D arrays) before/with the parent?",https://stackoverflow.com/questions/46486989/c-memory-leak-when-freeing-char-pointer-in-linked-list,https://stackoverflow.com/questions/46486989/#comment79931077_46486989,CWE-459;CWE-401
so:732,Stack Overflow,question,asker,,N1,Composite cleanup,"Are nested sub-allocations released (struct members, list nodes, 2-D arrays) before/with the parent?",https://stackoverflow.com/questions/45256601/2d-array-using-pointers-memory-leakage,https://stackoverflow.com/questions/45256601/#comment77476827_45256601,CWE-401
so:733,Stack Overflow,question,responder,,N1,Composite cleanup,"Are nested sub-allocations released (struct members, list nodes, 2-D arrays) before/with the parent?",https://stackoverflow.com/questions/35420629/c-linked-list-memory-leak,https://stackoverflow.com/questions/35420629/#comment58541938_35420629,CWE-401
so:734,Stack Overflow,question,responder,,T1,Non-diagnostic,"Triage: reproducer, full trace, version, build flags",https://stackoverflow.com/questions/30308992/zmq-ctx-term-blocks-while-sockets-closed,https://stackoverflow.com/questions/30308992/#comment49009165_30308992,CWE-401
so:735,Stack Overflow,question,responder,,T1,Non-diagnostic,"Triage: reproducer, full trace, version, build flags",https://stackoverflow.com/questions/30325372/memory-leaks-despite-destructor-call,https://stackoverflow.com/questions/30325372/#comment48745203_30325372,CWE-459;CWE-401
so:737,Stack Overflow,question,asker,,X1,Cross-module,"Are allocation and release done by the same module/runtime heap (DLL, CRT, FFI boundary)?",https://stackoverflow.com/questions/26431573/freeing-a-mallocd-structure-containing-mallocd-strings,https://stackoverflow.com/questions/26431573/#comment41508263_26431573,CWE-459;CWE-401
so:738,Stack Overflow,question,responder,,V1,Report interpretation,"Is the suspected leak/invalid free real, or a false positive / benign report?",https://stackoverflow.com/questions/24280361/detect-c-memory-leaks-that-are-freed-on-exit,https://stackoverflow.com/questions/24280361/#comment37516537_24280361,CWE-401
so:739,Stack Overflow,question,asker,,R5,Report interpretation,"How do I detect, configure, or suppress this with the tool?",https://stackoverflow.com/questions/20132297/memory-leak-despite-destructor-call-using-static-unique-ptr,https://stackoverflow.com/questions/20132297/#comment30004723_20132297,CWE-459;CWE-401
so:740,Stack Overflow,question,responder,,R5,Report interpretation,"How do I detect, configure, or suppress this with the tool?",https://stackoverflow.com/questions/20132297/memory-leak-despite-destructor-call-using-static-unique-ptr,https://stackoverflow.com/questions/20132297/#comment30003915_20132297,CWE-459;CWE-401
so:741,Stack Overflow,question,responder,,L2,Lifetime,"Is the object destroyed when its lifetime ends (scope exit, destructor called, virtual destructor)?",https://stackoverflow.com/questions/10546695/do-we-need-to-explicitly-call-the-destructor-for-the-simple-pod-classes-alloca,https://stackoverflow.com/questions/10546695/#comment13647097_10546695,CWE-459;CWE-401
so:744,Stack Overflow,question,responder,,L1,Lifetime,"Must the memory be freed before program exit, or is exit-time retention acceptable?",https://stackoverflow.com/questions/10223677/when-a-program-terminates-what-happens-to-the-memory-allocated-using-malloc-that,https://stackoverflow.com/questions/10223677/#comment13133953_10223677,CWE-459;CWE-401
so:745,Stack Overflow,question,responder,,L1,Lifetime,"Must the memory be freed before program exit, or is exit-time retention acceptable?",https://stackoverflow.com/questions/10223677/when-a-program-terminates-what-happens-to-the-memory-allocated-using-malloc-that,https://stackoverflow.com/questions/10223677/#comment13133843_10223677,CWE-459;CWE-401
so:746,Stack Overflow,question,asker,,L2,Lifetime,"Is the object destroyed when its lifetime ends (scope exit, destructor called, virtual destructor)?",https://stackoverflow.com/questions/8752111/possible-memory-leak-without-a-virtual-destructor,https://stackoverflow.com/questions/8752111/#comment10904847_8752111,CWE-459;CWE-401
so:747,Stack Overflow,question,asker,,A1,Allocation,"Is this memory on the heap at all (vs. stack, static, string literal)?",https://stackoverflow.com/questions/6966328/why-doesnt-deleting-a-pointer-make-it-unusable,https://stackoverflow.com/questions/6966328/#comment8307980_6966328,CWE-401
so:748,Stack Overflow,question,asker,,L2,Lifetime,"Is the object destroyed when its lifetime ends (scope exit, destructor called, virtual destructor)?",https://stackoverflow.com/questions/6966328/why-doesnt-deleting-a-pointer-make-it-unusable,https://stackoverflow.com/questions/6966328/#comment8307980_6966328,CWE-401
so:749,Stack Overflow,question,asker,,C1,Control flow,"Is the memory released on every path: error handling, early return, exceptions, longjmp?",https://stackoverflow.com/questions/5638761/qscopedarraypointer-guarding-my-data-but-it-is-still-leaking,https://stackoverflow.com/questions/5638761/#comment6428143_5638761,CWE-459;CWE-401
so:750,Stack Overflow,question,asker,,R3,Report interpretation,"Is the report caused by my code, or by a library, runtime, or the tool itself?",https://stackoverflow.com/questions/78851746/valgrind-shows-weird-results-when-using-it-with-sdl2,https://stackoverflow.com/questions/78851746/#comment139035620_78851746,CWE-459;CWE-401
so:751,Stack Overflow,question,responder,,L1,Lifetime,"Must the memory be freed before program exit, or is exit-time retention acceptable?",https://stackoverflow.com/questions/73209678/when-to-convert-a-local-array-to-a-malloc-in-c,https://stackoverflow.com/questions/73209678/#comment129295638_73209678,CWE-401
so:752,Stack Overflow,question,responder,,E1,Escape / aliasing,Was the last reference overwritten or lost before release?,https://stackoverflow.com/questions/72217371/can-i-add-a-local-instance-of-a-pointer-to-a-struct-with-memory-allocated-with-m,https://stackoverflow.com/questions/72217371/#comment127595815_72217371,CWE-401
so:753,Stack Overflow,question,responder,,A3,Allocation,Which allocator family produced this pointer (malloc/new/new[]/custom/library)?,https://stackoverflow.com/questions/72217371/can-i-add-a-local-instance-of-a-pointer-to-a-struct-with-memory-allocated-with-m,https://stackoverflow.com/questions/72217371/#comment127594062_72217371,CWE-401
so:754,Stack Overflow,question,asker,,N1,Composite cleanup,"Are nested sub-allocations released (struct members, list nodes, 2-D arrays) before/with the parent?",https://stackoverflow.com/questions/72217371/can-i-add-a-local-instance-of-a-pointer-to-a-struct-with-memory-allocated-with-m,https://stackoverflow.com/questions/72217371/#comment127593739_72217371,CWE-401
so:755,Stack Overflow,question,responder,,D1,Deallocation,"Is there a matching release for this allocation, and where should it go?",https://stackoverflow.com/questions/72217371/can-i-add-a-local-instance-of-a-pointer-to-a-struct-with-memory-allocated-with-m,https://stackoverflow.com/questions/72217371/#comment127593425_72217371,CWE-401
so:756,Stack Overflow,question,responder,,E1,Escape / aliasing,Was the last reference overwritten or lost before release?,https://stackoverflow.com/questions/72217371/can-i-add-a-local-instance-of-a-pointer-to-a-struct-with-memory-allocated-with-m,https://stackoverflow.com/questions/72217371/#comment127593147_72217371,CWE-401
so:757,Stack Overflow,question,responder,,V1,Report interpretation,"Is the suspected leak/invalid free real, or a false positive / benign report?",https://stackoverflow.com/questions/49667744/memory-leaks-on-a-templated-dynamic-array,https://stackoverflow.com/questions/49667744/#comment86347325_49667744,CWE-762;CWE-459;CWE-401
so:758,Stack Overflow,question,responder,,A1,Allocation,"Is this memory on the heap at all (vs. stack, static, string literal)?",https://stackoverflow.com/questions/49667744/memory-leaks-on-a-templated-dynamic-array,https://stackoverflow.com/questions/49667744/#comment86345447_49667744,CWE-762;CWE-459;CWE-401
so:759,Stack Overflow,question,asker,,E3,Escape / aliasing,"Do other aliases or copies refer to the same block (shallow copy, copy ctor, two owners)?",https://stackoverflow.com/questions/46800987/destructor-called-on-stdvectorclass-type-invalidating-for-each,https://stackoverflow.com/questions/46800987/#comment80549504_46800987,CWE-762;CWE-459;CWE-401
so:761,Stack Overflow,question,asker,,E3,Escape / aliasing,"Do other aliases or copies refer to the same block (shallow copy, copy ctor, two owners)?",https://stackoverflow.com/questions/35937148/management-of-a-vector-of-pointers-as-a-class-member,https://stackoverflow.com/questions/35937148/#comment59531343_35937148,CWE-459;CWE-401
so:763,Stack Overflow,question,responder,,D2,Deallocation,Is the pointer passed to free exactly the one the allocator returned (not offset/advanced)?,https://stackoverflow.com/questions/34847051/c-free-array-pointer-for-stack,https://stackoverflow.com/questions/34847051/#comment57434377_34847051,CWE-590
so:764,Stack Overflow,question,asker,,V1,Report interpretation,"Is the suspected leak/invalid free real, or a false positive / benign report?",https://stackoverflow.com/questions/33392649/valgrind-memory-leak-what-error-is-this,https://stackoverflow.com/questions/33392649/#comment54577160_33392649,CWE-459;CWE-401
so:765,Stack Overflow,question,asker,,A1,Allocation,"Is this memory on the heap at all (vs. stack, static, string literal)?",https://stackoverflow.com/questions/33281700/how-do-i-free-up-the-memory-consumed-by-a-string-literal,https://stackoverflow.com/questions/33281700/#comment54365878_33281700,CWE-590
so:766,Stack Overflow,question,responder,,A1,Allocation,"Is this memory on the heap at all (vs. stack, static, string literal)?",https://stackoverflow.com/questions/33281700/how-do-i-free-up-the-memory-consumed-by-a-string-literal,https://stackoverflow.com/questions/33281700/#comment54363886_33281700,CWE-590
so:767,Stack Overflow,question,responder,,C1,Control flow,"Is the memory released on every path: error handling, early return, exceptions, longjmp?",https://stackoverflow.com/questions/27839959/libssh-memory-lost-in-simple-implementation,https://stackoverflow.com/questions/27839959/#comment44084293_27839959,CWE-459;CWE-401
so:768,Stack Overflow,question,responder,,E1,Escape / aliasing,Was the last reference overwritten or lost before release?,https://stackoverflow.com/questions/21233891/tracking-down-a-memory-leak-with-valgrind,https://stackoverflow.com/questions/21233891/#comment31984306_21233891,CWE-459;CWE-401
so:769,Stack Overflow,question,responder,,R5,Report interpretation,"How do I detect, configure, or suppress this with the tool?",https://stackoverflow.com/questions/21233891/tracking-down-a-memory-leak-with-valgrind,https://stackoverflow.com/questions/21233891/#comment31984082_21233891,CWE-459;CWE-401
so:770,Stack Overflow,question,responder,,E3,Escape / aliasing,"Do other aliases or copies refer to the same block (shallow copy, copy ctor, two owners)?",https://stackoverflow.com/questions/16749860/memory-leak-when-deleted-exception-raised,https://stackoverflow.com/questions/16749860/#comment24126780_16749860,CWE-762;CWE-763;CWE-459;CWE-401
so:771,Stack Overflow,question,responder,,E3,Escape / aliasing,"Do other aliases or copies refer to the same block (shallow copy, copy ctor, two owners)?",https://stackoverflow.com/questions/16749860/memory-leak-when-deleted-exception-raised,https://stackoverflow.com/questions/16749860/#comment24126772_16749860,CWE-762;CWE-763;CWE-459;CWE-401
so:771,Stack Overflow,question,responder,,D4,Deallocation,"Is the pointer valid to free right now (initialized, not already freed, not dangling)?",https://stackoverflow.com/questions/16749860/memory-leak-when-deleted-exception-raised,https://stackoverflow.com/questions/16749860/#comment24126772_16749860,CWE-762;CWE-763;CWE-459;CWE-401
so:773,Stack Overflow,question,responder,,N1,Composite cleanup,"Are nested sub-allocations released (struct members, list nodes, 2-D arrays) before/with the parent?",https://stackoverflow.com/questions/14069536/memory-leaks-in-c-linked-list,https://stackoverflow.com/questions/14069536/#comment19449908_14069536,CWE-459;CWE-401
so:774,Stack Overflow,question,responder,,T1,Non-diagnostic,"Triage: reproducer, full trace, version, build flags",https://stackoverflow.com/questions/14069536/memory-leaks-in-c-linked-list,https://stackoverflow.com/questions/14069536/#comment19449398_14069536,CWE-459;CWE-401
so:775,Stack Overflow,question,responder,,L1,Lifetime,"Must the memory be freed before program exit, or is exit-time retention acceptable?",https://stackoverflow.com/questions/8835729/realloc-causes-memory-leak-according-to-valgrind,https://stackoverflow.com/questions/8835729/#comment11032961_8835729,CWE-401
so:776,Stack Overflow,question,responder,,C2,Control flow,"Is the old block released on each loop iteration / reallocation (realloc failure, reassignment in a loop)?",https://stackoverflow.com/questions/8835729/realloc-causes-memory-leak-according-to-valgrind,https://stackoverflow.com/questions/8835729/#comment11032795_8835729,CWE-401
so:778,Stack Overflow,question,asker,,D1,Deallocation,"Is there a matching release for this allocation, and where should it go?",https://stackoverflow.com/questions/76985778/using-dynamic-memory-to-avoid-reference-invalidation,https://stackoverflow.com/questions/76985778/#comment135716304_76985778,CWE-761
so:779,Stack Overflow,question,responder,,E1,Escape / aliasing,Was the last reference overwritten or lost before release?,https://stackoverflow.com/questions/76985778/using-dynamic-memory-to-avoid-reference-invalidation,https://stackoverflow.com/questions/76985778/#comment135716255_76985778,CWE-761
so:780,Stack Overflow,question,responder,,V1,Report interpretation,"Is the suspected leak/invalid free real, or a false positive / benign report?",https://stackoverflow.com/questions/58530570/memory-leakage-when-accessing-using-pointer-elements-from-a-struct-received-by,https://stackoverflow.com/questions/58530570/#comment103385083_58530570,CWE-401
so:782,Stack Overflow,question,responder,,A4,Allocation,"Is the allocation size bounded and validated (untrusted input, overflow, huge/negative size, failure)?",https://stackoverflow.com/questions/38385176/is-this-custom-malloc-ok,https://stackoverflow.com/questions/38385176/#comment64180395_38385176,CWE-761
so:784,Stack Overflow,question,responder,,D1,Deallocation,"Is there a matching release for this allocation, and where should it go?",https://stackoverflow.com/questions/38385176/is-this-custom-malloc-ok,https://stackoverflow.com/questions/38385176/#comment64180228_38385176,CWE-761
so:786,Stack Overflow,question,asker,,N1,Composite cleanup,"Are nested sub-allocations released (struct members, list nodes, 2-D arrays) before/with the parent?",https://stackoverflow.com/questions/36515604/malloc-of-pointers-in-structs-pointer-arithmetic-free-linkedlist,https://stackoverflow.com/questions/36515604/#comment60637801_36515604,CWE-761
so:787,Stack Overflow,question,asker,,N1,Composite cleanup,"Are nested sub-allocations released (struct members, list nodes, 2-D arrays) before/with the parent?",https://stackoverflow.com/questions/36515604/malloc-of-pointers-in-structs-pointer-arithmetic-free-linkedlist,https://stackoverflow.com/questions/36515604/#comment60637801_36515604,CWE-761
so:788,Stack Overflow,question,responder,,E3,Escape / aliasing,"Do other aliases or copies refer to the same block (shallow copy, copy ctor, two owners)?",https://stackoverflow.com/questions/26950411/how-to-distinguish-a-malloced-string-from-a-string-literal,https://stackoverflow.com/questions/26950411/#comment42442144_26950411,CWE-590
so:789,Stack Overflow,question,responder,,E3,Escape / aliasing,"Do other aliases or copies refer to the same block (shallow copy, copy ctor, two owners)?",https://stackoverflow.com/questions/26950411/how-to-distinguish-a-malloced-string-from-a-string-literal,https://stackoverflow.com/questions/26950411/#comment42442144_26950411,CWE-590
so:790,Stack Overflow,question,responder,,A1,Allocation,"Is this memory on the heap at all (vs. stack, static, string literal)?",https://stackoverflow.com/questions/6447376/can-you-determine-if-a-string-if-freeable-in-c,https://stackoverflow.com/questions/6447376/#comment7570320_6447376,CWE-590;CWE-763
so:791,Stack Overflow,question,responder,,L2,Lifetime,"Is the object destroyed when its lifetime ends (scope exit, destructor called, virtual destructor)?",https://stackoverflow.com/questions/6058909/catching-delete-of-a-stack-object,https://stackoverflow.com/questions/6058909/#comment7012930_6058909,CWE-590
so:792,Stack Overflow,question,responder,,A1,Allocation,"Is this memory on the heap at all (vs. stack, static, string literal)?",https://stackoverflow.com/questions/6058909/catching-delete-of-a-stack-object,https://stackoverflow.com/questions/6058909/#comment7012913_6058909,CWE-590
so:794,Stack Overflow,question,responder,,A3,Allocation,Which allocator family produced this pointer (malloc/new/new[]/custom/library)?,https://stackoverflow.com/questions/3788005/deleting-object-from-a-stack,https://stackoverflow.com/questions/3788005/#comment4013356_3788005,CWE-590
so:799,Stack Overflow,question,responder,,R3,Report interpretation,"Is the report caused by my code, or by a library, runtime, or the tool itself?",https://stackoverflow.com/questions/67803107/damage-after-normal-block-when-base-class-is-marked-virtual,https://stackoverflow.com/questions/67803107/#comment119849734_67803107,CWE-459
so:800,Stack Overflow,question,asker,,A1,Allocation,"Is this memory on the heap at all (vs. stack, static, string literal)?",https://stackoverflow.com/questions/64733514/free-invalid-pointer-when-trying-to-free-a-char-and-a-stuct,https://stackoverflow.com/questions/64733514/#comment114455993_64733514,CWE-763
so:801,Stack Overflow,question,asker,,O1,Ownership,Who is responsible for releasing this memory (caller vs. callee contract)?,https://stackoverflow.com/questions/59593891/error-munmap-chunk-invalid-pointer-in-c-program,https://stackoverflow.com/questions/59593891/#comment105353134_59593891,CWE-590;CWE-763
so:802,Stack Overflow,question,asker,,D4,Deallocation,"Is the pointer valid to free right now (initialized, not already freed, not dangling)?",https://stackoverflow.com/questions/59593891/error-munmap-chunk-invalid-pointer-in-c-program,https://stackoverflow.com/questions/59593891/#comment105353134_59593891,CWE-590;CWE-763
so:803,Stack Overflow,question,responder,,R5,Report interpretation,"How do I detect, configure, or suppress this with the tool?",https://stackoverflow.com/questions/58110985/valgrind-errors-with-boostthread-specific-ptr-on-gcc-8-3-linux,https://stackoverflow.com/questions/58110985/#comment102925237_58110985,CWE-762;CWE-763;CWE-401
so:804,Stack Overflow,question,asker,,T1,Non-diagnostic,"Triage: reproducer, full trace, version, build flags",https://stackoverflow.com/questions/55273029/invalid-free-delete-delete-realloc-with-stdshared-ptr,https://stackoverflow.com/questions/55273029/#comment97289020_55273029,CWE-762;CWE-761;CWE-763
so:805,Stack Overflow,question,asker,,R5,Report interpretation,"How do I detect, configure, or suppress this with the tool?",https://stackoverflow.com/questions/55273029/invalid-free-delete-delete-realloc-with-stdshared-ptr,https://stackoverflow.com/questions/55273029/#comment97278054_55273029,CWE-762;CWE-761;CWE-763
so:806,Stack Overflow,question,responder,,R2,Report interpretation,"What does the tool's report category or runtime error mean (definitely/indirectly/possibly lost, still reachable, suppressed, invalid pointer)?",https://stackoverflow.com/questions/55273029/invalid-free-delete-delete-realloc-with-stdshared-ptr,https://stackoverflow.com/questions/55273029/#comment97277588_55273029,CWE-762;CWE-761;CWE-763
so:807,Stack Overflow,question,responder,,T1,Non-diagnostic,"Triage: reproducer, full trace, version, build flags",https://stackoverflow.com/questions/54333382/double-free-or-corruption-when-using-char,https://stackoverflow.com/questions/54333382/#comment95484528_54333382,CWE-763;CWE-789
so:808,Stack Overflow,question,responder,,D3,Deallocation,Is the deallocator the right one for the allocator (free vs delete vs delete[] vs library free)?,https://stackoverflow.com/questions/53922209/how-to-invoke-aligned-new-delete-properly,https://stackoverflow.com/questions/53922209/#comment94686449_53922209,CWE-762
so:809,Stack Overflow,question,responder,,A3,Allocation,Which allocator family produced this pointer (malloc/new/new[]/custom/library)?,https://stackoverflow.com/questions/42663978/correct-way-to-allocate-memory-to-stdshared-ptr,https://stackoverflow.com/questions/42663978/#comment72453375_42663978,CWE-762;CWE-459
so:813,Stack Overflow,question,responder,,A4,Allocation,"Is the allocation size bounded and validated (untrusted input, overflow, huge/negative size, failure)?",https://stackoverflow.com/questions/35879793/segmentation-fault-using-triangle-software-when-using-large-input-file,https://stackoverflow.com/questions/35879793/#comment59422948_35879793,CWE-761;CWE-459;CWE-401
so:814,Stack Overflow,question,responder,,R5,Report interpretation,"How do I detect, configure, or suppress this with the tool?",https://stackoverflow.com/questions/35879793/segmentation-fault-using-triangle-software-when-using-large-input-file,https://stackoverflow.com/questions/35879793/#comment59422915_35879793,CWE-761;CWE-459;CWE-401
so:815,Stack Overflow,question,responder,,A3,Allocation,Which allocator family produced this pointer (malloc/new/new[]/custom/library)?,https://stackoverflow.com/questions/32415774/freeing-an-invalid-pointer,https://stackoverflow.com/questions/32415774/#comment52704984_32415774,CWE-763
so:816,Stack Overflow,question,asker,,A4,Allocation,"Is the allocation size bounded and validated (untrusted input, overflow, huge/negative size, failure)?",https://stackoverflow.com/questions/32415774/freeing-an-invalid-pointer,https://stackoverflow.com/questions/32415774/#comment52698392_32415774,CWE-763
so:819,Stack Overflow,question,responder,,D3,Deallocation,Is the deallocator the right one for the allocator (free vs delete vs delete[] vs library free)?,https://stackoverflow.com/questions/19154980/malloc-free-and-new-delete-compatibility-in-c,https://stackoverflow.com/questions/19154980/#comment28333962_19154980,CWE-762
so:820,Stack Overflow,question,responder,,P,Non-diagnostic,Prevention / best-practice advice,https://stackoverflow.com/questions/15511982/mismatch-delete,https://stackoverflow.com/questions/15511982/#comment21967736_15511982,CWE-762;CWE-459
so:821,Stack Overflow,question,responder,,D1,Deallocation,"Is there a matching release for this allocation, and where should it go?",https://stackoverflow.com/questions/12576825/memory-leak-in-cvloadimage-function,https://stackoverflow.com/questions/12576825/#comment16945836_12576825,CWE-401
so:822,Stack Overflow,question,responder,,D3,Deallocation,Is the deallocator the right one for the allocator (free vs delete vs delete[] vs library free)?,https://stackoverflow.com/questions/7647964/how-to-check-consequence-of-using-free-with-new,https://stackoverflow.com/questions/7647964/#comment9290481_7647964,CWE-762;CWE-459
so:823,Stack Overflow,question,asker,,X1,Cross-module,"Are allocation and release done by the same module/runtime heap (DLL, CRT, FFI boundary)?",https://stackoverflow.com/questions/73973154/c-test-if-two-dlls-share-the-same-heap,https://stackoverflow.com/questions/73973154/#comment130617767_73973154,CWE-762;CWE-459
so:824,Stack Overflow,question,responder,,R4,Report interpretation,Where was the block allocated / where does the leak or bad free originate?,https://stackoverflow.com/questions/65677448/using-strdup-pointer-as-map-key-causes-to-a-memory-leak,https://stackoverflow.com/questions/65677448/#comment116121298_65677448,CWE-401
so:826,Stack Overflow,question,responder,,P,Non-diagnostic,Prevention / best-practice advice,https://stackoverflow.com/questions/55289824/which-of-these-pointer-need-free-or-delete,https://stackoverflow.com/questions/55289824/#comment97309202_55289824,CWE-762
so:827,Stack Overflow,question,responder,,D1,Deallocation,"Is there a matching release for this allocation, and where should it go?",https://stackoverflow.com/questions/44370580/c-when-to-use-delete-and-properly-deallocate-memory,https://stackoverflow.com/questions/44370580/#comment75742860_44370580,CWE-762
so:828,Stack Overflow,question,responder,,N3,Composite cleanup,Does the cleanup routine / destructor release every resource the object owns?,https://stackoverflow.com/questions/33378180/c-dynamic-allocation-is-my-use-of-new-correct,https://stackoverflow.com/questions/33378180/#comment54551344_33378180,CWE-762
so:829,Stack Overflow,question,responder,,K,Non-diagnostic,"Allocator internals (how free knows the size, etc.)",https://stackoverflow.com/questions/703691/how-does-delete-know-its-an-array,https://stackoverflow.com/questions/703691/#comment43494990_703691,CWE-762
so:830,Stack Overflow,question,responder,,L3,Lifetime,"Does memory keep growing with repetitions (retained longer than needed, unbounded growth)?",https://stackoverflow.com/questions/24150154/c-insane-memory-consumption-on-large-file,https://stackoverflow.com/questions/24150154/#comment37268560_24150154,CWE-762;CWE-459
so:832,Stack Overflow,question,asker,,K,Non-diagnostic,"Allocator internals (how free knows the size, etc.)",https://stackoverflow.com/questions/8405099/why-cant-the-runtime-environment-decide-to-apply-delete-or-delete-instead-of,https://stackoverflow.com/questions/8405099/#comment10398650_8405099,CWE-762;CWE-459
so:833,Stack Overflow,question,responder,,D3,Deallocation,Is the deallocator the right one for the allocator (free vs delete vs delete[] vs library free)?,https://stackoverflow.com/questions/8405099/why-cant-the-runtime-environment-decide-to-apply-delete-or-delete-instead-of,https://stackoverflow.com/questions/8405099/#comment10379412_8405099,CWE-762;CWE-459
so:834,Stack Overflow,question,responder,,D3,Deallocation,Is the deallocator the right one for the allocator (free vs delete vs delete[] vs library free)?,https://stackoverflow.com/questions/4255598/delete-vs-delete,https://stackoverflow.com/questions/4255598/#comment4610451_4255598,CWE-762
so:835,Stack Overflow,question,responder,,N1,Composite cleanup,"Are nested sub-allocations released (struct members, list nodes, 2-D arrays) before/with the parent?",https://stackoverflow.com/questions/993590/should-i-delete-vectorstring,https://stackoverflow.com/questions/993590/#comment802533_993590,CWE-762;CWE-789;CWE-401
so:835,Stack Overflow,question,responder,,O2,Ownership,"Was ownership transferred (to a container, smart pointer, library, or object), so someone else releases it?",https://stackoverflow.com/questions/993590/should-i-delete-vectorstring,https://stackoverflow.com/questions/993590/#comment802533_993590,CWE-762;CWE-789;CWE-401
so:836,Stack Overflow,question,responder,,A2,Allocation,Does this function/API allocate what it returns (must the caller free it)?,https://stackoverflow.com/questions/70799842/in-c-why-is-the-pointer-returned-by-getenv-automatically-reclaimed,https://stackoverflow.com/questions/70799842/#comment125163304_70799842,CWE-401
so:840,Stack Overflow,question,responder,,R5,Report interpretation,"How do I detect, configure, or suppress this with the tool?",https://stackoverflow.com/questions/47175974/pthreads-double-free-or-corruption-out-error,https://stackoverflow.com/questions/47175974/#comment81301364_47175974,CWE-763
so:841,Stack Overflow,question,responder,,D4,Deallocation,"Is the pointer valid to free right now (initialized, not already freed, not dangling)?",https://stackoverflow.com/questions/44424820/how-to-catch-free-invalid-pointer,https://stackoverflow.com/questions/44424820/#comment75848239_44424820,CWE-763
so:842,Stack Overflow,question,responder,,N3,Composite cleanup,Does the cleanup routine / destructor release every resource the object owns?,https://stackoverflow.com/questions/44349329/double-free-or-corruption-prev,https://stackoverflow.com/questions/44349329/#comment75701185_44349329,CWE-763
so:843,Stack Overflow,question,responder,,V1,Report interpretation,"Is the suspected leak/invalid free real, or a false positive / benign report?",https://stackoverflow.com/questions/44349329/double-free-or-corruption-prev,https://stackoverflow.com/questions/44349329/#comment75701182_44349329,CWE-763
so:844,Stack Overflow,question,responder,,V1,Report interpretation,"Is the suspected leak/invalid free real, or a false positive / benign report?",https://stackoverflow.com/questions/44349329/double-free-or-corruption-prev,https://stackoverflow.com/questions/44349329/#comment75701182_44349329,CWE-763
so:845,Stack Overflow,question,responder,,D1,Deallocation,"Is there a matching release for this allocation, and where should it go?",https://stackoverflow.com/questions/37988849/safer-way-to-expose-a-c-allocated-memory-buffer-using-numpy-ctypes,https://stackoverflow.com/questions/37988849/#comment63754255_37988849,CWE-459
so:847,Stack Overflow,question,asker,,A2,Allocation,Does this function/API allocate what it returns (must the caller free it)?,https://stackoverflow.com/questions/32177183/what-kind-of-returned-value-from-glibc-functions-needs-to-be-freed,https://stackoverflow.com/questions/32177183/#comment52240129_32177183,CWE-763
so:851,Stack Overflow,question,responder,,A3,Allocation,Which allocator family produced this pointer (malloc/new/new[]/custom/library)?,https://stackoverflow.com/questions/9419370/invalid-pointer-crash-on-delete-but-different-pointer,https://stackoverflow.com/questions/9419370/#comment11906599_9419370,CWE-763
so:853,Stack Overflow,question,responder,,A4,Allocation,"Is the allocation size bounded and validated (untrusted input, overflow, huge/negative size, failure)?",https://stackoverflow.com/questions/51175664/c-creating-huge-vector,https://stackoverflow.com/questions/51175664/#comment89338745_51175664,CWE-789
so:854,Stack Overflow,question,responder,,A4,Allocation,"Is the allocation size bounded and validated (untrusted input, overflow, huge/negative size, failure)?",https://stackoverflow.com/questions/51175664/c-creating-huge-vector,https://stackoverflow.com/questions/51175664/#comment89334090_51175664,CWE-789
so:855,Stack Overflow,question,responder,,A4,Allocation,"Is the allocation size bounded and validated (untrusted input, overflow, huge/negative size, failure)?",https://stackoverflow.com/questions/51175664/c-creating-huge-vector,https://stackoverflow.com/questions/51175664/#comment89334090_51175664,CWE-789
so:856,Stack Overflow,question,asker,,C2,Control flow,"Is the old block released on each loop iteration / reallocation (realloc failure, reassignment in a loop)?",https://stackoverflow.com/questions/40857626/pointer-being-freed-was-not-allocated-for-array-of-strings-in-c,https://stackoverflow.com/questions/40857626/#comment68931925_40857626,CWE-763
so:857,Stack Overflow,question,responder,,A4,Allocation,"Is the allocation size bounded and validated (untrusted input, overflow, huge/negative size, failure)?",https://stackoverflow.com/questions/39642200/i-am-getting-pointer-being-freed-was-not-allocated,https://stackoverflow.com/questions/39642200/#comment66589723_39642200,CWE-763
so:858,Stack Overflow,question,responder,,D4,Deallocation,"Is the pointer valid to free right now (initialized, not already freed, not dangling)?",https://stackoverflow.com/questions/39642200/i-am-getting-pointer-being-freed-was-not-allocated,https://stackoverflow.com/questions/39642200/#comment66588092_39642200,CWE-763
so:862,Stack Overflow,question,responder,,R3,Report interpretation,"Is the report caused by my code, or by a library, runtime, or the tool itself?",https://stackoverflow.com/questions/32025292/memory-not-requested-being-allocated,https://stackoverflow.com/questions/32025292/#comment51952242_32025292,CWE-401
so:863,Stack Overflow,question,responder,,R5,Report interpretation,"How do I detect, configure, or suppress this with the tool?",https://stackoverflow.com/questions/27327426/c-pointer-being-freed-was-not-allocated-when-calling-free,https://stackoverflow.com/questions/27327426/#comment43114075_27327426,CWE-763
so:866,Stack Overflow,question,asker,,A1,Allocation,"Is this memory on the heap at all (vs. stack, static, string literal)?",https://stackoverflow.com/questions/36390489/c-replacement-for-c99-vlas-goal-preserve-performance,https://stackoverflow.com/questions/36390489/#comment60399113_36390489,CWE-762
so:867,Stack Overflow,question,responder,,D4,Deallocation,"Is the pointer valid to free right now (initialized, not already freed, not dangling)?",https://stackoverflow.com/questions/28471327/realloc-invalid-next-size-error,https://stackoverflow.com/questions/28471327/#comment45267096_28471327,CWE-762;CWE-763;CWE-459;CWE-401
so:868,Stack Overflow,question,asker,,O2,Ownership,"Was ownership transferred (to a container, smart pointer, library, or object), so someone else releases it?",https://stackoverflow.com/questions/76108611/memory-leak-in-move-constructor,https://stackoverflow.com/questions/76108611/#comment134224583_76108841,CWE-459;CWE-401
so:869,Stack Overflow,question,asker,,O2,Ownership,"Was ownership transferred (to a container, smart pointer, library, or object), so someone else releases it?",https://stackoverflow.com/questions/76108611/memory-leak-in-move-constructor,https://stackoverflow.com/questions/76108611/#comment134224364_76108841,CWE-459;CWE-401
so:870,Stack Overflow,question,asker,,R5,Report interpretation,"How do I detect, configure, or suppress this with the tool?",https://stackoverflow.com/questions/73797568/rust-library-returned-box-object-is-automatically-freed-in-c-edit-not-freed,https://stackoverflow.com/questions/73797568/#comment130311838_73798639,CWE-401
so:871,Stack Overflow,question,responder,,R2,Report interpretation,"What does the tool's report category or runtime error mean (definitely/indirectly/possibly lost, still reachable, suppressed, invalid pointer)?",https://stackoverflow.com/questions/6973489/valgrind-and-openmp-still-reachable-and-possibly-lost-is-that-bad,https://stackoverflow.com/questions/6973489/#comment120991241_6973510,CWE-401
so:872,Stack Overflow,question,responder,,L3,Lifetime,"Does memory keep growing with repetitions (retained longer than needed, unbounded growth)?",https://stackoverflow.com/questions/45538993/why-dont-memory-allocators-actively-return-freed-memory-to-the-os,https://stackoverflow.com/questions/45538993/#comment112273732_45539066,CWE-459;CWE-401
so:873,Stack Overflow,question,responder,,L1,Lifetime,"Must the memory be freed before program exit, or is exit-time retention acceptable?",https://stackoverflow.com/questions/51553115/how-do-i-make-leaksanitizer-ignore-end-of-program-leaks,https://stackoverflow.com/questions/51553115/#comment112250107_51553776,CWE-401
so:874,Stack Overflow,question,responder,,R4,Report interpretation,Where was the block allocated / where does the leak or bad free originate?,https://stackoverflow.com/questions/7886176/memory-not-freed-but-still-reachable-is-it-leaking,https://stackoverflow.com/questions/7886176/#comment66378246_7886203,CWE-459;CWE-401
so:875,Stack Overflow,question,asker,,R2,Report interpretation,"What does the tool's report category or runtime error mean (definitely/indirectly/possibly lost, still reachable, suppressed, invalid pointer)?",https://stackoverflow.com/questions/25988153/definitely-lost-memory-leak-in-c-program,https://stackoverflow.com/questions/25988153/#comment40719303_25988405,CWE-459;CWE-401
so:875,Stack Overflow,question,asker,,N1,Composite cleanup,"Are nested sub-allocations released (struct members, list nodes, 2-D arrays) before/with the parent?",https://stackoverflow.com/questions/25988153/definitely-lost-memory-leak-in-c-program,https://stackoverflow.com/questions/25988153/#comment40719303_25988405,CWE-459;CWE-401
so:876,Stack Overflow,question,asker,,R2,Report interpretation,"What does the tool's report category or runtime error mean (definitely/indirectly/possibly lost, still reachable, suppressed, invalid pointer)?",https://stackoverflow.com/questions/25988153/definitely-lost-memory-leak-in-c-program,https://stackoverflow.com/questions/25988153/#comment40719303_25988405,CWE-459;CWE-401
so:877,Stack Overflow,question,responder,,O2,Ownership,"Was ownership transferred (to a container, smart pointer, library, or object), so someone else releases it?",https://stackoverflow.com/questions/8708758/can-i-force-a-numpy-ndarray-to-take-ownership-of-its-memory,https://stackoverflow.com/questions/8708758/#comment38414836_18312855,CWE-401
so:878,Stack Overflow,question,responder,,C1,Control flow,"Is the memory released on every path: error handling, early return, exceptions, longjmp?",https://stackoverflow.com/questions/19390136/what-can-cause-a-java-native-function-in-c-to-segfault-upon-entry,https://stackoverflow.com/questions/19390136/#comment28784006_19416533,CWE-459;CWE-401
so:879,Stack Overflow,question,responder,,R2,Report interpretation,"What does the tool's report category or runtime error mean (definitely/indirectly/possibly lost, still reachable, suppressed, invalid pointer)?",https://stackoverflow.com/questions/10750299/if-i-specify-a-default-value-for-an-argument-of-type-stdstring-in-c-cou,https://stackoverflow.com/questions/10750299/#comment13970680_10750500,CWE-401
so:880,Stack Overflow,question,asker,,O1,Ownership,Who is responsible for releasing this memory (caller vs. callee contract)?,https://stackoverflow.com/questions/7886176/memory-not-freed-but-still-reachable-is-it-leaking,https://stackoverflow.com/questions/7886176/#comment9624871_7886203,CWE-459;CWE-401
so:880,Stack Overflow,question,asker,,R2,Report interpretation,"What does the tool's report category or runtime error mean (definitely/indirectly/possibly lost, still reachable, suppressed, invalid pointer)?",https://stackoverflow.com/questions/7886176/memory-not-freed-but-still-reachable-is-it-leaking,https://stackoverflow.com/questions/7886176/#comment9624871_7886203,CWE-459;CWE-401
so:881,Stack Overflow,question,asker,,R2,Report interpretation,"What does the tool's report category or runtime error mean (definitely/indirectly/possibly lost, still reachable, suppressed, invalid pointer)?",https://stackoverflow.com/questions/7886176/memory-not-freed-but-still-reachable-is-it-leaking,https://stackoverflow.com/questions/7886176/#comment9624871_7886203,CWE-459;CWE-401
so:882,Stack Overflow,question,asker,,R2,Report interpretation,"What does the tool's report category or runtime error mean (definitely/indirectly/possibly lost, still reachable, suppressed, invalid pointer)?",https://stackoverflow.com/questions/7886176/memory-not-freed-but-still-reachable-is-it-leaking,https://stackoverflow.com/questions/7886176/#comment9624760_7886203,CWE-459;CWE-401
so:883,Stack Overflow,question,asker,,R3,Report interpretation,"Is the report caused by my code, or by a library, runtime, or the tool itself?",https://stackoverflow.com/questions/6973489/valgrind-and-openmp-still-reachable-and-possibly-lost-is-that-bad,https://stackoverflow.com/questions/6973489/#comment8318070_6973510,CWE-401
so:884,Stack Overflow,question,responder,,L1,Lifetime,"Must the memory be freed before program exit, or is exit-time retention acceptable?",https://stackoverflow.com/questions/1997171/why-does-valgrind-say-basic-sdl-program-is-leaking-memory,https://stackoverflow.com/questions/1997171/#comment1920523_1997280,CWE-459;CWE-401
so:884,Stack Overflow,question,responder,,X1,Cross-module,"Are allocation and release done by the same module/runtime heap (DLL, CRT, FFI boundary)?",https://stackoverflow.com/questions/1997171/why-does-valgrind-say-basic-sdl-program-is-leaking-memory,https://stackoverflow.com/questions/1997171/#comment1920523_1997280,CWE-459;CWE-401
so:885,Stack Overflow,question,responder,,V1,Report interpretation,"Is the suspected leak/invalid free real, or a false positive / benign report?",https://stackoverflow.com/questions/273209/are-memory-leaks-ever-ok,https://stackoverflow.com/questions/273209/#comment140971478_274433,CWE-459;CWE-401
so:886,Stack Overflow,question,responder,,L2,Lifetime,"Is the object destroyed when its lifetime ends (scope exit, destructor called, virtual destructor)?",https://stackoverflow.com/questions/1008019/how-do-you-implement-the-singleton-design-pattern,https://stackoverflow.com/questions/1008019/#comment137965566_1008289,CWE-401
so:890,Stack Overflow,question,responder,,R5,Report interpretation,"How do I detect, configure, or suppress this with the tool?",https://stackoverflow.com/questions/5134891/how-do-i-use-valgrind-to-find-memory-leaks,https://stackoverflow.com/questions/5134891/#comment126242581_44989219,CWE-401
so:892,Stack Overflow,question,responder,,L1,Lifetime,"Must the memory be freed before program exit, or is exit-time retention acceptable?",https://stackoverflow.com/questions/654754/what-really-happens-when-you-dont-free-after-malloc-before-program-termination,https://stackoverflow.com/questions/654754/#comment117666068_654766,CWE-401
so:894,Stack Overflow,question,responder,,E3,Escape / aliasing,"Do other aliases or copies refer to the same block (shallow copy, copy ctor, two owners)?",https://stackoverflow.com/questions/1008019/how-do-you-implement-the-singleton-design-pattern,https://stackoverflow.com/questions/1008019/#comment100621325_1008086,CWE-401
so:895,Stack Overflow,question,responder,,N2,Composite cleanup,Is a reference cycle or refcount imbalance preventing release?,https://stackoverflow.com/questions/53870522/why-use-stdmake-unique-in-c17,https://stackoverflow.com/questions/53870522/#comment97956057_53870910,CWE-401
so:898,Stack Overflow,question,responder,,L2,Lifetime,"Is the object destroyed when its lifetime ends (scope exit, destructor called, virtual destructor)?",https://stackoverflow.com/questions/53870522/why-use-stdmake-unique-in-c17,https://stackoverflow.com/questions/53870522/#comment94602260_53870910,CWE-401
so:899,Stack Overflow,question,responder,,L3,Lifetime,"Does memory keep growing with repetitions (retained longer than needed, unbounded growth)?",https://stackoverflow.com/questions/3840582/valgrind-still-reachable-leak-detected-by-valgrind,https://stackoverflow.com/questions/3840582/#comment91879509_3857638,CWE-401
so:900,Stack Overflow,question,responder,,A3,Allocation,Which allocator family produced this pointer (malloc/new/new[]/custom/library)?,https://stackoverflow.com/questions/20297524/c-free-invalid-pointer,https://stackoverflow.com/questions/20297524/#comment73170730_20297598,CWE-762;CWE-763;CWE-401
so:902,Stack Overflow,question,responder,,L1,Lifetime,"Must the memory be freed before program exit, or is exit-time retention acceptable?",https://stackoverflow.com/questions/654754/what-really-happens-when-you-dont-free-after-malloc-before-program-termination,https://stackoverflow.com/questions/654754/#comment63701735_654766,CWE-401
so:903,Stack Overflow,question,responder,,L1,Lifetime,"Must the memory be freed before program exit, or is exit-time retention acceptable?",https://stackoverflow.com/questions/654754/what-really-happens-when-you-dont-free-after-malloc-before-program-termination,https://stackoverflow.com/questions/654754/#comment63701735_654766,CWE-401
so:904,Stack Overflow,question,responder,,V1,Report interpretation,"Is the suspected leak/invalid free real, or a false positive / benign report?",https://stackoverflow.com/questions/6261201/how-to-find-memory-leak-in-a-c-code-project,https://stackoverflow.com/questions/6261201/#comment62034342_8417851,CWE-401
so:905,Stack Overflow,question,responder,,L1,Lifetime,"Must the memory be freed before program exit, or is exit-time retention acceptable?",https://stackoverflow.com/questions/6500313/why-should-c-programmers-minimize-use-of-new,https://stackoverflow.com/questions/6500313/#comment58134677_6500374,CWE-401
so:911,Stack Overflow,question,responder,,E1,Escape / aliasing,Was the last reference overwritten or lost before release?,https://stackoverflow.com/questions/6261201/how-to-find-memory-leak-in-a-c-code-project,https://stackoverflow.com/questions/6261201/#comment49725506_8417851,CWE-401
so:912,Stack Overflow,question,responder,,L1,Lifetime,"Must the memory be freed before program exit, or is exit-time retention acceptable?",https://stackoverflow.com/questions/273209/are-memory-leaks-ever-ok,https://stackoverflow.com/questions/273209/#comment46813761_273287,CWE-459;CWE-401
so:913,Stack Overflow,question,responder,,L1,Lifetime,"Must the memory be freed before program exit, or is exit-time retention acceptable?",https://stackoverflow.com/questions/1008019/how-do-you-implement-the-singleton-design-pattern,https://stackoverflow.com/questions/1008019/#comment46120916_1008050,CWE-401
so:914,Stack Overflow,question,responder,,O1,Ownership,Who is responsible for releasing this memory (caller vs. callee contract)?,https://stackoverflow.com/questions/1008019/how-do-you-implement-the-singleton-design-pattern,https://stackoverflow.com/questions/1008019/#comment30515789_1008289,CWE-401
so:916,Stack Overflow,question,asker,,R4,Report interpretation,Where was the block allocated / where does the leak or bad free originate?,https://stackoverflow.com/questions/19390136/what-can-cause-a-java-native-function-in-c-to-segfault-upon-entry,https://stackoverflow.com/questions/19390136/#comment28740413_19390965,CWE-459;CWE-401
so:918,Stack Overflow,question,responder,,A1,Allocation,"Is this memory on the heap at all (vs. stack, static, string literal)?",https://stackoverflow.com/questions/6261201/how-to-find-memory-leak-in-a-c-code-project,https://stackoverflow.com/questions/6261201/#comment24147255_8417851,CWE-401
so:919,Stack Overflow,question,responder,,R2,Report interpretation,"What does the tool's report category or runtime error mean (definitely/indirectly/possibly lost, still reachable, suppressed, invalid pointer)?",https://stackoverflow.com/questions/10332561/valgrind-memcheck-tool-didnot-detect-memory-leak,https://stackoverflow.com/questions/10332561/#comment13309037_10333140,CWE-401
so:924,Stack Overflow,question,asker,,R2,Report interpretation,"What does the tool's report category or runtime error mean (definitely/indirectly/possibly lost, still reachable, suppressed, invalid pointer)?",https://stackoverflow.com/questions/3840582/valgrind-still-reachable-leak-detected-by-valgrind,https://stackoverflow.com/questions/3840582/#comment4101954_3857638,CWE-401
so:926,Stack Overflow,question,responder,,L1,Lifetime,"Must the memory be freed before program exit, or is exit-time retention acceptable?",https://stackoverflow.com/questions/2975831/is-leaked-memory-freed-up-when-the-program-exits,https://stackoverflow.com/questions/2975831/#comment3036111_2975844,CWE-401
so:927,Stack Overflow,question,responder,,L1,Lifetime,"Must the memory be freed before program exit, or is exit-time retention acceptable?",https://stackoverflow.com/questions/2975831/is-leaked-memory-freed-up-when-the-program-exits,https://stackoverflow.com/questions/2975831/#comment3036111_2975844,CWE-401
so:928,Stack Overflow,question,responder,,L1,Lifetime,"Must the memory be freed before program exit, or is exit-time retention acceptable?",https://stackoverflow.com/questions/654754/what-really-happens-when-you-dont-free-after-malloc-before-program-termination,https://stackoverflow.com/questions/654754/#comment1904176_654766,CWE-401
so:929,Stack Overflow,question,responder,,R2,Report interpretation,"What does the tool's report category or runtime error mean (definitely/indirectly/possibly lost, still reachable, suppressed, invalid pointer)?",https://stackoverflow.com/questions/273209/are-memory-leaks-ever-ok,https://stackoverflow.com/questions/273209/#comment1848499_273287,CWE-459;CWE-401
so:930,Stack Overflow,question,responder,,L3,Lifetime,"Does memory keep growing with repetitions (retained longer than needed, unbounded growth)?",https://stackoverflow.com/questions/273209/are-memory-leaks-ever-ok,https://stackoverflow.com/questions/273209/#comment1848499_273287,CWE-459;CWE-401
so:931,Stack Overflow,question,responder,,L1,Lifetime,"Must the memory be freed before program exit, or is exit-time retention acceptable?",https://stackoverflow.com/questions/1008019/how-do-you-implement-the-singleton-design-pattern,https://stackoverflow.com/questions/1008019/#comment816876_1008050,CWE-401
so:932,Stack Overflow,question,asker,,O1,Ownership,Who is responsible for releasing this memory (caller vs. callee contract)?,https://stackoverflow.com/questions/273209/are-memory-leaks-ever-ok,https://stackoverflow.com/questions/273209/#comment127078_273232,CWE-459;CWE-401
so:935,Stack Overflow,question,asker,,C1,Control flow,"Is the memory released on every path: error handling, early return, exceptions, longjmp?",https://stackoverflow.com/questions/40991687/stdmake-uniquet-vs-resetnew-t,https://stackoverflow.com/questions/40991687/#comment69192284_40991805,CWE-459;CWE-401
so:936,Stack Overflow,question,responder,,A3,Allocation,Which allocator family produced this pointer (malloc/new/new[]/custom/library)?,https://stackoverflow.com/questions/6261201/how-to-find-memory-leak-in-a-c-code-project,https://stackoverflow.com/questions/6261201/#comment36035025_6261225,CWE-401
so:937,Stack Overflow,question,asker,,L1,Lifetime,"Must the memory be freed before program exit, or is exit-time retention acceptable?",https://stackoverflow.com/questions/15467298/how-far-can-memory-leaks-go,https://stackoverflow.com/questions/15467298/#comment21893121_15469280,CWE-401
so:938,Stack Overflow,question,responder,,C2,Control flow,"Is the old block released on each loop iteration / reallocation (realloc failure, reassignment in a loop)?",https://stackoverflow.com/questions/7078019/using-realloc-to-shrink-the-allocated-memory,https://stackoverflow.com/questions/7078019/#comment8473086_7078227,CWE-401
so:939,Stack Overflow,question,responder,,L2,Lifetime,"Is the object destroyed when its lifetime ends (scope exit, destructor called, virtual destructor)?",https://stackoverflow.com/questions/6500313/why-should-c-programmers-minimize-use-of-new,https://stackoverflow.com/questions/6500313/#comment7646801_6500467,CWE-401
so:940,Stack Overflow,question,responder,,R3,Report interpretation,"Is the report caused by my code, or by a library, runtime, or the tool itself?",https://stackoverflow.com/questions/3844678/pthread-exit-vs-return,https://stackoverflow.com/questions/3844678/#comment4084719_3844726,CWE-459;CWE-401
so:942,Stack Overflow,question,responder,,R2,Report interpretation,"What does the tool's report category or runtime error mean (definitely/indirectly/possibly lost, still reachable, suppressed, invalid pointer)?",https://stackoverflow.com/questions/654754/what-really-happens-when-you-dont-free-after-malloc-before-program-termination,https://stackoverflow.com/questions/654754/#comment468098_654773,CWE-401
so:943,Stack Overflow,question,responder,,L1,Lifetime,"Must the memory be freed before program exit, or is exit-time retention acceptable?",https://stackoverflow.com/questions/273209/are-memory-leaks-ever-ok,https://stackoverflow.com/questions/273209/#comment127156_273225,CWE-459;CWE-401
so:944,Stack Overflow,question,responder,,L1,Lifetime,"Must the memory be freed before program exit, or is exit-time retention acceptable?",https://stackoverflow.com/questions/1008019/how-do-you-implement-the-singleton-design-pattern,https://stackoverflow.com/questions/1008019/#comment139072152_23541471,CWE-401
so:945,Stack Overflow,question,asker,,L1,Lifetime,"Must the memory be freed before program exit, or is exit-time retention acceptable?",https://stackoverflow.com/questions/63930204/is-file-reassignment-without-fclose-okay,https://stackoverflow.com/questions/63930204/#comment113048637_63930222,CWE-401
so:948,Stack Overflow,question,responder,,C2,Control flow,"Is the old block released on each loop iteration / reallocation (realloc failure, reassignment in a loop)?",https://stackoverflow.com/questions/3536153/c-dynamically-growing-array,https://stackoverflow.com/questions/3536153/#comment94240256_53688989,CWE-401
so:949,Stack Overflow,question,responder,,C2,Control flow,"Is the old block released on each loop iteration / reallocation (realloc failure, reassignment in a loop)?",https://stackoverflow.com/questions/3536153/c-dynamically-growing-array,https://stackoverflow.com/questions/3536153/#comment94240256_53688989,CWE-401
so:951,Stack Overflow,question,responder,,L1,Lifetime,"Must the memory be freed before program exit, or is exit-time retention acceptable?",https://stackoverflow.com/questions/15467298/how-far-can-memory-leaks-go,https://stackoverflow.com/questions/15467298/#comment21888756_15467337,CWE-401
so:952,Stack Overflow,question,responder,,L1,Lifetime,"Must the memory be freed before program exit, or is exit-time retention acceptable?",https://stackoverflow.com/questions/2975831/is-leaked-memory-freed-up-when-the-program-exits,https://stackoverflow.com/questions/2975831/#comment3036098_2975859,CWE-401
so:954,Stack Overflow,question,asker,,R5,Report interpretation,"How do I detect, configure, or suppress this with the tool?",https://stackoverflow.com/questions/1089296/memory-leak-in-mixed-mode-c-clr-application,https://stackoverflow.com/questions/1089296/#comment954457_1131138,CWE-401
so:955,Stack Overflow,question,asker,,E2,Escape / aliasing,"Does the pointer escape (global, struct field, return value) so it must be released elsewhere?",https://stackoverflow.com/questions/69622142/overwriting-global-char-array-vs-global-char-pointer-in-a-loop-in-c,https://stackoverflow.com/questions/69622142/#comment123088676_69622208,CWE-401
so:957,Stack Overflow,question,asker,,E2,Escape / aliasing,"Does the pointer escape (global, struct field, return value) so it must be released elsewhere?",https://stackoverflow.com/questions/69622142/overwriting-global-char-array-vs-global-char-pointer-in-a-loop-in-c,https://stackoverflow.com/questions/69622142/#comment123086346_69622208,CWE-401
so:958,Stack Overflow,question,asker,,D4,Deallocation,"Is the pointer valid to free right now (initialized, not already freed, not dangling)?",https://stackoverflow.com/questions/69622142/overwriting-global-char-array-vs-global-char-pointer-in-a-loop-in-c,https://stackoverflow.com/questions/69622142/#comment123086346_69622208,CWE-401
so:959,Stack Overflow,question,asker,,D4,Deallocation,"Is the pointer valid to free right now (initialized, not already freed, not dangling)?",https://stackoverflow.com/questions/69622142/overwriting-global-char-array-vs-global-char-pointer-in-a-loop-in-c,https://stackoverflow.com/questions/69622142/#comment123085806_69622208,CWE-401
so:960,Stack Overflow,question,asker,,X1,Cross-module,"Are allocation and release done by the same module/runtime heap (DLL, CRT, FFI boundary)?",https://stackoverflow.com/questions/17804312/how-to-avoid-memory-leak-when-throwing-exception-between-a-c-non-clr-to-clr-dl,https://stackoverflow.com/questions/17804312/#comment26059874_17804435,CWE-401
so:960,Stack Overflow,question,asker,,C1,Control flow,"Is the memory released on every path: error handling, early return, exceptions, longjmp?",https://stackoverflow.com/questions/17804312/how-to-avoid-memory-leak-when-throwing-exception-between-a-c-non-clr-to-clr-dl,https://stackoverflow.com/questions/17804312/#comment26059874_17804435,CWE-401
so:961,Stack Overflow,question,asker,,A1,Allocation,"Is this memory on the heap at all (vs. stack, static, string literal)?",https://stackoverflow.com/questions/17804312/how-to-avoid-memory-leak-when-throwing-exception-between-a-c-non-clr-to-clr-dl,https://stackoverflow.com/questions/17804312/#comment25985712_17804435,CWE-401
so:962,Stack Overflow,question,responder,,D1,Deallocation,"Is there a matching release for this allocation, and where should it go?",https://stackoverflow.com/questions/4548385/realloc-leaking-memory,https://stackoverflow.com/questions/4548385/#comment4985937_4548437,CWE-459;CWE-401
so:963,Stack Overflow,question,asker,,L1,Lifetime,"Must the memory be freed before program exit, or is exit-time retention acceptable?",https://stackoverflow.com/questions/58926945/valgrind-reports-still-reachable-bytes-when-using-vfwprintf,https://stackoverflow.com/questions/58926945/#comment104143769_58929488,CWE-459;CWE-401
so:964,Stack Overflow,question,asker,,R2,Report interpretation,"What does the tool's report category or runtime error mean (definitely/indirectly/possibly lost, still reachable, suppressed, invalid pointer)?",https://stackoverflow.com/questions/50502971/understand-memory-leak-types-in-valgrind-memcheck-tool,https://stackoverflow.com/questions/50502971/#comment88055040_50504703,CWE-459;CWE-401
so:965,Stack Overflow,question,asker,,R2,Report interpretation,"What does the tool's report category or runtime error mean (definitely/indirectly/possibly lost, still reachable, suppressed, invalid pointer)?",https://stackoverflow.com/questions/50502971/understand-memory-leak-types-in-valgrind-memcheck-tool,https://stackoverflow.com/questions/50502971/#comment88054995_50504703,CWE-459;CWE-401
so:965,Stack Overflow,question,asker,,E1,Escape / aliasing,Was the last reference overwritten or lost before release?,https://stackoverflow.com/questions/50502971/understand-memory-leak-types-in-valgrind-memcheck-tool,https://stackoverflow.com/questions/50502971/#comment88054995_50504703,CWE-459;CWE-401
so:968,Stack Overflow,question,responder,,L1,Lifetime,"Must the memory be freed before program exit, or is exit-time retention acceptable?",https://stackoverflow.com/questions/9033931/memory-leak-c,https://stackoverflow.com/questions/9033931/#comment11341467_9034076,CWE-401
so:969,Stack Overflow,question,responder,,R4,Report interpretation,Where was the block allocated / where does the leak or bad free originate?,https://stackoverflow.com/questions/5339282/realloc-memory-leak,https://stackoverflow.com/questions/5339282/#comment6030677_5340017,CWE-401
so:970,Stack Overflow,question,responder,,L1,Lifetime,"Must the memory be freed before program exit, or is exit-time retention acceptable?",https://stackoverflow.com/questions/3317207/should-i-free-allocated-memory-on-abnormal-termination,https://stackoverflow.com/questions/3317207/#comment3438548_3317409,CWE-763;CWE-401
so:971,Stack Overflow,question,responder,,C2,Control flow,"Is the old block released on each loop iteration / reallocation (realloc failure, reassignment in a loop)?",https://stackoverflow.com/questions/1611756/memory-management-and-realloc,https://stackoverflow.com/questions/1611756/#comment1477913_1611804,CWE-401
so:971,Stack Overflow,question,responder,,A4,Allocation,"Is the allocation size bounded and validated (untrusted input, overflow, huge/negative size, failure)?",https://stackoverflow.com/questions/1611756/memory-management-and-realloc,https://stackoverflow.com/questions/1611756/#comment1477913_1611804,CWE-401
so:972,Stack Overflow,question,asker,,R2,Report interpretation,"What does the tool's report category or runtime error mean (definitely/indirectly/possibly lost, still reachable, suppressed, invalid pointer)?",https://stackoverflow.com/questions/1089296/memory-leak-in-mixed-mode-c-clr-application,https://stackoverflow.com/questions/1089296/#comment917683_1102534,CWE-401
so:974,Stack Overflow,question,responder,,L2,Lifetime,"Is the object destroyed when its lifetime ends (scope exit, destructor called, virtual destructor)?",https://stackoverflow.com/questions/40106941/is-a-union-members-destructor-called,https://stackoverflow.com/questions/40106941/#comment105844853_40107282,CWE-459;CWE-401
so:976,Stack Overflow,question,responder,,L2,Lifetime,"Is the object destroyed when its lifetime ends (scope exit, destructor called, virtual destructor)?",https://stackoverflow.com/questions/40106941/is-a-union-members-destructor-called,https://stackoverflow.com/questions/40106941/#comment67502760_40107282,CWE-459;CWE-401
so:980,Stack Overflow,question,asker,,L1,Lifetime,"Must the memory be freed before program exit, or is exit-time retention acceptable?",https://stackoverflow.com/questions/28040438/create-a-memory-leak-under-linux,https://stackoverflow.com/questions/28040438/#comment44465785_28040709,CWE-401
so:981,Stack Overflow,question,asker,,L2,Lifetime,"Is the object destroyed when its lifetime ends (scope exit, destructor called, virtual destructor)?",https://stackoverflow.com/questions/8918791/how-to-properly-free-the-memory-allocated-by-placement-new,https://stackoverflow.com/questions/8918791/#comment11158582_8918942,CWE-459;CWE-401
so:983,Stack Overflow,question,asker,,D4,Deallocation,"Is the pointer valid to free right now (initialized, not already freed, not dangling)?",https://stackoverflow.com/questions/6966328/why-doesnt-deleting-a-pointer-make-it-unusable,https://stackoverflow.com/questions/6966328/#comment8307640_6966344,CWE-401
so:984,Stack Overflow,question,asker,,D4,Deallocation,"Is the pointer valid to free right now (initialized, not already freed, not dangling)?",https://stackoverflow.com/questions/6966328/why-doesnt-deleting-a-pointer-make-it-unusable,https://stackoverflow.com/questions/6966328/#comment8307640_6966344,CWE-401
so:985,Stack Overflow,question,responder,,L2,Lifetime,"Is the object destroyed when its lifetime ends (scope exit, destructor called, virtual destructor)?",https://stackoverflow.com/questions/65782061/why-is-there-no-memory-leak-with-non-virtual-destructor,https://stackoverflow.com/questions/65782061/#comment116306747_65782098,CWE-459;CWE-401
so:986,Stack Overflow,question,responder,,L2,Lifetime,"Is the object destroyed when its lifetime ends (scope exit, destructor called, virtual destructor)?",https://stackoverflow.com/questions/273720/singleton-destructors,https://stackoverflow.com/questions/273720/#comment91838340_273826,CWE-459;CWE-401
so:986,Stack Overflow,question,responder,,L4,Lifetime,Are threads joined/detached so that their resources are released?,https://stackoverflow.com/questions/273720/singleton-destructors,https://stackoverflow.com/questions/273720/#comment91838340_273826,CWE-459;CWE-401
so:987,Stack Overflow,question,responder,,L2,Lifetime,"Is the object destroyed when its lifetime ends (scope exit, destructor called, virtual destructor)?",https://stackoverflow.com/questions/42845059/would-it-lead-to-memory-leak-when-delete-base-class-pointer-without-virtual-dest,https://stackoverflow.com/questions/42845059/#comment72801400_42845124,CWE-459;CWE-401
so:988,Stack Overflow,question,asker,,D3,Deallocation,Is the deallocator the right one for the allocator (free vs delete vs delete[] vs library free)?,https://stackoverflow.com/questions/42845059/would-it-lead-to-memory-leak-when-delete-base-class-pointer-without-virtual-dest,https://stackoverflow.com/questions/42845059/#comment72799748_42845124,CWE-459;CWE-401
so:989,Stack Overflow,question,asker,,D3,Deallocation,Is the deallocator the right one for the allocator (free vs delete vs delete[] vs library free)?,https://stackoverflow.com/questions/42845059/would-it-lead-to-memory-leak-when-delete-base-class-pointer-without-virtual-dest,https://stackoverflow.com/questions/42845059/#comment72799748_42845124,CWE-459;CWE-401
so:990,Stack Overflow,question,asker,,L2,Lifetime,"Is the object destroyed when its lifetime ends (scope exit, destructor called, virtual destructor)?",https://stackoverflow.com/questions/40106941/is-a-union-members-destructor-called,https://stackoverflow.com/questions/40106941/#comment67486291_40107227,CWE-459;CWE-401
so:991,Stack Overflow,question,responder,,A3,Allocation,Which allocator family produced this pointer (malloc/new/new[]/custom/library)?,https://stackoverflow.com/questions/35420629/c-linked-list-memory-leak,https://stackoverflow.com/questions/35420629/#comment58542070_35420725,CWE-401
so:992,Stack Overflow,question,responder,,N1,Composite cleanup,"Are nested sub-allocations released (struct members, list nodes, 2-D arrays) before/with the parent?",https://stackoverflow.com/questions/27594992/uninitialized-value-was-created-by-a-heap-allocation,https://stackoverflow.com/questions/27594992/#comment43614416_27595292,CWE-459;CWE-401
so:993,Stack Overflow,question,asker,,O2,Ownership,"Was ownership transferred (to a container, smart pointer, library, or object), so someone else releases it?",https://stackoverflow.com/questions/15474684/abstract-base-class-for-use-with-smart-pointers-intrusive-ptr-handling-inher,https://stackoverflow.com/questions/15474684/#comment21902505_15475430,CWE-401
so:995,Stack Overflow,question,asker,,L2,Lifetime,"Is the object destroyed when its lifetime ends (scope exit, destructor called, virtual destructor)?",https://stackoverflow.com/questions/8918791/how-to-properly-free-the-memory-allocated-by-placement-new,https://stackoverflow.com/questions/8918791/#comment11158355_8918824,CWE-459;CWE-401
so:998,Stack Overflow,question,asker,,L2,Lifetime,"Is the object destroyed when its lifetime ends (scope exit, destructor called, virtual destructor)?",https://stackoverflow.com/questions/2597116/is-extending-a-base-class-with-non-virtual-destructor-dangerous,https://stackoverflow.com/questions/2597116/#comment2605601_2597123,CWE-459;CWE-401
so:999,Stack Overflow,question,asker,,O1,Ownership,Who is responsible for releasing this memory (caller vs. callee contract)?,https://stackoverflow.com/questions/70407733/c-memory-leaks-to-free-for-a-linked-list,https://stackoverflow.com/questions/70407733/#comment124464684_70407892,CWE-459;CWE-401
so:1000,Stack Overflow,question,responder,,L3,Lifetime,"Does memory keep growing with repetitions (retained longer than needed, unbounded growth)?",https://stackoverflow.com/questions/65782061/why-is-there-no-memory-leak-with-non-virtual-destructor,https://stackoverflow.com/questions/65782061/#comment116434401_65782151,CWE-459;CWE-401
so:1001,Stack Overflow,question,asker,,O1,Ownership,Who is responsible for releasing this memory (caller vs. callee contract)?,https://stackoverflow.com/questions/45256601/2d-array-using-pointers-memory-leakage,https://stackoverflow.com/questions/45256601/#comment77477489_45256734,CWE-401
so:1002,Stack Overflow,question,asker,,L2,Lifetime,"Is the object destroyed when its lifetime ends (scope exit, destructor called, virtual destructor)?",https://stackoverflow.com/questions/42321912/memory-leaks-in-my-program-is-the-destructor-not-getting-called,https://stackoverflow.com/questions/42321912/#comment71797215_42321927,CWE-762;CWE-459;CWE-401
so:1004,Stack Overflow,question,asker,,O2,Ownership,"Was ownership transferred (to a container, smart pointer, library, or object), so someone else releases it?",https://stackoverflow.com/questions/15474684/abstract-base-class-for-use-with-smart-pointers-intrusive-ptr-handling-inher,https://stackoverflow.com/questions/15474684/#comment21916013_15478978,CWE-401
so:1005,Stack Overflow,question,responder,,N2,Composite cleanup,Is a reference cycle or refcount imbalance preventing release?,https://stackoverflow.com/questions/15474684/abstract-base-class-for-use-with-smart-pointers-intrusive-ptr-handling-inher,https://stackoverflow.com/questions/15474684/#comment21913524_15478978,CWE-401
so:1007,Stack Overflow,question,asker,,R4,Report interpretation,Where was the block allocated / where does the leak or bad free originate?,https://stackoverflow.com/questions/14262531/allocating-memory-in-a-php-extension,https://stackoverflow.com/questions/14262531/#comment19799464_14263433,CWE-401
so:1008,Stack Overflow,question,asker,,R4,Report interpretation,Where was the block allocated / where does the leak or bad free originate?,https://stackoverflow.com/questions/14262531/allocating-memory-in-a-php-extension,https://stackoverflow.com/questions/14262531/#comment19799464_14263433,CWE-401
so:1009,Stack Overflow,question,responder,,D1,Deallocation,"Is there a matching release for this allocation, and where should it go?",https://stackoverflow.com/questions/14262531/allocating-memory-in-a-php-extension,https://stackoverflow.com/questions/14262531/#comment19798762_14263433,CWE-401
so:1010,Stack Overflow,question,asker,,D1,Deallocation,"Is there a matching release for this allocation, and where should it go?",https://stackoverflow.com/questions/14262531/allocating-memory-in-a-php-extension,https://stackoverflow.com/questions/14262531/#comment19798137_14263433,CWE-401
so:1011,Stack Overflow,question,asker,,L2,Lifetime,"Is the object destroyed when its lifetime ends (scope exit, destructor called, virtual destructor)?",https://stackoverflow.com/questions/6966328/why-doesnt-deleting-a-pointer-make-it-unusable,https://stackoverflow.com/questions/6966328/#comment8307661_6966360,CWE-401
so:1012,Stack Overflow,question,asker,,D4,Deallocation,"Is the pointer valid to free right now (initialized, not already freed, not dangling)?",https://stackoverflow.com/questions/6966328/why-doesnt-deleting-a-pointer-make-it-unusable,https://stackoverflow.com/questions/6966328/#comment8307661_6966360,CWE-401
so:1015,Stack Overflow,question,asker,,C2,Control flow,"Is the old block released on each loop iteration / reallocation (realloc failure, reassignment in a loop)?",https://stackoverflow.com/questions/32144812/why-cannot-be-pointer-free-after-pointing-to-string-literal,https://stackoverflow.com/questions/32144812/#comment52179981_32145209,CWE-590;CWE-789;CWE-401
so:1016,Stack Overflow,question,asker,,D4,Deallocation,"Is the pointer valid to free right now (initialized, not already freed, not dangling)?",https://stackoverflow.com/questions/19519364/why-does-this-rule-of-three-failure-actually-fail,https://stackoverflow.com/questions/19519364/#comment28957700_19519497,CWE-762;CWE-459;CWE-401
so:1017,Stack Overflow,question,asker,,D4,Deallocation,"Is the pointer valid to free right now (initialized, not already freed, not dangling)?",https://stackoverflow.com/questions/19519364/why-does-this-rule-of-three-failure-actually-fail,https://stackoverflow.com/questions/19519364/#comment28957415_19519497,CWE-762;CWE-459;CWE-401
so:1018,Stack Overflow,question,asker,,D4,Deallocation,"Is the pointer valid to free right now (initialized, not already freed, not dangling)?",https://stackoverflow.com/questions/19519364/why-does-this-rule-of-three-failure-actually-fail,https://stackoverflow.com/questions/19519364/#comment28957415_19519497,CWE-762;CWE-459;CWE-401
so:1019,Stack Overflow,question,asker,,D4,Deallocation,"Is the pointer valid to free right now (initialized, not already freed, not dangling)?",https://stackoverflow.com/questions/19519364/why-does-this-rule-of-three-failure-actually-fail,https://stackoverflow.com/questions/19519364/#comment28957036_19519497,CWE-762;CWE-459;CWE-401
so:1020,Stack Overflow,question,responder,,O1,Ownership,Who is responsible for releasing this memory (caller vs. callee contract)?,https://stackoverflow.com/questions/9504588/should-i-free-char-initialized-using-string-literals,https://stackoverflow.com/questions/9504588/#comment27935017_9504612,CWE-590;CWE-763
so:1021,Stack Overflow,question,asker,,T1,Non-diagnostic,"Triage: reproducer, full trace, version, build flags",https://stackoverflow.com/questions/14069536/memory-leaks-in-c-linked-list,https://stackoverflow.com/questions/14069536/#comment19449423_14069797,CWE-459;CWE-401
so:1025,Stack Overflow,question,asker,,R5,Report interpretation,"How do I detect, configure, or suppress this with the tool?",https://stackoverflow.com/questions/39962705/is-there-a-valgrind-for-detecting-memory-leaks-with-smart-pointers,https://stackoverflow.com/questions/39962705/#comment67205444_39962788,CWE-459;CWE-401
so:1026,Stack Overflow,question,asker,,D2,Deallocation,Is the pointer passed to free exactly the one the allocator returned (not offset/advanced)?,https://stackoverflow.com/questions/32144812/why-cannot-be-pointer-free-after-pointing-to-string-literal,https://stackoverflow.com/questions/32144812/#comment52179232_32144925,CWE-590;CWE-789;CWE-401
so:1027,Stack Overflow,question,responder,,D2,Deallocation,Is the pointer passed to free exactly the one the allocator returned (not offset/advanced)?,https://stackoverflow.com/questions/10466819/invalid-pointer-free,https://stackoverflow.com/questions/10466819/#comment13520442_10466958,CWE-763
so:1030,Stack Overflow,question,asker,,G,Non-diagnostic,Generic: why does this leak/crash? (no specific evidence asked),https://stackoverflow.com/questions/43389411/how-does-one-correctly-avoid-the-avcodec-alloc-context3-leak-from-avformat-new-s,https://stackoverflow.com/questions/43389411/#comment73895055_43417996,CWE-401
so:1031,Stack Overflow,question,responder,,D2,Deallocation,Is the pointer passed to free exactly the one the allocator returned (not offset/advanced)?,https://stackoverflow.com/questions/2426277/how-free-works-when-pointer-is-incremented,https://stackoverflow.com/questions/2426277/#comment41637138_2426332,CWE-761
so:1031,Stack Overflow,question,responder,,E3,Escape / aliasing,"Do other aliases or copies refer to the same block (shallow copy, copy ctor, two owners)?",https://stackoverflow.com/questions/2426277/how-free-works-when-pointer-is-incremented,https://stackoverflow.com/questions/2426277/#comment41637138_2426332,CWE-761
so:1035,Stack Overflow,question,responder,,D2,Deallocation,Is the pointer passed to free exactly the one the allocator returned (not offset/advanced)?,https://stackoverflow.com/questions/5414549/c-free-routine-and-incremented-array-pointers,https://stackoverflow.com/questions/5414549/#comment57240820_5414562,CWE-761
so:1036,Stack Overflow,question,responder,,O1,Ownership,Who is responsible for releasing this memory (caller vs. callee contract)?,https://stackoverflow.com/questions/26950411/how-to-distinguish-a-malloced-string-from-a-string-literal,https://stackoverflow.com/questions/26950411/#comment42443215_26950586,CWE-590
so:1038,Stack Overflow,question,responder,,L2,Lifetime,"Is the object destroyed when its lifetime ends (scope exit, destructor called, virtual destructor)?",https://stackoverflow.com/questions/19779846/how-are-char-deallocated-in-c,https://stackoverflow.com/questions/19779846/#comment29400689_19779882,CWE-401
so:1039,Stack Overflow,question,asker,,K,Non-diagnostic,"Allocator internals (how free knows the size, etc.)",https://stackoverflow.com/questions/8466743/c-code-malloc-and-free,https://stackoverflow.com/questions/8466743/#comment10470795_8466770,CWE-761;CWE-459;CWE-401
so:1040,Stack Overflow,question,asker,,K,Non-diagnostic,"Allocator internals (how free knows the size, etc.)",https://stackoverflow.com/questions/8466743/c-code-malloc-and-free,https://stackoverflow.com/questions/8466743/#comment10470615_8466760,CWE-761;CWE-459;CWE-401
so:1041,Stack Overflow,question,responder,,L2,Lifetime,"Is the object destroyed when its lifetime ends (scope exit, destructor called, virtual destructor)?",https://stackoverflow.com/questions/3788005/deleting-object-from-a-stack,https://stackoverflow.com/questions/3788005/#comment4013588_3788075,CWE-590
so:1041,Stack Overflow,question,responder,,D3,Deallocation,Is the deallocator the right one for the allocator (free vs delete vs delete[] vs library free)?,https://stackoverflow.com/questions/3788005/deleting-object-from-a-stack,https://stackoverflow.com/questions/3788005/#comment4013588_3788075,CWE-590
so:1043,Stack Overflow,question,responder,,D2,Deallocation,Is the pointer passed to free exactly the one the allocator returned (not offset/advanced)?,https://stackoverflow.com/questions/2426277/how-free-works-when-pointer-is-incremented,https://stackoverflow.com/questions/2426277/#comment2409718_2426312,CWE-761
so:1045,Stack Overflow,question,responder,,D1,Deallocation,"Is there a matching release for this allocation, and where should it go?",https://stackoverflow.com/questions/3788005/deleting-object-from-a-stack,https://stackoverflow.com/questions/3788005/#comment4013200_3788132,CWE-590
so:1046,Stack Overflow,question,responder,,D3,Deallocation,Is the deallocator the right one for the allocator (free vs delete vs delete[] vs library free)?,https://stackoverflow.com/questions/21377360/proper-way-to-create-unique-ptr-that-holds-an-allocated-array,https://stackoverflow.com/questions/21377360/#comment94781185_21377382,CWE-762;CWE-401
so:1054,Stack Overflow,question,responder,,V1,Report interpretation,"Is the suspected leak/invalid free real, or a false positive / benign report?",https://stackoverflow.com/questions/39282669/can-i-should-i-free-pointer-returned-by-strtok,https://stackoverflow.com/questions/39282669/#comment65899775_39282675,CWE-763
so:1055,Stack Overflow,question,asker,,C2,Control flow,"Is the old block released on each loop iteration / reallocation (realloc failure, reassignment in a loop)?",https://stackoverflow.com/questions/39282669/can-i-should-i-free-pointer-returned-by-strtok,https://stackoverflow.com/questions/39282669/#comment65899768_39282675,CWE-763
so:1057,Stack Overflow,question,asker,,D4,Deallocation,"Is the pointer valid to free right now (initialized, not already freed, not dangling)?",https://stackoverflow.com/questions/35385154/dynamically-allocate-contiguous-block-of-memory-for-2d-array-of-unknown-data-typ,https://stackoverflow.com/questions/35385154/#comment58483436_35385455,CWE-789
so:1058,Stack Overflow,question,asker,,N1,Composite cleanup,"Are nested sub-allocations released (struct members, list nodes, 2-D arrays) before/with the parent?",https://stackoverflow.com/questions/32898449/valgrind-errors-mistmatched-free-delete-delete,https://stackoverflow.com/questions/32898449/#comment53625844_32898455,CWE-762
so:1059,Stack Overflow,question,responder,,L1,Lifetime,"Must the memory be freed before program exit, or is exit-time retention acceptable?",https://stackoverflow.com/questions/6727383/dynamically-allocated-memory-after-program-termination,https://stackoverflow.com/questions/6727383/#comment7969378_6727389,CWE-762
so:1061,Stack Overflow,question,responder,,D4,Deallocation,"Is the pointer valid to free right now (initialized, not already freed, not dangling)?",https://stackoverflow.com/questions/32118545/munmap-chunk-invalid-pointer,https://stackoverflow.com/questions/32118545/#comment122422197_32118638,CWE-763
so:1063,Stack Overflow,question,asker,,A4,Allocation,"Is the allocation size bounded and validated (untrusted input, overflow, huge/negative size, failure)?",https://stackoverflow.com/questions/32415774/freeing-an-invalid-pointer,https://stackoverflow.com/questions/32415774/#comment52698470_32415864,CWE-763
so:1064,Stack Overflow,question,responder,,L3,Lifetime,"Does memory keep growing with repetitions (retained longer than needed, unbounded growth)?",https://stackoverflow.com/questions/16714937/what-is-c-version-of-realloc-to-allocate-the-new-buffer-and-copy-the-conten,https://stackoverflow.com/questions/16714937/#comment136635504_16714982,CWE-762
so:1065,Stack Overflow,question,responder,,D4,Deallocation,"Is the pointer valid to free right now (initialized, not already freed, not dangling)?",https://stackoverflow.com/questions/551069/testing-pointers-for-validity-c-c,https://stackoverflow.com/questions/551069/#comment121527891_30197585,CWE-763
so:1069,Stack Overflow,question,responder,,E2,Escape / aliasing,"Does the pointer escape (global, struct field, return value) so it must be released elsewhere?",https://stackoverflow.com/questions/551069/testing-pointers-for-validity-c-c,https://stackoverflow.com/questions/551069/#comment52887655_551112,CWE-763
so:1070,Stack Overflow,question,responder,,N3,Composite cleanup,Does the cleanup routine / destructor release every resource the object owns?,https://stackoverflow.com/questions/993590/should-i-delete-vectorstring,https://stackoverflow.com/questions/993590/#comment43099734_993605,CWE-762;CWE-789;CWE-401
so:1073,Stack Overflow,question,responder,,L1,Lifetime,"Must the memory be freed before program exit, or is exit-time retention acceptable?",https://stackoverflow.com/questions/551069/testing-pointers-for-validity-c-c,https://stackoverflow.com/questions/551069/#comment13597268_10124877,CWE-763
so:1075,Stack Overflow,question,responder,,D3,Deallocation,Is the deallocator the right one for the allocator (free vs delete vs delete[] vs library free)?,https://stackoverflow.com/questions/1612031/is-there-any-danger-in-calling-free-or-delete-instead-of-delete,https://stackoverflow.com/questions/1612031/#comment1478238_1612052,CWE-762;CWE-459
so:1077,Stack Overflow,question,asker,,D3,Deallocation,Is the deallocator the right one for the allocator (free vs delete vs delete[] vs library free)?,https://stackoverflow.com/questions/9327003/boostptr-vector-with-arrays-can-i-be-sure-that-its-destructor-calls-delete,https://stackoverflow.com/questions/9327003/#comment11768965_9327103,CWE-762;CWE-459
so:1080,Stack Overflow,question,asker,,X1,Cross-module,"Are allocation and release done by the same module/runtime heap (DLL, CRT, FFI boundary)?",https://stackoverflow.com/questions/1612031/is-there-any-danger-in-calling-free-or-delete-instead-of-delete,https://stackoverflow.com/questions/1612031/#comment1478350_1612185,CWE-762;CWE-459
so:1081,Stack Overflow,question,asker,,V1,Report interpretation,"Is the suspected leak/invalid free real, or a false positive / benign report?",https://stackoverflow.com/questions/1007188/rtlvalidateheap-problem,https://stackoverflow.com/questions/1007188/#comment816311_1007241,CWE-401
so:1082,Stack Overflow,question,responder,,A4,Allocation,"Is the allocation size bounded and validated (untrusted input, overflow, huge/negative size, failure)?",https://stackoverflow.com/questions/10195343/copy-a-file-in-a-sane-safe-and-efficient-way,https://stackoverflow.com/questions/10195343/#comment132650420_75171113,CWE-762
so:1083,Stack Overflow,question,asker,,A1,Allocation,"Is this memory on the heap at all (vs. stack, static, string literal)?",https://stackoverflow.com/questions/55289824/which-of-these-pointer-need-free-or-delete,https://stackoverflow.com/questions/55289824/#comment97309196_55289958,CWE-762
so:1084,Stack Overflow,question,asker,,A2,Allocation,Does this function/API allocate what it returns (must the caller free it)?,https://stackoverflow.com/questions/55289824/which-of-these-pointer-need-free-or-delete,https://stackoverflow.com/questions/55289824/#comment97309196_55289958,CWE-762
so:1085,Stack Overflow,question,asker,,C2,Control flow,"Is the old block released on each loop iteration / reallocation (realloc failure, reassignment in a loop)?",https://stackoverflow.com/questions/47236570/empty-an-array-of-struct-containing-char,https://stackoverflow.com/questions/47236570/#comment81430895_47239965,CWE-762;CWE-401
so:1086,Stack Overflow,question,responder,,A2,Allocation,Does this function/API allocate what it returns (must the caller free it)?,https://stackoverflow.com/questions/4237812/should-i-free-delete-char-returned-by-getenv,https://stackoverflow.com/questions/4237812/#comment70420300_4237827,CWE-763;CWE-401
so:1087,Stack Overflow,question,responder,,D4,Deallocation,"Is the pointer valid to free right now (initialized, not already freed, not dangling)?",https://stackoverflow.com/questions/2902064/how-to-track-down-a-double-free-or-corruption-error,https://stackoverflow.com/questions/2902064/#comment2952313_2902465,CWE-763
so:1088,Stack Overflow,question,responder,,D4,Deallocation,"Is the pointer valid to free right now (initialized, not already freed, not dangling)?",https://stackoverflow.com/questions/1879550/should-one-really-set-pointers-to-null-after-freeing-them,https://stackoverflow.com/questions/1879550/#comment1779736_1879597,CWE-763
so:1089,Stack Overflow,question,responder,,D4,Deallocation,"Is the pointer valid to free right now (initialized, not already freed, not dangling)?",https://stackoverflow.com/questions/1879550/should-one-really-set-pointers-to-null-after-freeing-them,https://stackoverflow.com/questions/1879550/#comment119449721_1880915,CWE-763
so:1090,Stack Overflow,question,responder,,D1,Deallocation,"Is there a matching release for this allocation, and where should it go?",https://stackoverflow.com/questions/2902064/how-to-track-down-a-double-free-or-corruption-error,https://stackoverflow.com/questions/2902064/#comment2972924_2903709,CWE-763
so:1091,Stack Overflow,question,responder,,O2,Ownership,"Was ownership transferred (to a container, smart pointer, library, or object), so someone else releases it?",https://stackoverflow.com/questions/2902064/how-to-track-down-a-double-free-or-corruption-error,https://stackoverflow.com/questions/2902064/#comment2972924_2903709,CWE-763
so:1092,Stack Overflow,question,responder,,A1,Allocation,"Is this memory on the heap at all (vs. stack, static, string literal)?",https://stackoverflow.com/questions/2902064/how-to-track-down-a-double-free-or-corruption-error,https://stackoverflow.com/questions/2902064/#comment2972924_2903709,CWE-763
so:1093,Stack Overflow,question,responder,,O2,Ownership,"Was ownership transferred (to a container, smart pointer, library, or object), so someone else releases it?",https://stackoverflow.com/questions/2902064/how-to-track-down-a-double-free-or-corruption-error,https://stackoverflow.com/questions/2902064/#comment2972924_2903709,CWE-763
so:1095,Stack Overflow,question,asker,,D4,Deallocation,"Is the pointer valid to free right now (initialized, not already freed, not dangling)?",https://stackoverflow.com/questions/13238192/global-pyobject-variable-in-c-python-extension,https://stackoverflow.com/questions/13238192/#comment18036325_13238307,CWE-763
so:1097,Stack Overflow,question,responder,,A2,Allocation,Does this function/API allocate what it returns (must the caller free it)?,https://stackoverflow.com/questions/70799842/in-c-why-is-the-pointer-returned-by-getenv-automatically-reclaimed,https://stackoverflow.com/questions/70799842/#comment125167258_70799916,CWE-401
so:1098,Stack Overflow,question,responder,,A2,Allocation,Does this function/API allocate what it returns (must the caller free it)?,https://stackoverflow.com/questions/70799842/in-c-why-is-the-pointer-returned-by-getenv-automatically-reclaimed,https://stackoverflow.com/questions/70799842/#comment125163959_70799916,CWE-401
so:1101,Stack Overflow,question,asker,,A4,Allocation,"Is the allocation size bounded and validated (untrusted input, overflow, huge/negative size, failure)?",https://stackoverflow.com/questions/17925771/what-happens-when-we-call-malloc-with-negative-parameter,https://stackoverflow.com/questions/17925771/#comment26190849_17925794,CWE-789
so:1102,Stack Overflow,question,asker,,D4,Deallocation,"Is the pointer valid to free right now (initialized, not already freed, not dangling)?",https://stackoverflow.com/questions/9419370/invalid-pointer-crash-on-delete-but-different-pointer,https://stackoverflow.com/questions/9419370/#comment11907040_9419537,CWE-763
so:1104,Stack Overflow,question,responder,,A4,Allocation,"Is the allocation size bounded and validated (untrusted input, overflow, huge/negative size, failure)?",https://stackoverflow.com/questions/51175664/c-creating-huge-vector,https://stackoverflow.com/questions/51175664/#comment89340854_51175763,CWE-789
so:1106,Stack Overflow,question,asker,,D2,Deallocation,Is the pointer passed to free exactly the one the allocator returned (not offset/advanced)?,https://stackoverflow.com/questions/27327426/c-pointer-being-freed-was-not-allocated-when-calling-free,https://stackoverflow.com/questions/27327426/#comment43118768_27327584,CWE-763
so:1106,Stack Overflow,question,asker,,E3,Escape / aliasing,"Do other aliases or copies refer to the same block (shallow copy, copy ctor, two owners)?",https://stackoverflow.com/questions/27327426/c-pointer-being-freed-was-not-allocated-when-calling-free,https://stackoverflow.com/questions/27327426/#comment43118768_27327584,CWE-763
gh:0,GitHub,question,asker,False,R3,Report interpretation,"Is the report caused by my code, or by a library, runtime, or the tool itself?",https://github.com/scylladb/seastar/issues/3002,https://github.com/scylladb/seastar/issues/3002#issuecomment-3353000895,CWE-459;CWE-401
gh:0,GitHub,question,asker,False,D1,Deallocation,"Is there a matching release for this allocation, and where should it go?",https://github.com/scylladb/seastar/issues/3002,https://github.com/scylladb/seastar/issues/3002#issuecomment-3353000895,CWE-459;CWE-401
gh:1,GitHub,question,responder,False,R3,Report interpretation,"Is the report caused by my code, or by a library, runtime, or the tool itself?",https://github.com/scylladb/seastar/issues/3002,https://github.com/scylladb/seastar/issues/3002#issuecomment-3370416924,CWE-459;CWE-401
gh:2,GitHub,question,asker,False,O1,Ownership,Who is responsible for releasing this memory (caller vs. callee contract)?,https://github.com/jaspinegz/babble/issues/3,https://github.com/jaspinegz/babble/issues/3,CWE-401
gh:3,GitHub,question,responder,False,T1,Non-diagnostic,"Triage: reproducer, full trace, version, build flags",https://github.com/tsurai/mecab-rs/issues/11,https://github.com/tsurai/mecab-rs/issues/11#issuecomment-2529996765,CWE-401
gh:4,GitHub,question,asker,False,L3,Lifetime,"Does memory keep growing with repetitions (retained longer than needed, unbounded growth)?",https://github.com/tsurai/mecab-rs/issues/11,https://github.com/tsurai/mecab-rs/issues/11#issuecomment-2537635980,CWE-401
gh:5,GitHub,question,asker,False,L3,Lifetime,"Does memory keep growing with repetitions (retained longer than needed, unbounded growth)?",https://github.com/tsurai/mecab-rs/issues/11,https://github.com/tsurai/mecab-rs/issues/11#issuecomment-2537760333,CWE-401
gh:7,GitHub,question,responder,False,O2,Ownership,"Was ownership transferred (to a container, smart pointer, library, or object), so someone else releases it?",https://github.com/eclipse-sumo/sumo/issues/6825,https://github.com/eclipse-sumo/sumo/issues/6825#issuecomment-601921759,
gh:8,GitHub,question,responder,True,O1,Ownership,Who is responsible for releasing this memory (caller vs. callee contract)?,https://github.com/haskell-gi/haskell-gi/issues/23,https://github.com/haskell-gi/haskell-gi/issues/23#issuecomment-217804293,
gh:11,GitHub,question,asker,False,D2,Deallocation,Is the pointer passed to free exactly the one the allocator returned (not offset/advanced)?,https://github.com/rust-lang/unsafe-code-guidelines/issues/316,https://github.com/rust-lang/unsafe-code-guidelines/issues/316,CWE-401
gh:12,GitHub,question,asker,False,O1,Ownership,Who is responsible for releasing this memory (caller vs. callee contract)?,https://github.com/rust-lang/unsafe-code-guidelines/issues/316,https://github.com/rust-lang/unsafe-code-guidelines/issues/316,CWE-401
gh:13,GitHub,question,responder,False,D2,Deallocation,Is the pointer passed to free exactly the one the allocator returned (not offset/advanced)?,https://github.com/rust-lang/unsafe-code-guidelines/issues/316,https://github.com/rust-lang/unsafe-code-guidelines/issues/316#issuecomment-1009287018,CWE-401
gh:15,GitHub,question,responder,False,L1,Lifetime,"Must the memory be freed before program exit, or is exit-time retention acceptable?",https://github.com/rust-lang/rust/issues/126600,https://github.com/rust-lang/rust/issues/126600#issuecomment-2173929351,
gh:16,GitHub,question,asker,False,T1,Non-diagnostic,"Triage: reproducer, full trace, version, build flags",https://github.com/jamulussoftware/jamulus/issues/1083,https://github.com/jamulussoftware/jamulus/issues/1083,CWE-459;CWE-401
gh:17,GitHub,question,responder,False,T1,Non-diagnostic,"Triage: reproducer, full trace, version, build flags",https://github.com/P-H-C/phc-winner-argon2/issues/257,https://github.com/P-H-C/phc-winner-argon2/issues/257#issuecomment-402443052,CWE-401
gh:18,GitHub,question,asker,False,T1,Non-diagnostic,"Triage: reproducer, full trace, version, build flags",https://github.com/DynamoRIO/drmemory/issues/2403,https://github.com/DynamoRIO/drmemory/issues/2403,CWE-401
gh:19,GitHub,question,responder,False,R5,Report interpretation,"How do I detect, configure, or suppress this with the tool?",https://github.com/TauLabs/TauLabs/issues/174,https://github.com/TauLabs/TauLabs/issues/174#issuecomment-12234525,CWE-401
gh:21,GitHub,question,asker,False,C2,Control flow,"Is the old block released on each loop iteration / reallocation (realloc failure, reassignment in a loop)?",https://github.com/AeneasVerif/eurydice/issues/393,https://github.com/AeneasVerif/eurydice/issues/393,CWE-401
gh:22,GitHub,question,responder,True,V1,Report interpretation,"Is the suspected leak/invalid free real, or a false positive / benign report?",https://github.com/knolleary/pubsubclient/issues/755,https://github.com/knolleary/pubsubclient/issues/755#issuecomment-652927965,CWE-401
gh:23,GitHub,question,asker,False,R5,Report interpretation,"How do I detect, configure, or suppress this with the tool?",https://github.com/freebsd/atf/issues/77,https://github.com/freebsd/atf/issues/77#issuecomment-2563955474,CWE-459;CWE-401
gh:24,GitHub,question,responder,False,D1,Deallocation,"Is there a matching release for this allocation, and where should it go?",https://github.com/godotengine/godot/issues/116815,https://github.com/godotengine/godot/issues/116815#issuecomment-3969355162,CWE-401
gh:26,GitHub,question,responder,True,C2,Control flow,"Is the old block released on each loop iteration / reallocation (realloc failure, reassignment in a loop)?",https://github.com/IAS-Astrophysics/athenak/issues/716,https://github.com/IAS-Astrophysics/athenak/issues/716#issuecomment-4061330627,CWE-401
gh:27,GitHub,question,responder,False,R4,Report interpretation,Where was the block allocated / where does the leak or bad free originate?,https://github.com/gramineproject/graphene/issues/1030,https://github.com/gramineproject/graphene/issues/1030#issuecomment-539879860,CWE-401
gh:28,GitHub,question,responder,True,V1,Report interpretation,"Is the suspected leak/invalid free real, or a false positive / benign report?",https://github.com/microsoft/mimalloc/issues/509,https://github.com/microsoft/mimalloc/issues/509#issuecomment-1011624436,CWE-401
gh:30,GitHub,question,responder,True,L1,Lifetime,"Must the memory be freed before program exit, or is exit-time retention acceptable?",https://github.com/openssl/openssl/issues/25294,https://github.com/openssl/openssl/issues/25294#issuecomment-2312107473,
gh:31,GitHub,question,responder,False,L1,Lifetime,"Must the memory be freed before program exit, or is exit-time retention acceptable?",https://github.com/openssl/openssl/issues/25294,https://github.com/openssl/openssl/issues/25294#issuecomment-2312717617,
gh:32,GitHub,question,asker,False,N2,Composite cleanup,Is a reference cycle or refcount imbalance preventing release?,https://github.com/ANSHAM1/LSTMiniNet/issues/1,https://github.com/ANSHAM1/LSTMiniNet/issues/1,CWE-789;CWE-401
gh:33,GitHub,question,responder,True,V1,Report interpretation,"Is the suspected leak/invalid free real, or a false positive / benign report?",https://github.com/cameron314/concurrentqueue/issues/364,https://github.com/cameron314/concurrentqueue/issues/364#issuecomment-1766610121,CWE-401
gh:34,GitHub,question,responder,True,L3,Lifetime,"Does memory keep growing with repetitions (retained longer than needed, unbounded growth)?",https://github.com/cameron314/concurrentqueue/issues/364,https://github.com/cameron314/concurrentqueue/issues/364#issuecomment-1766691036,CWE-401
gh:35,GitHub,question,responder,True,T1,Non-diagnostic,"Triage: reproducer, full trace, version, build flags",https://github.com/projectM-visualizer/projectm/issues/1000,https://github.com/projectM-visualizer/projectm/issues/1000#issuecomment-4467692941,CWE-762;CWE-459;CWE-401
gh:36,GitHub,question,responder,True,T1,Non-diagnostic,"Triage: reproducer, full trace, version, build flags",https://github.com/projectM-visualizer/projectm/issues/1000,https://github.com/projectM-visualizer/projectm/issues/1000#issuecomment-4517613705,CWE-762;CWE-459;CWE-401
gh:37,GitHub,question,responder,True,T1,Non-diagnostic,"Triage: reproducer, full trace, version, build flags",https://github.com/projectM-visualizer/projectm/issues/1000,https://github.com/projectM-visualizer/projectm/issues/1000#issuecomment-4561588014,CWE-762;CWE-459;CWE-401
gh:39,GitHub,question,asker,False,L2,Lifetime,"Is the object destroyed when its lifetime ends (scope exit, destructor called, virtual destructor)?",https://github.com/machinezone/IXWebSocket/issues/490,https://github.com/machinezone/IXWebSocket/issues/490,CWE-459;CWE-401
gh:41,GitHub,question,asker,False,P,Non-diagnostic,Prevention / best-practice advice,https://github.com/rehlds/ReHLDS/issues/377,https://github.com/rehlds/ReHLDS/issues/377#issuecomment-311312255,CWE-401
gh:42,GitHub,question,asker,False,R3,Report interpretation,"Is the report caused by my code, or by a library, runtime, or the tool itself?",https://github.com/google/sanitizers/issues/1849,https://github.com/google/sanitizers/issues/1849#issuecomment-2665218898,CWE-590
gh:45,GitHub,question,asker,False,G,Non-diagnostic,Generic: why does this leak/crash? (no specific evidence asked),https://github.com/diku-compSys/compSys-e2023-pub/issues/2,https://github.com/diku-compSys/compSys-e2023-pub/issues/2,CWE-590;CWE-459;CWE-401
gh:46,GitHub,question,asker,False,V1,Report interpretation,"Is the suspected leak/invalid free real, or a false positive / benign report?",https://github.com/diku-compSys/compSys-e2023-pub/issues/2,https://github.com/diku-compSys/compSys-e2023-pub/issues/2,CWE-590;CWE-459;CWE-401
gh:47,GitHub,question,asker,False,N1,Composite cleanup,"Are nested sub-allocations released (struct members, list nodes, 2-D arrays) before/with the parent?",https://github.com/diku-compSys/compSys-e2023-pub/issues/2,https://github.com/diku-compSys/compSys-e2023-pub/issues/2,CWE-590;CWE-459;CWE-401
gh:48,GitHub,question,asker,False,R4,Report interpretation,Where was the block allocated / where does the leak or bad free originate?,https://github.com/jphein/esp32c6-watch/issues/66,https://github.com/jphein/esp32c6-watch/issues/66,
gh:50,GitHub,question,asker,False,O2,Ownership,"Was ownership transferred (to a container, smart pointer, library, or object), so someone else releases it?",https://github.com/netblue30/firejail/issues/3662,https://github.com/netblue30/firejail/issues/3662#issuecomment-706780608,CWE-763
gh:51,GitHub,question,asker,False,G,Non-diagnostic,Generic: why does this leak/crash? (no specific evidence asked),https://github.com/bgrimstad/splinter/issues/138,https://github.com/bgrimstad/splinter/issues/138,CWE-590;CWE-761;CWE-763
gh:52,GitHub,question,asker,False,P,Non-diagnostic,Prevention / best-practice advice,https://github.com/jackaudio/jack2/issues/237,https://github.com/jackaudio/jack2/issues/237#issuecomment-260292223,CWE-762
gh:53,GitHub,question,responder,False,A3,Allocation,Which allocator family produced this pointer (malloc/new/new[]/custom/library)?,https://github.com/jackaudio/jack2/issues/237,https://github.com/jackaudio/jack2/issues/237#issuecomment-272830178,CWE-762
gh:54,GitHub,question,asker,False,T1,Non-diagnostic,"Triage: reproducer, full trace, version, build flags",https://github.com/MythTV/mythtv/issues/1485,https://github.com/MythTV/mythtv/issues/1485,CWE-762;CWE-761
gh:56,GitHub,question,responder,False,X1,Cross-module,"Are allocation and release done by the same module/runtime heap (DLL, CRT, FFI boundary)?",https://github.com/flutter/flutter/issues/188635,https://github.com/flutter/flutter/issues/188635#issuecomment-4811343478,
gh:59,GitHub,question,responder,False,G,Non-diagnostic,Generic: why does this leak/crash? (no specific evidence asked),https://github.com/BennyQBD/3DEngineCpp/issues/45,https://github.com/BennyQBD/3DEngineCpp/issues/45#issuecomment-510378109,CWE-763
gh:60,GitHub,question,asker,False,R3,Report interpretation,"Is the report caused by my code, or by a library, runtime, or the tool itself?",https://github.com/EionRobb/purple-discord/issues/402,https://github.com/EionRobb/purple-discord/issues/402#issuecomment-1099616477,CWE-763
gh:61,GitHub,question,asker,False,G,Non-diagnostic,Generic: why does this leak/crash? (no specific evidence asked),https://github.com/ArtemKasianov/ICML3/issues/1,https://github.com/ArtemKasianov/ICML3/issues/1,CWE-763
gh:64,GitHub,question,asker,False,R2,Report interpretation,"What does the tool's report category or runtime error mean (definitely/indirectly/possibly lost, still reachable, suppressed, invalid pointer)?",https://github.com/alliedmodders/sourcemod/issues/2571,https://github.com/alliedmodders/sourcemod/issues/2571,CWE-762;CWE-763;CWE-459
gh:65,GitHub,question,responder,True,A4,Allocation,"Is the allocation size bounded and validated (untrusted input, overflow, huge/negative size, failure)?",https://github.com/Electrostatics/apbs/issues/247,https://github.com/Electrostatics/apbs/issues/247#issuecomment-1268482367,CWE-763
gh:66,GitHub,question,responder,True,T1,Non-diagnostic,"Triage: reproducer, full trace, version, build flags",https://github.com/thegenemyers/FASTGA/issues/32,https://github.com/thegenemyers/FASTGA/issues/32#issuecomment-5541114028,CWE-763
gh:67,GitHub,question,asker,False,T1,Non-diagnostic,"Triage: reproducer, full trace, version, build flags",https://github.com/Megagenomics/FastProNGS/issues/2,https://github.com/Megagenomics/FastProNGS/issues/2,CWE-763
gh:68,GitHub,question,asker,False,R2,Report interpretation,"What does the tool's report category or runtime error mean (definitely/indirectly/possibly lost, still reachable, suppressed, invalid pointer)?",https://github.com/iains/darwin-xtools/issues/11,https://github.com/iains/darwin-xtools/issues/11,CWE-763
gh:69,GitHub,question,responder,False,R5,Report interpretation,"How do I detect, configure, or suppress this with the tool?",https://github.com/iains/darwin-xtools/issues/11,https://github.com/iains/darwin-xtools/issues/11#issuecomment-2579349677,CWE-763
gh:70,GitHub,question,asker,False,R5,Report interpretation,"How do I detect, configure, or suppress this with the tool?",https://github.com/iains/darwin-xtools/issues/11,https://github.com/iains/darwin-xtools/issues/11#issuecomment-2579873723,CWE-763
gh:72,GitHub,question,responder,True,A4,Allocation,"Is the allocation size bounded and validated (untrusted input, overflow, huge/negative size, failure)?",https://github.com/tuxera/ntfs-3g/issues/215,https://github.com/tuxera/ntfs-3g/issues/215#issuecomment-5506513645,CWE-789
gh:73,GitHub,question,responder,True,A4,Allocation,"Is the allocation size bounded and validated (untrusted input, overflow, huge/negative size, failure)?",https://github.com/tuxera/ntfs-3g/issues/215,https://github.com/tuxera/ntfs-3g/issues/215#issuecomment-5506513645,CWE-789
gh:74,GitHub,question,asker,False,A4,Allocation,"Is the allocation size bounded and validated (untrusted input, overflow, huge/negative size, failure)?",https://github.com/OpenVisualCloud/SVT-HEVC/issues/632,https://github.com/OpenVisualCloud/SVT-HEVC/issues/632,CWE-789
gh:75,GitHub,statement,asker,False,V1,Report interpretation,"Is the suspected leak/invalid free real, or a false positive / benign report?",https://github.com/semitrivial/csv_parser/issues/7,https://github.com/semitrivial/csv_parser/issues/7,CWE-401
gh:77,GitHub,statement,responder,True,R3,Report interpretation,"Is the report caused by my code, or by a library, runtime, or the tool itself?",https://github.com/spdk/spdk/issues/2947,https://github.com/spdk/spdk/issues/2947#issuecomment-1470420028,CWE-401
gh:77,GitHub,statement,responder,True,R4,Report interpretation,Where was the block allocated / where does the leak or bad free originate?,https://github.com/spdk/spdk/issues/2947,https://github.com/spdk/spdk/issues/2947#issuecomment-1470420028,CWE-401
gh:78,GitHub,statement,responder,True,T1,Non-diagnostic,"Triage: reproducer, full trace, version, build flags",https://github.com/spdk/spdk/issues/2947,https://github.com/spdk/spdk/issues/2947#issuecomment-1470420028,CWE-401
gh:79,GitHub,statement,responder,True,T1,Non-diagnostic,"Triage: reproducer, full trace, version, build flags",https://github.com/spdk/spdk/issues/2947,https://github.com/spdk/spdk/issues/2947#issuecomment-1470420028,CWE-401
gh:81,GitHub,statement,asker,False,R3,Report interpretation,"Is the report caused by my code, or by a library, runtime, or the tool itself?",https://github.com/spdk/spdk/issues/2947,https://github.com/spdk/spdk/issues/2947#issuecomment-1472572005,CWE-401
gh:82,GitHub,statement,asker,False,R3,Report interpretation,"Is the report caused by my code, or by a library, runtime, or the tool itself?",https://github.com/spdk/spdk/issues/2947,https://github.com/spdk/spdk/issues/2947#issuecomment-1475931031,CWE-401
gh:83,GitHub,statement,responder,False,T1,Non-diagnostic,"Triage: reproducer, full trace, version, build flags",https://github.com/spdk/spdk/issues/2947,https://github.com/spdk/spdk/issues/2947#issuecomment-1478012851,CWE-401
gh:84,GitHub,statement,asker,False,T1,Non-diagnostic,"Triage: reproducer, full trace, version, build flags",https://github.com/pnggroup/libpng/issues/220,https://github.com/pnggroup/libpng/issues/220,CWE-401
gh:85,GitHub,statement,responder,False,C1,Control flow,"Is the memory released on every path: error handling, early return, exceptions, longjmp?",https://github.com/pnggroup/libpng/issues/220,https://github.com/pnggroup/libpng/issues/220#issuecomment-1870828851,CWE-401
gh:85,GitHub,statement,responder,False,A1,Allocation,"Is this memory on the heap at all (vs. stack, static, string literal)?",https://github.com/pnggroup/libpng/issues/220,https://github.com/pnggroup/libpng/issues/220#issuecomment-1870828851,CWE-401
gh:86,GitHub,statement,asker,False,C1,Control flow,"Is the memory released on every path: error handling, early return, exceptions, longjmp?",https://github.com/HDFGroup/hdf5/issues/6386,https://github.com/HDFGroup/hdf5/issues/6386,CWE-401
gh:87,GitHub,statement,asker,False,C1,Control flow,"Is the memory released on every path: error handling, early return, exceptions, longjmp?",https://github.com/HDFGroup/hdf5/issues/6386,https://github.com/HDFGroup/hdf5/issues/6386,CWE-401
gh:87,GitHub,statement,asker,False,C2,Control flow,"Is the old block released on each loop iteration / reallocation (realloc failure, reassignment in a loop)?",https://github.com/HDFGroup/hdf5/issues/6386,https://github.com/HDFGroup/hdf5/issues/6386,CWE-401
gh:88,GitHub,statement,asker,False,C1,Control flow,"Is the memory released on every path: error handling, early return, exceptions, longjmp?",https://github.com/KhronosGroup/KTX-Software/issues/1256,https://github.com/KhronosGroup/KTX-Software/issues/1256,CWE-762;CWE-401
gh:88,GitHub,statement,asker,False,D3,Deallocation,Is the deallocator the right one for the allocator (free vs delete vs delete[] vs library free)?,https://github.com/KhronosGroup/KTX-Software/issues/1256,https://github.com/KhronosGroup/KTX-Software/issues/1256,CWE-762;CWE-401
gh:89,GitHub,statement,asker,False,T1,Non-diagnostic,"Triage: reproducer, full trace, version, build flags",https://github.com/KhronosGroup/KTX-Software/issues/1256,https://github.com/KhronosGroup/KTX-Software/issues/1256,CWE-762;CWE-401
gh:96,GitHub,statement,asker,False,V1,Report interpretation,"Is the suspected leak/invalid free real, or a false positive / benign report?",https://github.com/scylladb/seastar/issues/228,https://github.com/scylladb/seastar/issues/228,CWE-459;CWE-401
gh:99,GitHub,statement,responder,False,V1,Report interpretation,"Is the suspected leak/invalid free real, or a false positive / benign report?",https://github.com/scylladb/seastar/issues/228,https://github.com/scylladb/seastar/issues/228#issuecomment-340261402,CWE-459;CWE-401
gh:100,GitHub,statement,responder,False,R3,Report interpretation,"Is the report caused by my code, or by a library, runtime, or the tool itself?",https://github.com/scylladb/seastar/issues/228,https://github.com/scylladb/seastar/issues/228#issuecomment-421258959,CWE-459;CWE-401
gh:100,GitHub,statement,responder,False,X1,Cross-module,"Are allocation and release done by the same module/runtime heap (DLL, CRT, FFI boundary)?",https://github.com/scylladb/seastar/issues/228,https://github.com/scylladb/seastar/issues/228#issuecomment-421258959,CWE-459;CWE-401
gh:101,GitHub,statement,asker,False,E1,Escape / aliasing,Was the last reference overwritten or lost before release?,https://github.com/eclipse-paho/paho.mqtt.cpp/issues/576,https://github.com/eclipse-paho/paho.mqtt.cpp/issues/576,CWE-401
gh:101,GitHub,statement,asker,False,E3,Escape / aliasing,"Do other aliases or copies refer to the same block (shallow copy, copy ctor, two owners)?",https://github.com/eclipse-paho/paho.mqtt.cpp/issues/576,https://github.com/eclipse-paho/paho.mqtt.cpp/issues/576,CWE-401
gh:102,GitHub,statement,responder,False,T1,Non-diagnostic,"Triage: reproducer, full trace, version, build flags",https://github.com/scylladb/seastar/issues/3002,https://github.com/scylladb/seastar/issues/3002#issuecomment-3352745903,CWE-459;CWE-401
gh:103,GitHub,statement,asker,False,T1,Non-diagnostic,"Triage: reproducer, full trace, version, build flags",https://github.com/scylladb/seastar/issues/3002,https://github.com/scylladb/seastar/issues/3002#issuecomment-3352989386,CWE-459;CWE-401
gh:104,GitHub,statement,responder,False,R3,Report interpretation,"Is the report caused by my code, or by a library, runtime, or the tool itself?",https://github.com/scylladb/seastar/issues/3002,https://github.com/scylladb/seastar/issues/3002#issuecomment-3353061065,CWE-459;CWE-401
gh:105,GitHub,statement,asker,False,R2,Report interpretation,"What does the tool's report category or runtime error mean (definitely/indirectly/possibly lost, still reachable, suppressed, invalid pointer)?",https://github.com/apache/trafficserver/issues/13662,https://github.com/apache/trafficserver/issues/13662,CWE-401
gh:105,GitHub,statement,asker,False,L1,Lifetime,"Must the memory be freed before program exit, or is exit-time retention acceptable?",https://github.com/apache/trafficserver/issues/13662,https://github.com/apache/trafficserver/issues/13662,CWE-401
gh:106,GitHub,statement,asker,False,R3,Report interpretation,"Is the report caused by my code, or by a library, runtime, or the tool itself?",https://github.com/apache/trafficserver/issues/13662,https://github.com/apache/trafficserver/issues/13662,CWE-401
gh:106,GitHub,statement,asker,False,V1,Report interpretation,"Is the suspected leak/invalid free real, or a false positive / benign report?",https://github.com/apache/trafficserver/issues/13662,https://github.com/apache/trafficserver/issues/13662,CWE-401
gh:107,GitHub,statement,asker,False,T1,Non-diagnostic,"Triage: reproducer, full trace, version, build flags",https://github.com/Mudlet/Mudlet/issues/10396,https://github.com/Mudlet/Mudlet/issues/10396,CWE-459;CWE-401
gh:108,GitHub,statement,asker,False,C1,Control flow,"Is the memory released on every path: error handling, early return, exceptions, longjmp?",https://github.com/go-llsqlite/crawshaw/issues/19,https://github.com/go-llsqlite/crawshaw/issues/19,CWE-401
gh:109,GitHub,statement,asker,False,C1,Control flow,"Is the memory released on every path: error handling, early return, exceptions, longjmp?",https://github.com/go-llsqlite/crawshaw/issues/19,https://github.com/go-llsqlite/crawshaw/issues/19,CWE-401
gh:110,GitHub,statement,asker,False,L2,Lifetime,"Is the object destroyed when its lifetime ends (scope exit, destructor called, virtual destructor)?",https://github.com/go-llsqlite/crawshaw/issues/19,https://github.com/go-llsqlite/crawshaw/issues/19,CWE-401
gh:111,GitHub,statement,asker,False,O1,Ownership,Who is responsible for releasing this memory (caller vs. callee contract)?,https://github.com/go-llsqlite/crawshaw/issues/19,https://github.com/go-llsqlite/crawshaw/issues/19,CWE-401
gh:111,GitHub,statement,asker,False,C1,Control flow,"Is the memory released on every path: error handling, early return, exceptions, longjmp?",https://github.com/go-llsqlite/crawshaw/issues/19,https://github.com/go-llsqlite/crawshaw/issues/19,CWE-401
gh:112,GitHub,statement,asker,False,C1,Control flow,"Is the memory released on every path: error handling, early return, exceptions, longjmp?",https://github.com/go-llsqlite/crawshaw/issues/19,https://github.com/go-llsqlite/crawshaw/issues/19,CWE-401
gh:113,GitHub,statement,asker,False,C1,Control flow,"Is the memory released on every path: error handling, early return, exceptions, longjmp?",https://github.com/cyrusimap/cyrus-sasl/issues/900,https://github.com/cyrusimap/cyrus-sasl/issues/900,CWE-401
gh:114,GitHub,statement,asker,False,L3,Lifetime,"Does memory keep growing with repetitions (retained longer than needed, unbounded growth)?",https://github.com/cyrusimap/cyrus-sasl/issues/900,https://github.com/cyrusimap/cyrus-sasl/issues/900,CWE-401
gh:116,GitHub,statement,asker,False,D1,Deallocation,"Is there a matching release for this allocation, and where should it go?",https://github.com/nginx/njs/issues/1099,https://github.com/nginx/njs/issues/1099,CWE-401
gh:116,GitHub,statement,asker,False,C1,Control flow,"Is the memory released on every path: error handling, early return, exceptions, longjmp?",https://github.com/nginx/njs/issues/1099,https://github.com/nginx/njs/issues/1099,CWE-401
gh:117,GitHub,statement,asker,False,O2,Ownership,"Was ownership transferred (to a container, smart pointer, library, or object), so someone else releases it?",https://github.com/nginx/njs/issues/1099,https://github.com/nginx/njs/issues/1099,CWE-401
gh:118,GitHub,statement,asker,False,C1,Control flow,"Is the memory released on every path: error handling, early return, exceptions, longjmp?",https://github.com/nginx/njs/issues/1099,https://github.com/nginx/njs/issues/1099,CWE-401
gh:118,GitHub,statement,asker,False,L3,Lifetime,"Does memory keep growing with repetitions (retained longer than needed, unbounded growth)?",https://github.com/nginx/njs/issues/1099,https://github.com/nginx/njs/issues/1099,CWE-401
gh:120,GitHub,statement,asker,False,C1,Control flow,"Is the memory released on every path: error handling, early return, exceptions, longjmp?",https://github.com/THEMANNICHOLAS/nico-lightroom/issues/89,https://github.com/THEMANNICHOLAS/nico-lightroom/issues/89,CWE-401
gh:121,GitHub,statement,asker,False,C1,Control flow,"Is the memory released on every path: error handling, early return, exceptions, longjmp?",https://github.com/Canotas/rsyslog/issues/68,https://github.com/Canotas/rsyslog/issues/68,CWE-401
gh:121,GitHub,statement,asker,False,D1,Deallocation,"Is there a matching release for this allocation, and where should it go?",https://github.com/Canotas/rsyslog/issues/68,https://github.com/Canotas/rsyslog/issues/68,CWE-401
gh:122,GitHub,statement,asker,False,C1,Control flow,"Is the memory released on every path: error handling, early return, exceptions, longjmp?",https://github.com/lloyd/yajl/issues/261,https://github.com/lloyd/yajl/issues/261,CWE-789;CWE-459;CWE-401
gh:122,GitHub,statement,asker,False,N1,Composite cleanup,"Are nested sub-allocations released (struct members, list nodes, 2-D arrays) before/with the parent?",https://github.com/lloyd/yajl/issues/261,https://github.com/lloyd/yajl/issues/261,CWE-789;CWE-459;CWE-401
gh:123,GitHub,statement,asker,False,C1,Control flow,"Is the memory released on every path: error handling, early return, exceptions, longjmp?",https://github.com/lloyd/yajl/issues/261,https://github.com/lloyd/yajl/issues/261,CWE-789;CWE-459;CWE-401
gh:123,GitHub,statement,asker,False,N3,Composite cleanup,Does the cleanup routine / destructor release every resource the object owns?,https://github.com/lloyd/yajl/issues/261,https://github.com/lloyd/yajl/issues/261,CWE-789;CWE-459;CWE-401
gh:124,GitHub,statement,asker,False,C1,Control flow,"Is the memory released on every path: error handling, early return, exceptions, longjmp?",https://github.com/asg017/sqlite-vec/issues/265,https://github.com/asg017/sqlite-vec/issues/265,CWE-401
gh:125,GitHub,statement,asker,False,R2,Report interpretation,"What does the tool's report category or runtime error mean (definitely/indirectly/possibly lost, still reachable, suppressed, invalid pointer)?",https://github.com/madolson/valkey-agents/issues/33,https://github.com/madolson/valkey-agents/issues/33,CWE-459;CWE-401
gh:125,GitHub,statement,asker,False,R4,Report interpretation,Where was the block allocated / where does the leak or bad free originate?,https://github.com/madolson/valkey-agents/issues/33,https://github.com/madolson/valkey-agents/issues/33,CWE-459;CWE-401
gh:126,GitHub,statement,asker,False,R2,Report interpretation,"What does the tool's report category or runtime error mean (definitely/indirectly/possibly lost, still reachable, suppressed, invalid pointer)?",https://github.com/madolson/valkey-agents/issues/33,https://github.com/madolson/valkey-agents/issues/33,CWE-459;CWE-401
gh:126,GitHub,statement,asker,False,L4,Lifetime,Are threads joined/detached so that their resources are released?,https://github.com/madolson/valkey-agents/issues/33,https://github.com/madolson/valkey-agents/issues/33,CWE-459;CWE-401
gh:127,GitHub,statement,asker,False,R2,Report interpretation,"What does the tool's report category or runtime error mean (definitely/indirectly/possibly lost, still reachable, suppressed, invalid pointer)?",https://github.com/madolson/valkey-agents/issues/33,https://github.com/madolson/valkey-agents/issues/33,CWE-459;CWE-401
gh:127,GitHub,statement,asker,False,C1,Control flow,"Is the memory released on every path: error handling, early return, exceptions, longjmp?",https://github.com/madolson/valkey-agents/issues/33,https://github.com/madolson/valkey-agents/issues/33,CWE-459;CWE-401
gh:128,GitHub,statement,asker,False,C1,Control flow,"Is the memory released on every path: error handling, early return, exceptions, longjmp?",https://github.com/madolson/valkey-agents/issues/33,https://github.com/madolson/valkey-agents/issues/33,CWE-459;CWE-401
gh:128,GitHub,statement,asker,False,R4,Report interpretation,Where was the block allocated / where does the leak or bad free originate?,https://github.com/madolson/valkey-agents/issues/33,https://github.com/madolson/valkey-agents/issues/33,CWE-459;CWE-401
gh:129,GitHub,statement,asker,False,R2,Report interpretation,"What does the tool's report category or runtime error mean (definitely/indirectly/possibly lost, still reachable, suppressed, invalid pointer)?",https://github.com/madolson/valkey-agents/issues/33,https://github.com/madolson/valkey-agents/issues/33,CWE-459;CWE-401
gh:130,GitHub,statement,asker,False,R2,Report interpretation,"What does the tool's report category or runtime error mean (definitely/indirectly/possibly lost, still reachable, suppressed, invalid pointer)?",https://github.com/madolson/valkey-agents/issues/33,https://github.com/madolson/valkey-agents/issues/33,CWE-459;CWE-401
gh:131,GitHub,statement,asker,False,R3,Report interpretation,"Is the report caused by my code, or by a library, runtime, or the tool itself?",https://github.com/madolson/valkey-agents/issues/33,https://github.com/madolson/valkey-agents/issues/33,CWE-459;CWE-401
gh:132,GitHub,statement,asker,False,R3,Report interpretation,"Is the report caused by my code, or by a library, runtime, or the tool itself?",https://github.com/madolson/valkey-agents/issues/33,https://github.com/madolson/valkey-agents/issues/33,CWE-459;CWE-401
gh:133,GitHub,statement,asker,False,V1,Report interpretation,"Is the suspected leak/invalid free real, or a false positive / benign report?",https://github.com/madolson/valkey-agents/issues/33,https://github.com/madolson/valkey-agents/issues/33,CWE-459;CWE-401
gh:133,GitHub,statement,asker,False,R3,Report interpretation,"Is the report caused by my code, or by a library, runtime, or the tool itself?",https://github.com/madolson/valkey-agents/issues/33,https://github.com/madolson/valkey-agents/issues/33,CWE-459;CWE-401
gh:134,GitHub,statement,asker,False,R4,Report interpretation,Where was the block allocated / where does the leak or bad free originate?,https://github.com/madolson/valkey-agents/issues/33,https://github.com/madolson/valkey-agents/issues/33,CWE-459;CWE-401
gh:135,GitHub,statement,asker,False,A2,Allocation,Does this function/API allocate what it returns (must the caller free it)?,https://github.com/ImageMagick/ImageMagick/issues/8994,https://github.com/ImageMagick/ImageMagick/issues/8994,CWE-401
gh:135,GitHub,statement,asker,False,D1,Deallocation,"Is there a matching release for this allocation, and where should it go?",https://github.com/ImageMagick/ImageMagick/issues/8994,https://github.com/ImageMagick/ImageMagick/issues/8994,CWE-401
gh:136,GitHub,statement,asker,False,L3,Lifetime,"Does memory keep growing with repetitions (retained longer than needed, unbounded growth)?",https://github.com/ImageMagick/ImageMagick/issues/8994,https://github.com/ImageMagick/ImageMagick/issues/8994,CWE-401
gh:137,GitHub,statement,responder,True,T1,Non-diagnostic,"Triage: reproducer, full trace, version, build flags",https://github.com/ImageMagick/ImageMagick/issues/8994,https://github.com/ImageMagick/ImageMagick/issues/8994#issuecomment-5950940863,CWE-401
gh:138,GitHub,statement,asker,False,L3,Lifetime,"Does memory keep growing with repetitions (retained longer than needed, unbounded growth)?",https://github.com/bytedance/volclava/issues/118,https://github.com/bytedance/volclava/issues/118,CWE-459;CWE-401
gh:138,GitHub,statement,asker,False,R2,Report interpretation,"What does the tool's report category or runtime error mean (definitely/indirectly/possibly lost, still reachable, suppressed, invalid pointer)?",https://github.com/bytedance/volclava/issues/118,https://github.com/bytedance/volclava/issues/118,CWE-459;CWE-401
gh:139,GitHub,statement,asker,False,D1,Deallocation,"Is there a matching release for this allocation, and where should it go?",https://github.com/brendanddev/struccs/issues/10,https://github.com/brendanddev/struccs/issues/10,CWE-459;CWE-401
gh:139,GitHub,statement,asker,False,C2,Control flow,"Is the old block released on each loop iteration / reallocation (realloc failure, reassignment in a loop)?",https://github.com/brendanddev/struccs/issues/10,https://github.com/brendanddev/struccs/issues/10,CWE-459;CWE-401
gh:140,GitHub,statement,asker,False,R2,Report interpretation,"What does the tool's report category or runtime error mean (definitely/indirectly/possibly lost, still reachable, suppressed, invalid pointer)?",https://github.com/brendanddev/struccs/issues/10,https://github.com/brendanddev/struccs/issues/10,CWE-459;CWE-401
gh:140,GitHub,statement,asker,False,N1,Composite cleanup,"Are nested sub-allocations released (struct members, list nodes, 2-D arrays) before/with the parent?",https://github.com/brendanddev/struccs/issues/10,https://github.com/brendanddev/struccs/issues/10,CWE-459;CWE-401
gh:141,GitHub,statement,responder,False,L1,Lifetime,"Must the memory be freed before program exit, or is exit-time retention acceptable?",https://github.com/ankurs/Hash-Table/issues/6,https://github.com/ankurs/Hash-Table/issues/6#issuecomment-5230317267,CWE-459;CWE-401
gh:141,GitHub,statement,responder,False,N1,Composite cleanup,"Are nested sub-allocations released (struct members, list nodes, 2-D arrays) before/with the parent?",https://github.com/ankurs/Hash-Table/issues/6,https://github.com/ankurs/Hash-Table/issues/6#issuecomment-5230317267,CWE-459;CWE-401
gh:142,GitHub,statement,asker,False,R2,Report interpretation,"What does the tool's report category or runtime error mean (definitely/indirectly/possibly lost, still reachable, suppressed, invalid pointer)?",https://github.com/valkey-io/valkey-glide-php/issues/328,https://github.com/valkey-io/valkey-glide-php/issues/328,CWE-459;CWE-401
gh:143,GitHub,statement,asker,False,V1,Report interpretation,"Is the suspected leak/invalid free real, or a false positive / benign report?",https://github.com/valkey-io/valkey-glide-php/issues/328,https://github.com/valkey-io/valkey-glide-php/issues/328,CWE-459;CWE-401
gh:143,GitHub,statement,asker,False,L4,Lifetime,Are threads joined/detached so that their resources are released?,https://github.com/valkey-io/valkey-glide-php/issues/328,https://github.com/valkey-io/valkey-glide-php/issues/328,CWE-459;CWE-401
gh:144,GitHub,statement,asker,False,L1,Lifetime,"Must the memory be freed before program exit, or is exit-time retention acceptable?",https://github.com/valkey-io/valkey-glide-php/issues/328,https://github.com/valkey-io/valkey-glide-php/issues/328,CWE-459;CWE-401
gh:145,GitHub,statement,asker,False,R3,Report interpretation,"Is the report caused by my code, or by a library, runtime, or the tool itself?",https://github.com/valkey-io/valkey-glide-php/issues/328,https://github.com/valkey-io/valkey-glide-php/issues/328,CWE-459;CWE-401
gh:146,GitHub,statement,asker,False,R3,Report interpretation,"Is the report caused by my code, or by a library, runtime, or the tool itself?",https://github.com/valkey-io/valkey-glide-php/issues/328,https://github.com/valkey-io/valkey-glide-php/issues/328,CWE-459;CWE-401
gh:147,GitHub,statement,asker,False,R2,Report interpretation,"What does the tool's report category or runtime error mean (definitely/indirectly/possibly lost, still reachable, suppressed, invalid pointer)?",https://github.com/valkey-io/valkey-glide-php/issues/328,https://github.com/valkey-io/valkey-glide-php/issues/328,CWE-459;CWE-401
gh:148,GitHub,statement,asker,False,R4,Report interpretation,Where was the block allocated / where does the leak or bad free originate?,https://github.com/valkey-io/valkey-glide-php/issues/328,https://github.com/valkey-io/valkey-glide-php/issues/328,CWE-459;CWE-401
gh:150,GitHub,statement,asker,False,L3,Lifetime,"Does memory keep growing with repetitions (retained longer than needed, unbounded growth)?",https://github.com/lfortran/lfortran/issues/13969,https://github.com/lfortran/lfortran/issues/13969,CWE-401
gh:151,GitHub,statement,asker,False,R2,Report interpretation,"What does the tool's report category or runtime error mean (definitely/indirectly/possibly lost, still reachable, suppressed, invalid pointer)?",https://github.com/spoturno/bmsystem/issues/2,https://github.com/spoturno/bmsystem/issues/2,CWE-401
gh:153,GitHub,statement,asker,False,D1,Deallocation,"Is there a matching release for this allocation, and where should it go?",https://github.com/lfortran/lfortran/issues/13590,https://github.com/lfortran/lfortran/issues/13590,CWE-401
gh:154,GitHub,statement,asker,False,T1,Non-diagnostic,"Triage: reproducer, full trace, version, build flags",https://github.com/lfortran/lfortran/issues/13590,https://github.com/lfortran/lfortran/issues/13590,CWE-401
gh:155,GitHub,statement,asker,False,O2,Ownership,"Was ownership transferred (to a container, smart pointer, library, or object), so someone else releases it?",https://github.com/vprover/vampire/issues/989,https://github.com/vprover/vampire/issues/989,CWE-401
gh:155,GitHub,statement,asker,False,C1,Control flow,"Is the memory released on every path: error handling, early return, exceptions, longjmp?",https://github.com/vprover/vampire/issues/989,https://github.com/vprover/vampire/issues/989,CWE-401
gh:156,GitHub,statement,asker,False,O1,Ownership,Who is responsible for releasing this memory (caller vs. callee contract)?,https://github.com/vprover/vampire/issues/989,https://github.com/vprover/vampire/issues/989,CWE-401
gh:156,GitHub,statement,asker,False,C1,Control flow,"Is the memory released on every path: error handling, early return, exceptions, longjmp?",https://github.com/vprover/vampire/issues/989,https://github.com/vprover/vampire/issues/989,CWE-401
gh:157,GitHub,statement,asker,False,O1,Ownership,Who is responsible for releasing this memory (caller vs. callee contract)?,https://github.com/vprover/vampire/issues/989,https://github.com/vprover/vampire/issues/989,CWE-401
gh:157,GitHub,statement,asker,False,N3,Composite cleanup,Does the cleanup routine / destructor release every resource the object owns?,https://github.com/vprover/vampire/issues/989,https://github.com/vprover/vampire/issues/989,CWE-401
gh:158,GitHub,statement,asker,False,T1,Non-diagnostic,"Triage: reproducer, full trace, version, build flags",https://github.com/vprover/vampire/issues/989,https://github.com/vprover/vampire/issues/989,CWE-401
gh:159,GitHub,statement,asker,False,T1,Non-diagnostic,"Triage: reproducer, full trace, version, build flags",https://github.com/vprover/vampire/issues/981,https://github.com/vprover/vampire/issues/981,CWE-401
gh:160,GitHub,statement,asker,False,R4,Report interpretation,Where was the block allocated / where does the leak or bad free originate?,https://github.com/vprover/vampire/issues/990,https://github.com/vprover/vampire/issues/990,CWE-401
gh:160,GitHub,statement,asker,False,D1,Deallocation,"Is there a matching release for this allocation, and where should it go?",https://github.com/vprover/vampire/issues/990,https://github.com/vprover/vampire/issues/990,CWE-401
gh:161,GitHub,statement,asker,False,T1,Non-diagnostic,"Triage: reproducer, full trace, version, build flags",https://github.com/vprover/vampire/issues/990,https://github.com/vprover/vampire/issues/990,CWE-401
gh:162,GitHub,statement,asker,False,D1,Deallocation,"Is there a matching release for this allocation, and where should it go?",https://github.com/lfortran/lfortran/issues/13621,https://github.com/lfortran/lfortran/issues/13621,CWE-401
gh:164,GitHub,statement,asker,False,T1,Non-diagnostic,"Triage: reproducer, full trace, version, build flags",https://github.com/lfortran/lfortran/issues/13621,https://github.com/lfortran/lfortran/issues/13621,CWE-401
gh:166,GitHub,statement,asker,False,T1,Non-diagnostic,"Triage: reproducer, full trace, version, build flags",https://github.com/vprover/vampire/issues/987,https://github.com/vprover/vampire/issues/987,CWE-401
gh:167,GitHub,statement,asker,False,R3,Report interpretation,"Is the report caused by my code, or by a library, runtime, or the tool itself?",https://github.com/jaspinegz/babble/issues/3,https://github.com/jaspinegz/babble/issues/3,CWE-401
gh:168,GitHub,statement,asker,False,O1,Ownership,Who is responsible for releasing this memory (caller vs. callee contract)?,https://github.com/jaspinegz/babble/issues/3,https://github.com/jaspinegz/babble/issues/3,CWE-401
gh:169,GitHub,statement,asker,False,O1,Ownership,Who is responsible for releasing this memory (caller vs. callee contract)?,https://github.com/jaspinegz/babble/issues/3,https://github.com/jaspinegz/babble/issues/3,CWE-401
gh:170,GitHub,statement,responder,False,L1,Lifetime,"Must the memory be freed before program exit, or is exit-time retention acceptable?",https://github.com/tsurai/mecab-rs/issues/11,https://github.com/tsurai/mecab-rs/issues/11#issuecomment-2537826899,CWE-401
gh:171,GitHub,statement,asker,False,N2,Composite cleanup,Is a reference cycle or refcount imbalance preventing release?,https://github.com/eclipse-sumo/sumo/issues/6825,https://github.com/eclipse-sumo/sumo/issues/6825,
gh:172,GitHub,statement,responder,False,N2,Composite cleanup,Is a reference cycle or refcount imbalance preventing release?,https://github.com/eclipse-sumo/sumo/issues/6825,https://github.com/eclipse-sumo/sumo/issues/6825#issuecomment-601609035,
gh:173,GitHub,statement,responder,True,N2,Composite cleanup,Is a reference cycle or refcount imbalance preventing release?,https://github.com/eclipse-sumo/sumo/issues/6825,https://github.com/eclipse-sumo/sumo/issues/6825#issuecomment-601613393,
gh:174,GitHub,statement,asker,False,O2,Ownership,"Was ownership transferred (to a container, smart pointer, library, or object), so someone else releases it?",https://github.com/eclipse-sumo/sumo/issues/6825,https://github.com/eclipse-sumo/sumo/issues/6825#issuecomment-601925406,
gh:175,GitHub,statement,asker,False,O1,Ownership,Who is responsible for releasing this memory (caller vs. callee contract)?,https://github.com/eclipse-sumo/sumo/issues/6825,https://github.com/eclipse-sumo/sumo/issues/6825#issuecomment-602449735,
gh:176,GitHub,statement,asker,False,C1,Control flow,"Is the memory released on every path: error handling, early return, exceptions, longjmp?",https://github.com/eclipse-sumo/sumo/issues/6825,https://github.com/eclipse-sumo/sumo/issues/6825#issuecomment-602449735,
gh:177,GitHub,statement,responder,False,O1,Ownership,Who is responsible for releasing this memory (caller vs. callee contract)?,https://github.com/eclipse-sumo/sumo/issues/6825,https://github.com/eclipse-sumo/sumo/issues/6825#issuecomment-602560305,
gh:178,GitHub,statement,responder,False,O2,Ownership,"Was ownership transferred (to a container, smart pointer, library, or object), so someone else releases it?",https://github.com/eclipse-sumo/sumo/issues/6825,https://github.com/eclipse-sumo/sumo/issues/6825#issuecomment-602560305,
gh:179,GitHub,statement,responder,True,O1,Ownership,Who is responsible for releasing this memory (caller vs. callee contract)?,https://github.com/haskell-gi/haskell-gi/issues/23,https://github.com/haskell-gi/haskell-gi/issues/23#issuecomment-217804293,
gh:212,GitHub,statement,responder,False,V1,Report interpretation,"Is the suspected leak/invalid free real, or a false positive / benign report?",https://github.com/damus-io/nostrdb/issues/24,https://github.com/damus-io/nostrdb/issues/24#issuecomment-1874156714,CWE-459;CWE-401
gh:213,GitHub,statement,asker,False,R3,Report interpretation,"Is the report caused by my code, or by a library, runtime, or the tool itself?",https://github.com/damus-io/nostrdb/issues/24,https://github.com/damus-io/nostrdb/issues/24#issuecomment-1874873881,CWE-459;CWE-401
gh:214,GitHub,statement,asker,False,V1,Report interpretation,"Is the suspected leak/invalid free real, or a false positive / benign report?",https://github.com/jamulussoftware/jamulus/issues/1083,https://github.com/jamulussoftware/jamulus/issues/1083,CWE-459;CWE-401
gh:215,GitHub,statement,responder,True,V1,Report interpretation,"Is the suspected leak/invalid free real, or a false positive / benign report?",https://github.com/jamulussoftware/jamulus/issues/1083,https://github.com/jamulussoftware/jamulus/issues/1083#issuecomment-782854874,CWE-459;CWE-401
gh:215,GitHub,statement,responder,True,L1,Lifetime,"Must the memory be freed before program exit, or is exit-time retention acceptable?",https://github.com/jamulussoftware/jamulus/issues/1083,https://github.com/jamulussoftware/jamulus/issues/1083#issuecomment-782854874,CWE-459;CWE-401
gh:216,GitHub,statement,asker,False,V1,Report interpretation,"Is the suspected leak/invalid free real, or a false positive / benign report?",https://github.com/HateBreed/test_framework_visma/issues/2,https://github.com/HateBreed/test_framework_visma/issues/2,CWE-401
gh:216,GitHub,statement,asker,False,R3,Report interpretation,"Is the report caused by my code, or by a library, runtime, or the tool itself?",https://github.com/HateBreed/test_framework_visma/issues/2,https://github.com/HateBreed/test_framework_visma/issues/2,CWE-401
gh:217,GitHub,statement,asker,False,V1,Report interpretation,"Is the suspected leak/invalid free real, or a false positive / benign report?",https://github.com/DynamoRIO/drmemory/issues/108,https://github.com/DynamoRIO/drmemory/issues/108,CWE-763;CWE-401
gh:218,GitHub,statement,asker,False,C1,Control flow,"Is the memory released on every path: error handling, early return, exceptions, longjmp?",https://github.com/P-H-C/phc-winner-argon2/issues/257,https://github.com/P-H-C/phc-winner-argon2/issues/257,CWE-401
gh:220,GitHub,statement,responder,False,V1,Report interpretation,"Is the suspected leak/invalid free real, or a false positive / benign report?",https://github.com/P-H-C/phc-winner-argon2/issues/257,https://github.com/P-H-C/phc-winner-argon2/issues/257#issuecomment-402156334,CWE-401
gh:221,GitHub,statement,responder,False,L2,Lifetime,"Is the object destroyed when its lifetime ends (scope exit, destructor called, virtual destructor)?",https://github.com/P-H-C/phc-winner-argon2/issues/257,https://github.com/P-H-C/phc-winner-argon2/issues/257#issuecomment-402156334,CWE-401
gh:222,GitHub,statement,responder,False,T1,Non-diagnostic,"Triage: reproducer, full trace, version, build flags",https://github.com/P-H-C/phc-winner-argon2/issues/257,https://github.com/P-H-C/phc-winner-argon2/issues/257#issuecomment-404157149,CWE-401
gh:223,GitHub,statement,asker,False,V1,Report interpretation,"Is the suspected leak/invalid free real, or a false positive / benign report?",https://github.com/DynamoRIO/drmemory/issues/2403,https://github.com/DynamoRIO/drmemory/issues/2403,CWE-401
gh:223,GitHub,statement,asker,False,R3,Report interpretation,"Is the report caused by my code, or by a library, runtime, or the tool itself?",https://github.com/DynamoRIO/drmemory/issues/2403,https://github.com/DynamoRIO/drmemory/issues/2403,CWE-401
gh:224,GitHub,statement,asker,False,R3,Report interpretation,"Is the report caused by my code, or by a library, runtime, or the tool itself?",https://github.com/DynamoRIO/drmemory/issues/2403,https://github.com/DynamoRIO/drmemory/issues/2403,CWE-401
gh:225,GitHub,statement,asker,False,T1,Non-diagnostic,"Triage: reproducer, full trace, version, build flags",https://github.com/DynamoRIO/drmemory/issues/2403,https://github.com/DynamoRIO/drmemory/issues/2403,CWE-401
gh:226,GitHub,statement,asker,False,R3,Report interpretation,"Is the report caused by my code, or by a library, runtime, or the tool itself?",https://github.com/RafaelVVolkmer/libmemalloc/issues/2,https://github.com/RafaelVVolkmer/libmemalloc/issues/2,CWE-401
gh:227,GitHub,statement,asker,False,V1,Report interpretation,"Is the suspected leak/invalid free real, or a false positive / benign report?",https://github.com/RafaelVVolkmer/libmemalloc/issues/2,https://github.com/RafaelVVolkmer/libmemalloc/issues/2,CWE-401
gh:228,GitHub,statement,asker,False,R3,Report interpretation,"Is the report caused by my code, or by a library, runtime, or the tool itself?",https://github.com/TauLabs/TauLabs/issues/174,https://github.com/TauLabs/TauLabs/issues/174,CWE-401
gh:229,GitHub,statement,asker,False,R3,Report interpretation,"Is the report caused by my code, or by a library, runtime, or the tool itself?",https://github.com/TauLabs/TauLabs/issues/174,https://github.com/TauLabs/TauLabs/issues/174,CWE-401
gh:230,GitHub,statement,asker,False,R3,Report interpretation,"Is the report caused by my code, or by a library, runtime, or the tool itself?",https://github.com/TauLabs/TauLabs/issues/174,https://github.com/TauLabs/TauLabs/issues/174#issuecomment-12263664,CWE-401
gh:231,GitHub,statement,responder,False,R3,Report interpretation,"Is the report caused by my code, or by a library, runtime, or the tool itself?",https://github.com/vinszent/gnome-twitch/issues/272,https://github.com/vinszent/gnome-twitch/issues/272#issuecomment-300018864,CWE-401
gh:232,GitHub,statement,asker,False,C2,Control flow,"Is the old block released on each loop iteration / reallocation (realloc failure, reassignment in a loop)?",https://github.com/ddnet/ddnet/issues/12154,https://github.com/ddnet/ddnet/issues/12154,CWE-401
gh:232,GitHub,statement,asker,False,E1,Escape / aliasing,Was the last reference overwritten or lost before release?,https://github.com/ddnet/ddnet/issues/12154,https://github.com/ddnet/ddnet/issues/12154,CWE-401
gh:233,GitHub,statement,asker,False,C2,Control flow,"Is the old block released on each loop iteration / reallocation (realloc failure, reassignment in a loop)?",https://github.com/ddnet/ddnet/issues/12154,https://github.com/ddnet/ddnet/issues/12154,CWE-401
gh:233,GitHub,statement,asker,False,E1,Escape / aliasing,Was the last reference overwritten or lost before release?,https://github.com/ddnet/ddnet/issues/12154,https://github.com/ddnet/ddnet/issues/12154,CWE-401
gh:234,GitHub,statement,asker,False,C2,Control flow,"Is the old block released on each loop iteration / reallocation (realloc failure, reassignment in a loop)?",https://github.com/ddnet/ddnet/issues/12154,https://github.com/ddnet/ddnet/issues/12154,CWE-401
gh:234,GitHub,statement,asker,False,E1,Escape / aliasing,Was the last reference overwritten or lost before release?,https://github.com/ddnet/ddnet/issues/12154,https://github.com/ddnet/ddnet/issues/12154,CWE-401
gh:235,GitHub,statement,asker,False,C2,Control flow,"Is the old block released on each loop iteration / reallocation (realloc failure, reassignment in a loop)?",https://github.com/sonic-net/sonic-buildimage/issues/28696,https://github.com/sonic-net/sonic-buildimage/issues/28696,CWE-401
gh:235,GitHub,statement,asker,False,E1,Escape / aliasing,Was the last reference overwritten or lost before release?,https://github.com/sonic-net/sonic-buildimage/issues/28696,https://github.com/sonic-net/sonic-buildimage/issues/28696,CWE-401
gh:236,GitHub,statement,asker,False,C2,Control flow,"Is the old block released on each loop iteration / reallocation (realloc failure, reassignment in a loop)?",https://github.com/sonic-net/sonic-buildimage/issues/28696,https://github.com/sonic-net/sonic-buildimage/issues/28696,CWE-401
gh:236,GitHub,statement,asker,False,E1,Escape / aliasing,Was the last reference overwritten or lost before release?,https://github.com/sonic-net/sonic-buildimage/issues/28696,https://github.com/sonic-net/sonic-buildimage/issues/28696,CWE-401
gh:237,GitHub,statement,asker,False,T1,Non-diagnostic,"Triage: reproducer, full trace, version, build flags",https://github.com/sonic-net/sonic-buildimage/issues/28696,https://github.com/sonic-net/sonic-buildimage/issues/28696,CWE-401
gh:238,GitHub,statement,asker,False,C2,Control flow,"Is the old block released on each loop iteration / reallocation (realloc failure, reassignment in a loop)?",https://github.com/sonic-net/sonic-buildimage/issues/28696,https://github.com/sonic-net/sonic-buildimage/issues/28696,CWE-401
gh:238,GitHub,statement,asker,False,E1,Escape / aliasing,Was the last reference overwritten or lost before release?,https://github.com/sonic-net/sonic-buildimage/issues/28696,https://github.com/sonic-net/sonic-buildimage/issues/28696,CWE-401
gh:239,GitHub,statement,asker,False,C2,Control flow,"Is the old block released on each loop iteration / reallocation (realloc failure, reassignment in a loop)?",https://github.com/sonic-net/sonic-buildimage/issues/28696,https://github.com/sonic-net/sonic-buildimage/issues/28696,CWE-401
gh:239,GitHub,statement,asker,False,E1,Escape / aliasing,Was the last reference overwritten or lost before release?,https://github.com/sonic-net/sonic-buildimage/issues/28696,https://github.com/sonic-net/sonic-buildimage/issues/28696,CWE-401
gh:240,GitHub,statement,asker,False,C2,Control flow,"Is the old block released on each loop iteration / reallocation (realloc failure, reassignment in a loop)?",https://github.com/sonic-net/sonic-buildimage/issues/28696,https://github.com/sonic-net/sonic-buildimage/issues/28696,CWE-401
gh:240,GitHub,statement,asker,False,E1,Escape / aliasing,Was the last reference overwritten or lost before release?,https://github.com/sonic-net/sonic-buildimage/issues/28696,https://github.com/sonic-net/sonic-buildimage/issues/28696,CWE-401
gh:241,GitHub,statement,asker,False,L3,Lifetime,"Does memory keep growing with repetitions (retained longer than needed, unbounded growth)?",https://github.com/sonic-net/sonic-buildimage/issues/28696,https://github.com/sonic-net/sonic-buildimage/issues/28696,CWE-401
gh:242,GitHub,statement,asker,False,C2,Control flow,"Is the old block released on each loop iteration / reallocation (realloc failure, reassignment in a loop)?",https://github.com/sonic-net/sonic-buildimage/issues/28696,https://github.com/sonic-net/sonic-buildimage/issues/28696,CWE-401
gh:242,GitHub,statement,asker,False,E1,Escape / aliasing,Was the last reference overwritten or lost before release?,https://github.com/sonic-net/sonic-buildimage/issues/28696,https://github.com/sonic-net/sonic-buildimage/issues/28696,CWE-401
gh:243,GitHub,statement,asker,False,C2,Control flow,"Is the old block released on each loop iteration / reallocation (realloc failure, reassignment in a loop)?",https://github.com/clibs/buffer/issues/20,https://github.com/clibs/buffer/issues/20,CWE-401
gh:244,GitHub,statement,asker,False,C2,Control flow,"Is the old block released on each loop iteration / reallocation (realloc failure, reassignment in a loop)?",https://github.com/clibs/buffer/issues/20,https://github.com/clibs/buffer/issues/20,CWE-401
gh:245,GitHub,statement,asker,False,E3,Escape / aliasing,"Do other aliases or copies refer to the same block (shallow copy, copy ctor, two owners)?",https://github.com/clibs/buffer/issues/20,https://github.com/clibs/buffer/issues/20,CWE-401
gh:246,GitHub,statement,asker,False,C2,Control flow,"Is the old block released on each loop iteration / reallocation (realloc failure, reassignment in a loop)?",https://github.com/lutherhistory/bread-taste/issues/1,https://github.com/lutherhistory/bread-taste/issues/1,CWE-401
gh:247,GitHub,statement,asker,False,C2,Control flow,"Is the old block released on each loop iteration / reallocation (realloc failure, reassignment in a loop)?",https://github.com/lutherhistory/bread-taste/issues/1,https://github.com/lutherhistory/bread-taste/issues/1,CWE-401
gh:249,GitHub,statement,asker,False,C2,Control flow,"Is the old block released on each loop iteration / reallocation (realloc failure, reassignment in a loop)?",https://github.com/AeneasVerif/eurydice/issues/393,https://github.com/AeneasVerif/eurydice/issues/393,CWE-401
gh:250,GitHub,statement,asker,False,C2,Control flow,"Is the old block released on each loop iteration / reallocation (realloc failure, reassignment in a loop)?",https://github.com/jcaldwell-labs/boxes-live/issues/88,https://github.com/jcaldwell-labs/boxes-live/issues/88,CWE-401
gh:250,GitHub,statement,asker,False,E1,Escape / aliasing,Was the last reference overwritten or lost before release?,https://github.com/jcaldwell-labs/boxes-live/issues/88,https://github.com/jcaldwell-labs/boxes-live/issues/88,CWE-401
gh:251,GitHub,statement,asker,False,C2,Control flow,"Is the old block released on each loop iteration / reallocation (realloc failure, reassignment in a loop)?",https://github.com/Canotas/rsyslog/issues/65,https://github.com/Canotas/rsyslog/issues/65,CWE-401
gh:251,GitHub,statement,asker,False,E1,Escape / aliasing,Was the last reference overwritten or lost before release?,https://github.com/Canotas/rsyslog/issues/65,https://github.com/Canotas/rsyslog/issues/65,CWE-401
gh:252,GitHub,statement,responder,True,V1,Report interpretation,"Is the suspected leak/invalid free real, or a false positive / benign report?",https://github.com/knolleary/pubsubclient/issues/755,https://github.com/knolleary/pubsubclient/issues/755#issuecomment-652932012,CWE-401
gh:253,GitHub,statement,asker,False,V1,Report interpretation,"Is the suspected leak/invalid free real, or a false positive / benign report?",https://github.com/knolleary/pubsubclient/issues/755,https://github.com/knolleary/pubsubclient/issues/755#issuecomment-652971769,CWE-401
gh:254,GitHub,statement,responder,False,V1,Report interpretation,"Is the suspected leak/invalid free real, or a false positive / benign report?",https://github.com/knolleary/pubsubclient/issues/755,https://github.com/knolleary/pubsubclient/issues/755#issuecomment-653752201,CWE-401
gh:255,GitHub,statement,asker,False,C2,Control flow,"Is the old block released on each loop iteration / reallocation (realloc failure, reassignment in a loop)?",https://github.com/OpenPrinting/cups-filters/issues/636,https://github.com/OpenPrinting/cups-filters/issues/636,CWE-401
gh:255,GitHub,statement,asker,False,E1,Escape / aliasing,Was the last reference overwritten or lost before release?,https://github.com/OpenPrinting/cups-filters/issues/636,https://github.com/OpenPrinting/cups-filters/issues/636,CWE-401
gh:256,GitHub,statement,asker,False,C2,Control flow,"Is the old block released on each loop iteration / reallocation (realloc failure, reassignment in a loop)?",https://github.com/OpenPrinting/cups-filters/issues/636,https://github.com/OpenPrinting/cups-filters/issues/636,CWE-401
gh:256,GitHub,statement,asker,False,E1,Escape / aliasing,Was the last reference overwritten or lost before release?,https://github.com/OpenPrinting/cups-filters/issues/636,https://github.com/OpenPrinting/cups-filters/issues/636,CWE-401
gh:257,GitHub,statement,asker,False,C2,Control flow,"Is the old block released on each loop iteration / reallocation (realloc failure, reassignment in a loop)?",https://github.com/OpenPrinting/cups-filters/issues/636,https://github.com/OpenPrinting/cups-filters/issues/636,CWE-401
gh:257,GitHub,statement,asker,False,E1,Escape / aliasing,Was the last reference overwritten or lost before release?,https://github.com/OpenPrinting/cups-filters/issues/636,https://github.com/OpenPrinting/cups-filters/issues/636,CWE-401
gh:258,GitHub,statement,asker,False,C2,Control flow,"Is the old block released on each loop iteration / reallocation (realloc failure, reassignment in a loop)?",https://github.com/OpenPrinting/cups-filters/issues/636,https://github.com/OpenPrinting/cups-filters/issues/636,CWE-401
gh:258,GitHub,statement,asker,False,E1,Escape / aliasing,Was the last reference overwritten or lost before release?,https://github.com/OpenPrinting/cups-filters/issues/636,https://github.com/OpenPrinting/cups-filters/issues/636,CWE-401
gh:259,GitHub,statement,responder,False,C2,Control flow,"Is the old block released on each loop iteration / reallocation (realloc failure, reassignment in a loop)?",https://github.com/OpenPrinting/cups-filters/issues/636,https://github.com/OpenPrinting/cups-filters/issues/636#issuecomment-4018392353,CWE-401
gh:259,GitHub,statement,responder,False,E1,Escape / aliasing,Was the last reference overwritten or lost before release?,https://github.com/OpenPrinting/cups-filters/issues/636,https://github.com/OpenPrinting/cups-filters/issues/636#issuecomment-4018392353,CWE-401
gh:260,GitHub,statement,responder,False,C2,Control flow,"Is the old block released on each loop iteration / reallocation (realloc failure, reassignment in a loop)?",https://github.com/OpenPrinting/cups-filters/issues/636,https://github.com/OpenPrinting/cups-filters/issues/636#issuecomment-4018392353,CWE-401
gh:260,GitHub,statement,responder,False,E1,Escape / aliasing,Was the last reference overwritten or lost before release?,https://github.com/OpenPrinting/cups-filters/issues/636,https://github.com/OpenPrinting/cups-filters/issues/636#issuecomment-4018392353,CWE-401
gh:261,GitHub,statement,responder,False,C2,Control flow,"Is the old block released on each loop iteration / reallocation (realloc failure, reassignment in a loop)?",https://github.com/OpenPrinting/cups-filters/issues/636,https://github.com/OpenPrinting/cups-filters/issues/636#issuecomment-4018392353,CWE-401
gh:261,GitHub,statement,responder,False,E1,Escape / aliasing,Was the last reference overwritten or lost before release?,https://github.com/OpenPrinting/cups-filters/issues/636,https://github.com/OpenPrinting/cups-filters/issues/636#issuecomment-4018392353,CWE-401
gh:263,GitHub,statement,asker,False,C2,Control flow,"Is the old block released on each loop iteration / reallocation (realloc failure, reassignment in a loop)?",https://github.com/pousoupou/parCer/issues/2,https://github.com/pousoupou/parCer/issues/2,CWE-401
gh:263,GitHub,statement,asker,False,E1,Escape / aliasing,Was the last reference overwritten or lost before release?,https://github.com/pousoupou/parCer/issues/2,https://github.com/pousoupou/parCer/issues/2,CWE-401
gh:264,GitHub,statement,asker,False,V1,Report interpretation,"Is the suspected leak/invalid free real, or a false positive / benign report?",https://github.com/libui-ng/libui-ng/issues/156,https://github.com/libui-ng/libui-ng/issues/156,CWE-459;CWE-401
gh:265,GitHub,statement,asker,False,R3,Report interpretation,"Is the report caused by my code, or by a library, runtime, or the tool itself?",https://github.com/libui-ng/libui-ng/issues/156,https://github.com/libui-ng/libui-ng/issues/156,CWE-459;CWE-401
gh:266,GitHub,statement,asker,False,T1,Non-diagnostic,"Triage: reproducer, full trace, version, build flags",https://github.com/libsndfile/libsndfile/issues/922,https://github.com/libsndfile/libsndfile/issues/922,CWE-459;CWE-401
gh:309,GitHub,statement,responder,False,T1,Non-diagnostic,"Triage: reproducer, full trace, version, build flags",https://github.com/htacg/tidy-html5/issues/1152,https://github.com/htacg/tidy-html5/issues/1152#issuecomment-5436548855,CWE-459;CWE-401
gh:310,GitHub,statement,responder,False,T1,Non-diagnostic,"Triage: reproducer, full trace, version, build flags",https://github.com/htacg/tidy-html5/issues/1152,https://github.com/htacg/tidy-html5/issues/1152#issuecomment-5436548855,CWE-459;CWE-401
gh:311,GitHub,statement,asker,False,O2,Ownership,"Was ownership transferred (to a container, smart pointer, library, or object), so someone else releases it?",https://github.com/duckdb/duckdb-excel/issues/96,https://github.com/duckdb/duckdb-excel/issues/96,CWE-459;CWE-401
gh:311,GitHub,statement,asker,False,D3,Deallocation,Is the deallocator the right one for the allocator (free vs delete vs delete[] vs library free)?,https://github.com/duckdb/duckdb-excel/issues/96,https://github.com/duckdb/duckdb-excel/issues/96,CWE-459;CWE-401
gh:312,GitHub,statement,asker,False,D3,Deallocation,Is the deallocator the right one for the allocator (free vs delete vs delete[] vs library free)?,https://github.com/duckdb/duckdb-excel/issues/96,https://github.com/duckdb/duckdb-excel/issues/96,CWE-459;CWE-401
gh:312,GitHub,statement,asker,False,L2,Lifetime,"Is the object destroyed when its lifetime ends (scope exit, destructor called, virtual destructor)?",https://github.com/duckdb/duckdb-excel/issues/96,https://github.com/duckdb/duckdb-excel/issues/96,CWE-459;CWE-401
gh:313,GitHub,statement,asker,False,D3,Deallocation,Is the deallocator the right one for the allocator (free vs delete vs delete[] vs library free)?,https://github.com/duckdb/duckdb-excel/issues/96,https://github.com/duckdb/duckdb-excel/issues/96,CWE-459;CWE-401
gh:314,GitHub,statement,responder,False,V1,Report interpretation,"Is the suspected leak/invalid free real, or a false positive / benign report?",https://github.com/freebsd/atf/issues/77,https://github.com/freebsd/atf/issues/77#issuecomment-2525258130,CWE-459;CWE-401
gh:314,GitHub,statement,responder,False,L1,Lifetime,"Must the memory be freed before program exit, or is exit-time retention acceptable?",https://github.com/freebsd/atf/issues/77,https://github.com/freebsd/atf/issues/77#issuecomment-2525258130,CWE-459;CWE-401
gh:315,GitHub,statement,responder,False,V1,Report interpretation,"Is the suspected leak/invalid free real, or a false positive / benign report?",https://github.com/freebsd/atf/issues/77,https://github.com/freebsd/atf/issues/77#issuecomment-2525258130,CWE-459;CWE-401
gh:316,GitHub,statement,responder,False,O1,Ownership,Who is responsible for releasing this memory (caller vs. callee contract)?,https://github.com/trilinos/Trilinos/issues/15751,https://github.com/trilinos/Trilinos/issues/15751#issuecomment-5973263218,CWE-401
gh:317,GitHub,statement,responder,False,O1,Ownership,Who is responsible for releasing this memory (caller vs. callee contract)?,https://github.com/trilinos/Trilinos/issues/15751,https://github.com/trilinos/Trilinos/issues/15751#issuecomment-5973263218,CWE-401
gh:317,GitHub,statement,responder,False,D1,Deallocation,"Is there a matching release for this allocation, and where should it go?",https://github.com/trilinos/Trilinos/issues/15751,https://github.com/trilinos/Trilinos/issues/15751#issuecomment-5973263218,CWE-401
gh:318,GitHub,statement,asker,False,D1,Deallocation,"Is there a matching release for this allocation, and where should it go?",https://github.com/chivurazvangabriel/LiminalBlocks/issues/2,https://github.com/chivurazvangabriel/LiminalBlocks/issues/2,CWE-459;CWE-401
gh:319,GitHub,statement,asker,False,N3,Composite cleanup,Does the cleanup routine / destructor release every resource the object owns?,https://github.com/chivurazvangabriel/LiminalBlocks/issues/2,https://github.com/chivurazvangabriel/LiminalBlocks/issues/2,CWE-459;CWE-401
gh:319,GitHub,statement,asker,False,D1,Deallocation,"Is there a matching release for this allocation, and where should it go?",https://github.com/chivurazvangabriel/LiminalBlocks/issues/2,https://github.com/chivurazvangabriel/LiminalBlocks/issues/2,CWE-459;CWE-401
gh:320,GitHub,statement,asker,False,R4,Report interpretation,Where was the block allocated / where does the leak or bad free originate?,https://github.com/eclipse-4diac/4diac-forte/issues/1054,https://github.com/eclipse-4diac/4diac-forte/issues/1054,CWE-401
gh:321,GitHub,statement,asker,False,T1,Non-diagnostic,"Triage: reproducer, full trace, version, build flags",https://github.com/eclipse-4diac/4diac-forte/issues/1054,https://github.com/eclipse-4diac/4diac-forte/issues/1054,CWE-401
gh:322,GitHub,statement,asker,False,O1,Ownership,Who is responsible for releasing this memory (caller vs. callee contract)?,https://github.com/eclipse-4diac/4diac-forte/issues/1054,https://github.com/eclipse-4diac/4diac-forte/issues/1054#issuecomment-5722459222,CWE-401
gh:322,GitHub,statement,asker,False,A2,Allocation,Does this function/API allocate what it returns (must the caller free it)?,https://github.com/eclipse-4diac/4diac-forte/issues/1054,https://github.com/eclipse-4diac/4diac-forte/issues/1054#issuecomment-5722459222,CWE-401
gh:323,GitHub,statement,asker,False,C2,Control flow,"Is the old block released on each loop iteration / reallocation (realloc failure, reassignment in a loop)?",https://github.com/LoneGazebo/Community-Patch-DLL/issues/13363,https://github.com/LoneGazebo/Community-Patch-DLL/issues/13363,CWE-459;CWE-401
gh:323,GitHub,statement,asker,False,D1,Deallocation,"Is there a matching release for this allocation, and where should it go?",https://github.com/LoneGazebo/Community-Patch-DLL/issues/13363,https://github.com/LoneGazebo/Community-Patch-DLL/issues/13363,CWE-459;CWE-401
gh:324,GitHub,statement,asker,False,T1,Non-diagnostic,"Triage: reproducer, full trace, version, build flags",https://github.com/godotengine/godot/issues/116815,https://github.com/godotengine/godot/issues/116815,CWE-401
gh:325,GitHub,statement,asker,False,D1,Deallocation,"Is there a matching release for this allocation, and where should it go?",https://github.com/godotengine/godot/issues/116815,https://github.com/godotengine/godot/issues/116815,CWE-401
gh:326,GitHub,statement,asker,False,R3,Report interpretation,"Is the report caused by my code, or by a library, runtime, or the tool itself?",https://github.com/godotengine/godot/issues/116815,https://github.com/godotengine/godot/issues/116815,CWE-401
gh:327,GitHub,statement,asker,False,L2,Lifetime,"Is the object destroyed when its lifetime ends (scope exit, destructor called, virtual destructor)?",https://github.com/godotengine/godot/issues/116815,https://github.com/godotengine/godot/issues/116815,CWE-401
gh:328,GitHub,statement,responder,False,D1,Deallocation,"Is there a matching release for this allocation, and where should it go?",https://github.com/godotengine/godot/issues/116815,https://github.com/godotengine/godot/issues/116815#issuecomment-3969355162,CWE-401
gh:329,GitHub,statement,asker,False,O2,Ownership,"Was ownership transferred (to a container, smart pointer, library, or object), so someone else releases it?",https://github.com/godotengine/godot/issues/116815,https://github.com/godotengine/godot/issues/116815#issuecomment-3969391133,CWE-401
gh:329,GitHub,statement,asker,False,L2,Lifetime,"Is the object destroyed when its lifetime ends (scope exit, destructor called, virtual destructor)?",https://github.com/godotengine/godot/issues/116815,https://github.com/godotengine/godot/issues/116815#issuecomment-3969391133,CWE-401
gh:330,GitHub,statement,asker,False,L2,Lifetime,"Is the object destroyed when its lifetime ends (scope exit, destructor called, virtual destructor)?",https://github.com/godotengine/godot/issues/116815,https://github.com/godotengine/godot/issues/116815#issuecomment-3969391133,CWE-401
gh:331,GitHub,statement,responder,False,O2,Ownership,"Was ownership transferred (to a container, smart pointer, library, or object), so someone else releases it?",https://github.com/godotengine/godot/issues/116815,https://github.com/godotengine/godot/issues/116815#issuecomment-3969705601,CWE-401
gh:331,GitHub,statement,responder,False,A2,Allocation,Does this function/API allocate what it returns (must the caller free it)?,https://github.com/godotengine/godot/issues/116815,https://github.com/godotengine/godot/issues/116815#issuecomment-3969705601,CWE-401
gh:332,GitHub,statement,asker,False,O2,Ownership,"Was ownership transferred (to a container, smart pointer, library, or object), so someone else releases it?",https://github.com/godotengine/godot/issues/116815,https://github.com/godotengine/godot/issues/116815#issuecomment-3972322487,CWE-401
gh:333,GitHub,statement,responder,False,O2,Ownership,"Was ownership transferred (to a container, smart pointer, library, or object), so someone else releases it?",https://github.com/godotengine/godot/issues/116815,https://github.com/godotengine/godot/issues/116815#issuecomment-3985509106,CWE-401
gh:334,GitHub,statement,responder,False,O2,Ownership,"Was ownership transferred (to a container, smart pointer, library, or object), so someone else releases it?",https://github.com/godotengine/godot/issues/116815,https://github.com/godotengine/godot/issues/116815#issuecomment-3985509106,CWE-401
gh:335,GitHub,statement,asker,False,D1,Deallocation,"Is there a matching release for this allocation, and where should it go?",https://github.com/IAS-Astrophysics/athenak/issues/716,https://github.com/IAS-Astrophysics/athenak/issues/716,CWE-401
gh:338,GitHub,statement,asker,False,T1,Non-diagnostic,"Triage: reproducer, full trace, version, build flags",https://github.com/nntrainer/nntrainer/issues/4335,https://github.com/nntrainer/nntrainer/issues/4335,CWE-762;CWE-761;CWE-763;CWE-459;CWE-401
gh:339,GitHub,statement,asker,False,T1,Non-diagnostic,"Triage: reproducer, full trace, version, build flags",https://github.com/nntrainer/nntrainer/issues/4335,https://github.com/nntrainer/nntrainer/issues/4335,CWE-762;CWE-761;CWE-763;CWE-459;CWE-401
gh:340,GitHub,statement,asker,False,T1,Non-diagnostic,"Triage: reproducer, full trace, version, build flags",https://github.com/nntrainer/nntrainer/issues/4335,https://github.com/nntrainer/nntrainer/issues/4335,CWE-762;CWE-761;CWE-763;CWE-459;CWE-401
gh:341,GitHub,statement,asker,False,L2,Lifetime,"Is the object destroyed when its lifetime ends (scope exit, destructor called, virtual destructor)?",https://github.com/nntrainer/nntrainer/issues/4335,https://github.com/nntrainer/nntrainer/issues/4335,CWE-762;CWE-761;CWE-763;CWE-459;CWE-401
gh:342,GitHub,statement,asker,False,T1,Non-diagnostic,"Triage: reproducer, full trace, version, build flags",https://github.com/nntrainer/nntrainer/issues/4335,https://github.com/nntrainer/nntrainer/issues/4335,CWE-762;CWE-761;CWE-763;CWE-459;CWE-401
gh:343,GitHub,statement,asker,False,D3,Deallocation,Is the deallocator the right one for the allocator (free vs delete vs delete[] vs library free)?,https://github.com/nntrainer/nntrainer/issues/4335,https://github.com/nntrainer/nntrainer/issues/4335,CWE-762;CWE-761;CWE-763;CWE-459;CWE-401
gh:344,GitHub,statement,asker,False,C1,Control flow,"Is the memory released on every path: error handling, early return, exceptions, longjmp?",https://github.com/nntrainer/nntrainer/issues/4335,https://github.com/nntrainer/nntrainer/issues/4335,CWE-762;CWE-761;CWE-763;CWE-459;CWE-401
gh:345,GitHub,statement,asker,False,C2,Control flow,"Is the old block released on each loop iteration / reallocation (realloc failure, reassignment in a loop)?",https://github.com/nntrainer/nntrainer/issues/4335,https://github.com/nntrainer/nntrainer/issues/4335,CWE-762;CWE-761;CWE-763;CWE-459;CWE-401
gh:346,GitHub,statement,asker,False,A1,Allocation,"Is this memory on the heap at all (vs. stack, static, string literal)?",https://github.com/nntrainer/nntrainer/issues/4335,https://github.com/nntrainer/nntrainer/issues/4335,CWE-762;CWE-761;CWE-763;CWE-459;CWE-401
gh:346,GitHub,statement,asker,False,L2,Lifetime,"Is the object destroyed when its lifetime ends (scope exit, destructor called, virtual destructor)?",https://github.com/nntrainer/nntrainer/issues/4335,https://github.com/nntrainer/nntrainer/issues/4335,CWE-762;CWE-761;CWE-763;CWE-459;CWE-401
gh:348,GitHub,statement,asker,False,D4,Deallocation,"Is the pointer valid to free right now (initialized, not already freed, not dangling)?",https://github.com/nntrainer/nntrainer/issues/4335,https://github.com/nntrainer/nntrainer/issues/4335,CWE-762;CWE-761;CWE-763;CWE-459;CWE-401
gh:348,GitHub,statement,asker,False,O2,Ownership,"Was ownership transferred (to a container, smart pointer, library, or object), so someone else releases it?",https://github.com/nntrainer/nntrainer/issues/4335,https://github.com/nntrainer/nntrainer/issues/4335,CWE-762;CWE-761;CWE-763;CWE-459;CWE-401
gh:349,GitHub,statement,asker,False,O2,Ownership,"Was ownership transferred (to a container, smart pointer, library, or object), so someone else releases it?",https://github.com/nntrainer/nntrainer/issues/4335,https://github.com/nntrainer/nntrainer/issues/4335,CWE-762;CWE-761;CWE-763;CWE-459;CWE-401
gh:349,GitHub,statement,asker,False,D1,Deallocation,"Is there a matching release for this allocation, and where should it go?",https://github.com/nntrainer/nntrainer/issues/4335,https://github.com/nntrainer/nntrainer/issues/4335,CWE-762;CWE-761;CWE-763;CWE-459;CWE-401
gh:350,GitHub,statement,asker,False,N2,Composite cleanup,Is a reference cycle or refcount imbalance preventing release?,https://github.com/nntrainer/nntrainer/issues/4335,https://github.com/nntrainer/nntrainer/issues/4335,CWE-762;CWE-761;CWE-763;CWE-459;CWE-401
gh:352,GitHub,statement,asker,False,O1,Ownership,Who is responsible for releasing this memory (caller vs. callee contract)?,https://github.com/nntrainer/nntrainer/issues/4335,https://github.com/nntrainer/nntrainer/issues/4335,CWE-762;CWE-761;CWE-763;CWE-459;CWE-401
gh:352,GitHub,statement,asker,False,L4,Lifetime,Are threads joined/detached so that their resources are released?,https://github.com/nntrainer/nntrainer/issues/4335,https://github.com/nntrainer/nntrainer/issues/4335,CWE-762;CWE-761;CWE-763;CWE-459;CWE-401
gh:355,GitHub,statement,asker,False,T1,Non-diagnostic,"Triage: reproducer, full trace, version, build flags",https://github.com/nntrainer/nntrainer/issues/4335,https://github.com/nntrainer/nntrainer/issues/4335#issuecomment-5774452084,CWE-762;CWE-761;CWE-763;CWE-459;CWE-401
gh:356,GitHub,statement,asker,False,L1,Lifetime,"Must the memory be freed before program exit, or is exit-time retention acceptable?",https://github.com/cclaude42/minishell/issues/11,https://github.com/cclaude42/minishell/issues/11,CWE-459;CWE-401
gh:357,GitHub,statement,asker,False,L1,Lifetime,"Must the memory be freed before program exit, or is exit-time retention acceptable?",https://github.com/cclaude42/minishell/issues/11,https://github.com/cclaude42/minishell/issues/11,CWE-459;CWE-401
gh:358,GitHub,statement,asker,False,L1,Lifetime,"Must the memory be freed before program exit, or is exit-time retention acceptable?",https://github.com/cclaude42/minishell/issues/11,https://github.com/cclaude42/minishell/issues/11,CWE-459;CWE-401
gh:359,GitHub,statement,asker,False,L1,Lifetime,"Must the memory be freed before program exit, or is exit-time retention acceptable?",https://github.com/cclaude42/minishell/issues/11,https://github.com/cclaude42/minishell/issues/11,CWE-459;CWE-401
gh:360,GitHub,statement,asker,False,X1,Cross-module,"Are allocation and release done by the same module/runtime heap (DLL, CRT, FFI boundary)?",https://github.com/mappu/miqt/issues/154,https://github.com/mappu/miqt/issues/154,CWE-401
gh:360,GitHub,statement,asker,False,D1,Deallocation,"Is there a matching release for this allocation, and where should it go?",https://github.com/mappu/miqt/issues/154,https://github.com/mappu/miqt/issues/154,CWE-401
gh:361,GitHub,statement,responder,True,L1,Lifetime,"Must the memory be freed before program exit, or is exit-time retention acceptable?",https://github.com/the-tcpdump-group/tcpdump/issues/1091,https://github.com/the-tcpdump-group/tcpdump/issues/1091#issuecomment-1964090117,CWE-401
gh:361,GitHub,statement,responder,True,C1,Control flow,"Is the memory released on every path: error handling, early return, exceptions, longjmp?",https://github.com/the-tcpdump-group/tcpdump/issues/1091,https://github.com/the-tcpdump-group/tcpdump/issues/1091#issuecomment-1964090117,CWE-401
gh:362,GitHub,statement,responder,True,L1,Lifetime,"Must the memory be freed before program exit, or is exit-time retention acceptable?",https://github.com/the-tcpdump-group/tcpdump/issues/1091,https://github.com/the-tcpdump-group/tcpdump/issues/1091#issuecomment-1964090117,CWE-401
gh:363,GitHub,statement,asker,False,C1,Control flow,"Is the memory released on every path: error handling, early return, exceptions, longjmp?",https://github.com/yugabyte/yugabyte-db/issues/31066,https://github.com/yugabyte/yugabyte-db/issues/31066,CWE-459;CWE-401
gh:363,GitHub,statement,asker,False,L2,Lifetime,"Is the object destroyed when its lifetime ends (scope exit, destructor called, virtual destructor)?",https://github.com/yugabyte/yugabyte-db/issues/31066,https://github.com/yugabyte/yugabyte-db/issues/31066,CWE-459;CWE-401
gh:364,GitHub,statement,asker,False,R5,Report interpretation,"How do I detect, configure, or suppress this with the tool?",https://github.com/microsoft/mimalloc/issues/509,https://github.com/microsoft/mimalloc/issues/509,CWE-401
gh:365,GitHub,statement,responder,True,R3,Report interpretation,"Is the report caused by my code, or by a library, runtime, or the tool itself?",https://github.com/microsoft/mimalloc/issues/509,https://github.com/microsoft/mimalloc/issues/509#issuecomment-1001712579,CWE-401
gh:366,GitHub,statement,responder,True,R5,Report interpretation,"How do I detect, configure, or suppress this with the tool?",https://github.com/microsoft/mimalloc/issues/509,https://github.com/microsoft/mimalloc/issues/509#issuecomment-1001712579,CWE-401
gh:367,GitHub,statement,responder,True,R3,Report interpretation,"Is the report caused by my code, or by a library, runtime, or the tool itself?",https://github.com/microsoft/mimalloc/issues/509,https://github.com/microsoft/mimalloc/issues/509#issuecomment-1011624436,CWE-401
gh:368,GitHub,statement,asker,False,T1,Non-diagnostic,"Triage: reproducer, full trace, version, build flags",https://github.com/michaelrsweet/mxml/issues/356,https://github.com/michaelrsweet/mxml/issues/356,CWE-459;CWE-401
gh:369,GitHub,statement,asker,False,T1,Non-diagnostic,"Triage: reproducer, full trace, version, build flags",https://github.com/michaelrsweet/mxml/issues/356,https://github.com/michaelrsweet/mxml/issues/356,CWE-459;CWE-401
gh:370,GitHub,statement,asker,False,T1,Non-diagnostic,"Triage: reproducer, full trace, version, build flags",https://github.com/openssl/openssl/issues/25294,https://github.com/openssl/openssl/issues/25294,
gh:371,GitHub,statement,asker,False,L1,Lifetime,"Must the memory be freed before program exit, or is exit-time retention acceptable?",https://github.com/openssl/openssl/issues/25294,https://github.com/openssl/openssl/issues/25294,
gh:371,GitHub,statement,asker,False,D4,Deallocation,"Is the pointer valid to free right now (initialized, not already freed, not dangling)?",https://github.com/openssl/openssl/issues/25294,https://github.com/openssl/openssl/issues/25294,
gh:372,GitHub,statement,asker,False,L1,Lifetime,"Must the memory be freed before program exit, or is exit-time retention acceptable?",https://github.com/openssl/openssl/issues/25294,https://github.com/openssl/openssl/issues/25294,
gh:373,GitHub,statement,responder,True,L1,Lifetime,"Must the memory be freed before program exit, or is exit-time retention acceptable?",https://github.com/openssl/openssl/issues/25294,https://github.com/openssl/openssl/issues/25294#issuecomment-2312107473,
gh:374,GitHub,statement,responder,True,L1,Lifetime,"Must the memory be freed before program exit, or is exit-time retention acceptable?",https://github.com/openssl/openssl/issues/25294,https://github.com/openssl/openssl/issues/25294#issuecomment-2312796218,
gh:375,GitHub,statement,responder,False,L1,Lifetime,"Must the memory be freed before program exit, or is exit-time retention acceptable?",https://github.com/openssl/openssl/issues/25294,https://github.com/openssl/openssl/issues/25294#issuecomment-2312833287,
gh:376,GitHub,statement,responder,False,L1,Lifetime,"Must the memory be freed before program exit, or is exit-time retention acceptable?",https://github.com/openssl/openssl/issues/25294,https://github.com/openssl/openssl/issues/25294#issuecomment-2312833287,
gh:377,GitHub,statement,responder,True,R3,Report interpretation,"Is the report caused by my code, or by a library, runtime, or the tool itself?",https://github.com/libsdl-org/sdl2-compat/issues/255,https://github.com/libsdl-org/sdl2-compat/issues/255#issuecomment-2626455020,CWE-459;CWE-401
gh:378,GitHub,statement,asker,False,D4,Deallocation,"Is the pointer valid to free right now (initialized, not already freed, not dangling)?",https://github.com/DarkFlippers/unleashed-firmware/issues/1029,https://github.com/DarkFlippers/unleashed-firmware/issues/1029,CWE-459;CWE-401
gh:379,GitHub,statement,asker,False,O1,Ownership,Who is responsible for releasing this memory (caller vs. callee contract)?,https://github.com/DarkFlippers/unleashed-firmware/issues/1029,https://github.com/DarkFlippers/unleashed-firmware/issues/1029,CWE-459;CWE-401
gh:380,GitHub,statement,asker,False,N1,Composite cleanup,"Are nested sub-allocations released (struct members, list nodes, 2-D arrays) before/with the parent?",https://github.com/DarkFlippers/unleashed-firmware/issues/1029,https://github.com/DarkFlippers/unleashed-firmware/issues/1029,CWE-459;CWE-401
gh:381,GitHub,statement,asker,False,N3,Composite cleanup,Does the cleanup routine / destructor release every resource the object owns?,https://github.com/DarkFlippers/unleashed-firmware/issues/1029,https://github.com/DarkFlippers/unleashed-firmware/issues/1029,CWE-459;CWE-401
gh:381,GitHub,statement,asker,False,O2,Ownership,"Was ownership transferred (to a container, smart pointer, library, or object), so someone else releases it?",https://github.com/DarkFlippers/unleashed-firmware/issues/1029,https://github.com/DarkFlippers/unleashed-firmware/issues/1029,CWE-459;CWE-401
gh:382,GitHub,statement,asker,False,C2,Control flow,"Is the old block released on each loop iteration / reallocation (realloc failure, reassignment in a loop)?",https://github.com/OpenVPN/openvpn/issues/1059,https://github.com/OpenVPN/openvpn/issues/1059,CWE-401
gh:383,GitHub,statement,asker,False,C2,Control flow,"Is the old block released on each loop iteration / reallocation (realloc failure, reassignment in a loop)?",https://github.com/OpenVPN/openvpn/issues/1059,https://github.com/OpenVPN/openvpn/issues/1059,CWE-401
gh:384,GitHub,statement,asker,False,D1,Deallocation,"Is there a matching release for this allocation, and where should it go?",https://github.com/BRCode4Fun/Python-Interpreter/issues/2,https://github.com/BRCode4Fun/Python-Interpreter/issues/2,CWE-401
gh:385,GitHub,statement,asker,False,C2,Control flow,"Is the old block released on each loop iteration / reallocation (realloc failure, reassignment in a loop)?",https://github.com/BRCode4Fun/Python-Interpreter/issues/2,https://github.com/BRCode4Fun/Python-Interpreter/issues/2,CWE-401
gh:385,GitHub,statement,asker,False,D1,Deallocation,"Is there a matching release for this allocation, and where should it go?",https://github.com/BRCode4Fun/Python-Interpreter/issues/2,https://github.com/BRCode4Fun/Python-Interpreter/issues/2,CWE-401
gh:386,GitHub,statement,asker,False,N3,Composite cleanup,Does the cleanup routine / destructor release every resource the object owns?,https://github.com/BRCode4Fun/Python-Interpreter/issues/2,https://github.com/BRCode4Fun/Python-Interpreter/issues/2#issuecomment-2795593042,CWE-401
gh:387,GitHub,statement,responder,True,O1,Ownership,Who is responsible for releasing this memory (caller vs. callee contract)?,https://github.com/BRCode4Fun/Python-Interpreter/issues/2,https://github.com/BRCode4Fun/Python-Interpreter/issues/2#issuecomment-4612821761,CWE-401
gh:388,GitHub,statement,responder,True,N2,Composite cleanup,Is a reference cycle or refcount imbalance preventing release?,https://github.com/BRCode4Fun/Python-Interpreter/issues/2,https://github.com/BRCode4Fun/Python-Interpreter/issues/2#issuecomment-4612821761,CWE-401
gh:389,GitHub,statement,asker,False,O1,Ownership,Who is responsible for releasing this memory (caller vs. callee contract)?,https://github.com/edwardwawrzynek/ovid/issues/24,https://github.com/edwardwawrzynek/ovid/issues/24,CWE-401
gh:390,GitHub,statement,asker,False,P,Non-diagnostic,Prevention / best-practice advice,https://github.com/edwardwawrzynek/ovid/issues/24,https://github.com/edwardwawrzynek/ovid/issues/24,CWE-401
gh:391,GitHub,statement,asker,False,L3,Lifetime,"Does memory keep growing with repetitions (retained longer than needed, unbounded growth)?",https://github.com/ANSHAM1/LSTMiniNet/issues/1,https://github.com/ANSHAM1/LSTMiniNet/issues/1,CWE-789;CWE-401
gh:392,GitHub,statement,asker,False,L3,Lifetime,"Does memory keep growing with repetitions (retained longer than needed, unbounded growth)?",https://github.com/cameron314/concurrentqueue/issues/364,https://github.com/cameron314/concurrentqueue/issues/364,CWE-401
gh:393,GitHub,statement,asker,False,R3,Report interpretation,"Is the report caused by my code, or by a library, runtime, or the tool itself?",https://github.com/cameron314/concurrentqueue/issues/364,https://github.com/cameron314/concurrentqueue/issues/364,CWE-401
gh:394,GitHub,statement,responder,True,T1,Non-diagnostic,"Triage: reproducer, full trace, version, build flags",https://github.com/cameron314/concurrentqueue/issues/364,https://github.com/cameron314/concurrentqueue/issues/364#issuecomment-1766610121,CWE-401
gh:395,GitHub,statement,responder,True,L3,Lifetime,"Does memory keep growing with repetitions (retained longer than needed, unbounded growth)?",https://github.com/cameron314/concurrentqueue/issues/364,https://github.com/cameron314/concurrentqueue/issues/364#issuecomment-1766685096,CWE-401
gh:396,GitHub,statement,asker,False,T1,Non-diagnostic,"Triage: reproducer, full trace, version, build flags",https://github.com/projectM-visualizer/projectm/issues/1000,https://github.com/projectM-visualizer/projectm/issues/1000,CWE-762;CWE-459;CWE-401
gh:397,GitHub,statement,asker,False,N1,Composite cleanup,"Are nested sub-allocations released (struct members, list nodes, 2-D arrays) before/with the parent?",https://github.com/projectM-visualizer/projectm/issues/1000,https://github.com/projectM-visualizer/projectm/issues/1000,CWE-762;CWE-459;CWE-401
gh:398,GitHub,statement,asker,False,D3,Deallocation,Is the deallocator the right one for the allocator (free vs delete vs delete[] vs library free)?,https://github.com/projectM-visualizer/projectm/issues/1000,https://github.com/projectM-visualizer/projectm/issues/1000,CWE-762;CWE-459;CWE-401
gh:398,GitHub,statement,asker,False,N1,Composite cleanup,"Are nested sub-allocations released (struct members, list nodes, 2-D arrays) before/with the parent?",https://github.com/projectM-visualizer/projectm/issues/1000,https://github.com/projectM-visualizer/projectm/issues/1000,CWE-762;CWE-459;CWE-401
gh:399,GitHub,statement,asker,False,L2,Lifetime,"Is the object destroyed when its lifetime ends (scope exit, destructor called, virtual destructor)?",https://github.com/projectM-visualizer/projectm/issues/1000,https://github.com/projectM-visualizer/projectm/issues/1000,CWE-762;CWE-459;CWE-401
gh:400,GitHub,statement,asker,False,D3,Deallocation,Is the deallocator the right one for the allocator (free vs delete vs delete[] vs library free)?,https://github.com/projectM-visualizer/projectm/issues/1000,https://github.com/projectM-visualizer/projectm/issues/1000,CWE-762;CWE-459;CWE-401
gh:400,GitHub,statement,asker,False,E1,Escape / aliasing,Was the last reference overwritten or lost before release?,https://github.com/projectM-visualizer/projectm/issues/1000,https://github.com/projectM-visualizer/projectm/issues/1000,CWE-762;CWE-459;CWE-401
gh:401,GitHub,statement,responder,True,T1,Non-diagnostic,"Triage: reproducer, full trace, version, build flags",https://github.com/projectM-visualizer/projectm/issues/1000,https://github.com/projectM-visualizer/projectm/issues/1000#issuecomment-5997314643,CWE-762;CWE-459;CWE-401
gh:402,GitHub,statement,responder,True,D3,Deallocation,Is the deallocator the right one for the allocator (free vs delete vs delete[] vs library free)?,https://github.com/projectM-visualizer/projectm/issues/1000,https://github.com/projectM-visualizer/projectm/issues/1000#issuecomment-5997314643,CWE-762;CWE-459;CWE-401
gh:402,GitHub,statement,responder,True,N1,Composite cleanup,"Are nested sub-allocations released (struct members, list nodes, 2-D arrays) before/with the parent?",https://github.com/projectM-visualizer/projectm/issues/1000,https://github.com/projectM-visualizer/projectm/issues/1000#issuecomment-5997314643,CWE-762;CWE-459;CWE-401
gh:403,GitHub,statement,responder,True,D3,Deallocation,Is the deallocator the right one for the allocator (free vs delete vs delete[] vs library free)?,https://github.com/projectM-visualizer/projectm/issues/1000,https://github.com/projectM-visualizer/projectm/issues/1000#issuecomment-5997314643,CWE-762;CWE-459;CWE-401
gh:403,GitHub,statement,responder,True,E1,Escape / aliasing,Was the last reference overwritten or lost before release?,https://github.com/projectM-visualizer/projectm/issues/1000,https://github.com/projectM-visualizer/projectm/issues/1000#issuecomment-5997314643,CWE-762;CWE-459;CWE-401
gh:404,GitHub,statement,responder,True,V1,Report interpretation,"Is the suspected leak/invalid free real, or a false positive / benign report?",https://github.com/projectM-visualizer/projectm/issues/1000,https://github.com/projectM-visualizer/projectm/issues/1000#issuecomment-5997314643,CWE-762;CWE-459;CWE-401
gh:405,GitHub,statement,asker,False,L2,Lifetime,"Is the object destroyed when its lifetime ends (scope exit, destructor called, virtual destructor)?",https://github.com/machinezone/IXWebSocket/issues/490,https://github.com/machinezone/IXWebSocket/issues/490,CWE-459;CWE-401
gh:406,GitHub,statement,asker,False,N2,Composite cleanup,Is a reference cycle or refcount imbalance preventing release?,https://github.com/machinezone/IXWebSocket/issues/490,https://github.com/machinezone/IXWebSocket/issues/490,CWE-459;CWE-401
gh:407,GitHub,statement,asker,False,N2,Composite cleanup,Is a reference cycle or refcount imbalance preventing release?,https://github.com/machinezone/IXWebSocket/issues/490,https://github.com/machinezone/IXWebSocket/issues/490#issuecomment-1813215608,CWE-459;CWE-401
gh:408,GitHub,statement,asker,False,N2,Composite cleanup,Is a reference cycle or refcount imbalance preventing release?,https://github.com/machinezone/IXWebSocket/issues/490,https://github.com/machinezone/IXWebSocket/issues/490#issuecomment-1813215608,CWE-459;CWE-401
gh:409,GitHub,statement,asker,False,N2,Composite cleanup,Is a reference cycle or refcount imbalance preventing release?,https://github.com/machinezone/IXWebSocket/issues/490,https://github.com/machinezone/IXWebSocket/issues/490#issuecomment-1813215608,CWE-459;CWE-401
gh:410,GitHub,statement,asker,False,N2,Composite cleanup,Is a reference cycle or refcount imbalance preventing release?,https://github.com/PointCloudLibrary/pcl/issues/2225,https://github.com/PointCloudLibrary/pcl/issues/2225,CWE-459;CWE-401
gh:410,GitHub,statement,asker,False,L2,Lifetime,"Is the object destroyed when its lifetime ends (scope exit, destructor called, virtual destructor)?",https://github.com/PointCloudLibrary/pcl/issues/2225,https://github.com/PointCloudLibrary/pcl/issues/2225,CWE-459;CWE-401
gh:411,GitHub,statement,asker,False,N2,Composite cleanup,Is a reference cycle or refcount imbalance preventing release?,https://github.com/PointCloudLibrary/pcl/issues/2225,https://github.com/PointCloudLibrary/pcl/issues/2225,CWE-459;CWE-401
gh:412,GitHub,statement,asker,False,V1,Report interpretation,"Is the suspected leak/invalid free real, or a false positive / benign report?",https://github.com/google/sanitizers/issues/1368,https://github.com/google/sanitizers/issues/1368,CWE-590;CWE-761
gh:414,GitHub,statement,asker,False,P,Non-diagnostic,Prevention / best-practice advice,https://github.com/rehlds/ReHLDS/issues/377,https://github.com/rehlds/ReHLDS/issues/377#issuecomment-311100809,CWE-401
gh:415,GitHub,statement,asker,False,A1,Allocation,"Is this memory on the heap at all (vs. stack, static, string literal)?",https://github.com/swiftlang/swift-corelibs-foundation/issues/5533,https://github.com/swiftlang/swift-corelibs-foundation/issues/5533,CWE-590;CWE-763
gh:415,GitHub,statement,asker,False,R3,Report interpretation,"Is the report caused by my code, or by a library, runtime, or the tool itself?",https://github.com/swiftlang/swift-corelibs-foundation/issues/5533,https://github.com/swiftlang/swift-corelibs-foundation/issues/5533,CWE-590;CWE-763
gh:417,GitHub,statement,asker,False,R3,Report interpretation,"Is the report caused by my code, or by a library, runtime, or the tool itself?",https://github.com/google/sanitizers/issues/1849,https://github.com/google/sanitizers/issues/1849,CWE-590
gh:418,GitHub,statement,asker,False,R5,Report interpretation,"How do I detect, configure, or suppress this with the tool?",https://github.com/google/sanitizers/issues/1849,https://github.com/google/sanitizers/issues/1849,CWE-590
gh:419,GitHub,statement,asker,False,R3,Report interpretation,"Is the report caused by my code, or by a library, runtime, or the tool itself?",https://github.com/google/sanitizers/issues/1849,https://github.com/google/sanitizers/issues/1849#issuecomment-2665218898,CWE-590
gh:422,GitHub,statement,asker,False,A1,Allocation,"Is this memory on the heap at all (vs. stack, static, string literal)?",https://github.com/lo3-lang/lo3-core/issues/119,https://github.com/lo3-lang/lo3-core/issues/119,CWE-590;CWE-789
gh:422,GitHub,statement,asker,False,E3,Escape / aliasing,"Do other aliases or copies refer to the same block (shallow copy, copy ctor, two owners)?",https://github.com/lo3-lang/lo3-core/issues/119,https://github.com/lo3-lang/lo3-core/issues/119,CWE-590;CWE-789
gh:424,GitHub,statement,asker,False,A1,Allocation,"Is this memory on the heap at all (vs. stack, static, string literal)?",https://github.com/lo3-lang/lo3-core/issues/119,https://github.com/lo3-lang/lo3-core/issues/119,CWE-590;CWE-789
gh:424,GitHub,statement,asker,False,E3,Escape / aliasing,"Do other aliases or copies refer to the same block (shallow copy, copy ctor, two owners)?",https://github.com/lo3-lang/lo3-core/issues/119,https://github.com/lo3-lang/lo3-core/issues/119,CWE-590;CWE-789
gh:425,GitHub,statement,asker,False,A1,Allocation,"Is this memory on the heap at all (vs. stack, static, string literal)?",https://github.com/lo3-lang/lo3-core/issues/119,https://github.com/lo3-lang/lo3-core/issues/119,CWE-590;CWE-789
gh:425,GitHub,statement,asker,False,D4,Deallocation,"Is the pointer valid to free right now (initialized, not already freed, not dangling)?",https://github.com/lo3-lang/lo3-core/issues/119,https://github.com/lo3-lang/lo3-core/issues/119,CWE-590;CWE-789
gh:426,GitHub,statement,asker,False,O1,Ownership,Who is responsible for releasing this memory (caller vs. callee contract)?,https://github.com/lo3-lang/lo3-core/issues/119,https://github.com/lo3-lang/lo3-core/issues/119,CWE-590;CWE-789
gh:427,GitHub,statement,asker,False,O1,Ownership,Who is responsible for releasing this memory (caller vs. callee contract)?,https://github.com/lo3-lang/lo3-core/issues/119,https://github.com/lo3-lang/lo3-core/issues/119,CWE-590;CWE-789
gh:428,GitHub,statement,asker,False,D4,Deallocation,"Is the pointer valid to free right now (initialized, not already freed, not dangling)?",https://github.com/openssl/openssl/issues/27736,https://github.com/openssl/openssl/issues/27736,CWE-590;CWE-763
gh:428,GitHub,statement,asker,False,O1,Ownership,Who is responsible for releasing this memory (caller vs. callee contract)?,https://github.com/openssl/openssl/issues/27736,https://github.com/openssl/openssl/issues/27736,CWE-590;CWE-763
gh:429,GitHub,statement,responder,True,O1,Ownership,Who is responsible for releasing this memory (caller vs. callee contract)?,https://github.com/openssl/openssl/issues/27736,https://github.com/openssl/openssl/issues/27736#issuecomment-2930709060,CWE-590;CWE-763
gh:430,GitHub,statement,responder,True,O2,Ownership,"Was ownership transferred (to a container, smart pointer, library, or object), so someone else releases it?",https://github.com/openssl/openssl/issues/27736,https://github.com/openssl/openssl/issues/27736#issuecomment-2930709060,CWE-590;CWE-763
gh:430,GitHub,statement,responder,True,C1,Control flow,"Is the memory released on every path: error handling, early return, exceptions, longjmp?",https://github.com/openssl/openssl/issues/27736,https://github.com/openssl/openssl/issues/27736#issuecomment-2930709060,CWE-590;CWE-763
gh:431,GitHub,statement,responder,True,C1,Control flow,"Is the memory released on every path: error handling, early return, exceptions, longjmp?",https://github.com/openssl/openssl/issues/27736,https://github.com/openssl/openssl/issues/27736#issuecomment-2930709060,CWE-590;CWE-763
gh:432,GitHub,statement,asker,False,O2,Ownership,"Was ownership transferred (to a container, smart pointer, library, or object), so someone else releases it?",https://github.com/openssl/openssl/issues/27736,https://github.com/openssl/openssl/issues/27736#issuecomment-2931867411,CWE-590;CWE-763
gh:432,GitHub,statement,asker,False,C1,Control flow,"Is the memory released on every path: error handling, early return, exceptions, longjmp?",https://github.com/openssl/openssl/issues/27736,https://github.com/openssl/openssl/issues/27736#issuecomment-2931867411,CWE-590;CWE-763
gh:433,GitHub,statement,asker,False,O2,Ownership,"Was ownership transferred (to a container, smart pointer, library, or object), so someone else releases it?",https://github.com/openssl/openssl/issues/27736,https://github.com/openssl/openssl/issues/27736#issuecomment-2931867411,CWE-590;CWE-763
gh:433,GitHub,statement,asker,False,D4,Deallocation,"Is the pointer valid to free right now (initialized, not already freed, not dangling)?",https://github.com/openssl/openssl/issues/27736,https://github.com/openssl/openssl/issues/27736#issuecomment-2931867411,CWE-590;CWE-763
gh:433,GitHub,statement,asker,False,C1,Control flow,"Is the memory released on every path: error handling, early return, exceptions, longjmp?",https://github.com/openssl/openssl/issues/27736,https://github.com/openssl/openssl/issues/27736#issuecomment-2931867411,CWE-590;CWE-763
gh:434,GitHub,statement,asker,False,O2,Ownership,"Was ownership transferred (to a container, smart pointer, library, or object), so someone else releases it?",https://github.com/openssl/openssl/issues/27736,https://github.com/openssl/openssl/issues/27736#issuecomment-2937162706,CWE-590;CWE-763
gh:434,GitHub,statement,asker,False,C1,Control flow,"Is the memory released on every path: error handling, early return, exceptions, longjmp?",https://github.com/openssl/openssl/issues/27736,https://github.com/openssl/openssl/issues/27736#issuecomment-2937162706,CWE-590;CWE-763
gh:435,GitHub,statement,asker,False,O2,Ownership,"Was ownership transferred (to a container, smart pointer, library, or object), so someone else releases it?",https://github.com/openssl/openssl/issues/27736,https://github.com/openssl/openssl/issues/27736#issuecomment-2939482941,CWE-590;CWE-763
gh:435,GitHub,statement,asker,False,C1,Control flow,"Is the memory released on every path: error handling, early return, exceptions, longjmp?",https://github.com/openssl/openssl/issues/27736,https://github.com/openssl/openssl/issues/27736#issuecomment-2939482941,CWE-590;CWE-763
gh:436,GitHub,statement,asker,False,D4,Deallocation,"Is the pointer valid to free right now (initialized, not already freed, not dangling)?",https://github.com/openssl/openssl/issues/27736,https://github.com/openssl/openssl/issues/27736#issuecomment-2939488996,CWE-590;CWE-763
gh:436,GitHub,statement,asker,False,C1,Control flow,"Is the memory released on every path: error handling, early return, exceptions, longjmp?",https://github.com/openssl/openssl/issues/27736,https://github.com/openssl/openssl/issues/27736#issuecomment-2939488996,CWE-590;CWE-763
gh:438,GitHub,statement,responder,True,T1,Non-diagnostic,"Triage: reproducer, full trace, version, build flags",https://github.com/miguelmartin75/anax/issues/66,https://github.com/miguelmartin75/anax/issues/66#issuecomment-194037137,CWE-590
gh:439,GitHub,statement,responder,True,R5,Report interpretation,"How do I detect, configure, or suppress this with the tool?",https://github.com/miguelmartin75/anax/issues/66,https://github.com/miguelmartin75/anax/issues/66#issuecomment-196838388,CWE-590
gh:440,GitHub,statement,asker,False,L2,Lifetime,"Is the object destroyed when its lifetime ends (scope exit, destructor called, virtual destructor)?",https://github.com/ClickHouse/ClickHouse/issues/120573,https://github.com/ClickHouse/ClickHouse/issues/120573,CWE-590;CWE-761;CWE-459
gh:442,GitHub,statement,responder,True,T1,Non-diagnostic,"Triage: reproducer, full trace, version, build flags",https://github.com/libcpr/cpr/issues/1241,https://github.com/libcpr/cpr/issues/1241#issuecomment-3824087653,CWE-590
gh:443,GitHub,statement,asker,False,R3,Report interpretation,"Is the report caused by my code, or by a library, runtime, or the tool itself?",https://github.com/swiftlang/swift/issues/61669,https://github.com/swiftlang/swift/issues/61669,CWE-590
gh:443,GitHub,statement,asker,False,A1,Allocation,"Is this memory on the heap at all (vs. stack, static, string literal)?",https://github.com/swiftlang/swift/issues/61669,https://github.com/swiftlang/swift/issues/61669,CWE-590
gh:444,GitHub,statement,asker,False,L2,Lifetime,"Is the object destroyed when its lifetime ends (scope exit, destructor called, virtual destructor)?",https://github.com/alibaba/yalantinglibs/issues/1210,https://github.com/alibaba/yalantinglibs/issues/1210,CWE-590;CWE-761;CWE-763
gh:454,GitHub,statement,asker,False,D4,Deallocation,"Is the pointer valid to free right now (initialized, not already freed, not dangling)?",https://github.com/NeoDOS-Project/NeoDOS/issues/476,https://github.com/NeoDOS-Project/NeoDOS/issues/476#issuecomment-5983028371,
gh:454,GitHub,statement,asker,False,O1,Ownership,Who is responsible for releasing this memory (caller vs. callee contract)?,https://github.com/NeoDOS-Project/NeoDOS/issues/476,https://github.com/NeoDOS-Project/NeoDOS/issues/476#issuecomment-5983028371,
gh:455,GitHub,statement,asker,False,O1,Ownership,Who is responsible for releasing this memory (caller vs. callee contract)?,https://github.com/NeoDOS-Project/NeoDOS/issues/476,https://github.com/NeoDOS-Project/NeoDOS/issues/476#issuecomment-5983487912,
gh:460,GitHub,statement,asker,False,D4,Deallocation,"Is the pointer valid to free right now (initialized, not already freed, not dangling)?",https://github.com/ryanbreen/breenix/issues/638,https://github.com/ryanbreen/breenix/issues/638,CWE-763
gh:461,GitHub,statement,asker,False,D4,Deallocation,"Is the pointer valid to free right now (initialized, not already freed, not dangling)?",https://github.com/ryanbreen/breenix/issues/638,https://github.com/ryanbreen/breenix/issues/638,CWE-763
gh:463,GitHub,statement,asker,False,A3,Allocation,Which allocator family produced this pointer (malloc/new/new[]/custom/library)?,https://github.com/n00b-lang/n00b/issues/228,https://github.com/n00b-lang/n00b/issues/228,CWE-590;CWE-763
gh:463,GitHub,statement,asker,False,D4,Deallocation,"Is the pointer valid to free right now (initialized, not already freed, not dangling)?",https://github.com/n00b-lang/n00b/issues/228,https://github.com/n00b-lang/n00b/issues/228,CWE-590;CWE-763
gh:465,GitHub,statement,asker,False,D4,Deallocation,"Is the pointer valid to free right now (initialized, not already freed, not dangling)?",https://github.com/n00b-lang/n00b/issues/228,https://github.com/n00b-lang/n00b/issues/228,CWE-590;CWE-763
gh:470,GitHub,statement,asker,False,D4,Deallocation,"Is the pointer valid to free right now (initialized, not already freed, not dangling)?",https://github.com/jphein/esp32c6-watch/issues/66,https://github.com/jphein/esp32c6-watch/issues/66#issuecomment-5119636890,
gh:470,GitHub,statement,asker,False,D2,Deallocation,Is the pointer passed to free exactly the one the allocator returned (not offset/advanced)?,https://github.com/jphein/esp32c6-watch/issues/66,https://github.com/jphein/esp32c6-watch/issues/66#issuecomment-5119636890,
gh:474,GitHub,statement,asker,False,D4,Deallocation,"Is the pointer valid to free right now (initialized, not already freed, not dangling)?",https://github.com/jphein/esp32c6-watch/issues/66,https://github.com/jphein/esp32c6-watch/issues/66#issuecomment-5119636890,
gh:475,GitHub,statement,asker,False,R4,Report interpretation,Where was the block allocated / where does the leak or bad free originate?,https://github.com/jphein/esp32c6-watch/issues/66,https://github.com/jphein/esp32c6-watch/issues/66#issuecomment-5119636890,
gh:477,GitHub,statement,asker,False,A1,Allocation,"Is this memory on the heap at all (vs. stack, static, string literal)?",https://github.com/Canotas/rsyslog/issues/12,https://github.com/Canotas/rsyslog/issues/12,CWE-590
gh:478,GitHub,statement,asker,False,A1,Allocation,"Is this memory on the heap at all (vs. stack, static, string literal)?",https://github.com/Canotas/rsyslog/issues/12,https://github.com/Canotas/rsyslog/issues/12,CWE-590
gh:481,GitHub,statement,asker,False,A1,Allocation,"Is this memory on the heap at all (vs. stack, static, string literal)?",https://github.com/briar-systems/mach/issues/3865,https://github.com/briar-systems/mach/issues/3865,CWE-590;CWE-401
gh:481,GitHub,statement,asker,False,O1,Ownership,Who is responsible for releasing this memory (caller vs. callee contract)?,https://github.com/briar-systems/mach/issues/3865,https://github.com/briar-systems/mach/issues/3865,CWE-590;CWE-401
gh:482,GitHub,statement,asker,False,D1,Deallocation,"Is there a matching release for this allocation, and where should it go?",https://github.com/briar-systems/mach/issues/3865,https://github.com/briar-systems/mach/issues/3865,CWE-590;CWE-401
gh:483,GitHub,statement,asker,False,O1,Ownership,Who is responsible for releasing this memory (caller vs. callee contract)?,https://github.com/briar-systems/mach/issues/3865,https://github.com/briar-systems/mach/issues/3865,CWE-590;CWE-401
gh:484,GitHub,statement,asker,False,O1,Ownership,Who is responsible for releasing this memory (caller vs. callee contract)?,https://github.com/briar-systems/mach/issues/3865,https://github.com/briar-systems/mach/issues/3865,CWE-590;CWE-401
gh:485,GitHub,statement,asker,False,R2,Report interpretation,"What does the tool's report category or runtime error mean (definitely/indirectly/possibly lost, still reachable, suppressed, invalid pointer)?",https://github.com/ofiwg/libfabric/issues/12928,https://github.com/ofiwg/libfabric/issues/12928,CWE-590;CWE-763
gh:486,GitHub,statement,asker,False,A1,Allocation,"Is this memory on the heap at all (vs. stack, static, string literal)?",https://github.com/ofiwg/libfabric/issues/12928,https://github.com/ofiwg/libfabric/issues/12928,CWE-590;CWE-763
gh:487,GitHub,statement,asker,False,A1,Allocation,"Is this memory on the heap at all (vs. stack, static, string literal)?",https://github.com/ofiwg/libfabric/issues/12928,https://github.com/ofiwg/libfabric/issues/12928,CWE-590;CWE-763
gh:487,GitHub,statement,asker,False,O1,Ownership,Who is responsible for releasing this memory (caller vs. callee contract)?,https://github.com/ofiwg/libfabric/issues/12928,https://github.com/ofiwg/libfabric/issues/12928,CWE-590;CWE-763
gh:488,GitHub,statement,asker,False,X1,Cross-module,"Are allocation and release done by the same module/runtime heap (DLL, CRT, FFI boundary)?",https://github.com/ofiwg/libfabric/issues/12928,https://github.com/ofiwg/libfabric/issues/12928,CWE-590;CWE-763
gh:488,GitHub,statement,asker,False,D4,Deallocation,"Is the pointer valid to free right now (initialized, not already freed, not dangling)?",https://github.com/ofiwg/libfabric/issues/12928,https://github.com/ofiwg/libfabric/issues/12928,CWE-590;CWE-763
gh:489,GitHub,statement,responder,False,A1,Allocation,"Is this memory on the heap at all (vs. stack, static, string literal)?",https://github.com/ofiwg/libfabric/issues/12928,https://github.com/ofiwg/libfabric/issues/12928#issuecomment-5913716101,CWE-590;CWE-763
gh:490,GitHub,statement,responder,False,A1,Allocation,"Is this memory on the heap at all (vs. stack, static, string literal)?",https://github.com/ofiwg/libfabric/issues/12928,https://github.com/ofiwg/libfabric/issues/12928#issuecomment-5913716101,CWE-590;CWE-763
gh:490,GitHub,statement,responder,False,C1,Control flow,"Is the memory released on every path: error handling, early return, exceptions, longjmp?",https://github.com/ofiwg/libfabric/issues/12928,https://github.com/ofiwg/libfabric/issues/12928#issuecomment-5913716101,CWE-590;CWE-763
gh:491,GitHub,statement,responder,False,O1,Ownership,Who is responsible for releasing this memory (caller vs. callee contract)?,https://github.com/ofiwg/libfabric/issues/12928,https://github.com/ofiwg/libfabric/issues/12928#issuecomment-5913716101,CWE-590;CWE-763
gh:491,GitHub,statement,responder,False,A1,Allocation,"Is this memory on the heap at all (vs. stack, static, string literal)?",https://github.com/ofiwg/libfabric/issues/12928,https://github.com/ofiwg/libfabric/issues/12928#issuecomment-5913716101,CWE-590;CWE-763
gh:492,GitHub,statement,responder,False,O1,Ownership,Who is responsible for releasing this memory (caller vs. callee contract)?,https://github.com/ofiwg/libfabric/issues/12928,https://github.com/ofiwg/libfabric/issues/12928#issuecomment-5913716101,CWE-590;CWE-763
gh:493,GitHub,statement,responder,False,C1,Control flow,"Is the memory released on every path: error handling, early return, exceptions, longjmp?",https://github.com/ofiwg/libfabric/issues/12928,https://github.com/ofiwg/libfabric/issues/12928#issuecomment-5913716101,CWE-590;CWE-763
gh:494,GitHub,statement,responder,False,V1,Report interpretation,"Is the suspected leak/invalid free real, or a false positive / benign report?",https://github.com/ofiwg/libfabric/issues/12928,https://github.com/ofiwg/libfabric/issues/12928#issuecomment-5914122811,CWE-590;CWE-763
gh:495,GitHub,statement,asker,False,D4,Deallocation,"Is the pointer valid to free right now (initialized, not already freed, not dangling)?",https://github.com/netblue30/firejail/issues/3662,https://github.com/netblue30/firejail/issues/3662,CWE-763
gh:496,GitHub,statement,asker,False,T1,Non-diagnostic,"Triage: reproducer, full trace, version, build flags",https://github.com/netblue30/firejail/issues/3662,https://github.com/netblue30/firejail/issues/3662,CWE-763
gh:497,GitHub,statement,asker,False,O2,Ownership,"Was ownership transferred (to a container, smart pointer, library, or object), so someone else releases it?",https://github.com/netblue30/firejail/issues/3662,https://github.com/netblue30/firejail/issues/3662#issuecomment-706780608,CWE-763
gh:498,GitHub,statement,asker,False,O2,Ownership,"Was ownership transferred (to a container, smart pointer, library, or object), so someone else releases it?",https://github.com/netblue30/firejail/issues/3662,https://github.com/netblue30/firejail/issues/3662#issuecomment-706780608,CWE-763
gh:498,GitHub,statement,asker,False,A1,Allocation,"Is this memory on the heap at all (vs. stack, static, string literal)?",https://github.com/netblue30/firejail/issues/3662,https://github.com/netblue30/firejail/issues/3662#issuecomment-706780608,CWE-763
gh:504,GitHub,statement,asker,False,R4,Report interpretation,Where was the block allocated / where does the leak or bad free originate?,https://github.com/zowe/zowe-common-c/issues/718,https://github.com/zowe/zowe-common-c/issues/718,CWE-401
gh:506,GitHub,statement,asker,False,E3,Escape / aliasing,"Do other aliases or copies refer to the same block (shallow copy, copy ctor, two owners)?",https://github.com/zowe/zowe-common-c/issues/718,https://github.com/zowe/zowe-common-c/issues/718,CWE-401
gh:506,GitHub,statement,asker,False,O1,Ownership,Who is responsible for releasing this memory (caller vs. callee contract)?,https://github.com/zowe/zowe-common-c/issues/718,https://github.com/zowe/zowe-common-c/issues/718,CWE-401
gh:507,GitHub,statement,asker,False,D3,Deallocation,Is the deallocator the right one for the allocator (free vs delete vs delete[] vs library free)?,https://github.com/zowe/zowe-common-c/issues/718,https://github.com/zowe/zowe-common-c/issues/718,CWE-401
gh:509,GitHub,statement,asker,False,L2,Lifetime,"Is the object destroyed when its lifetime ends (scope exit, destructor called, virtual destructor)?",https://github.com/Mitotow/c-http-server/issues/1,https://github.com/Mitotow/c-http-server/issues/1,CWE-401
gh:510,GitHub,statement,asker,False,C1,Control flow,"Is the memory released on every path: error handling, early return, exceptions, longjmp?",https://github.com/Mitotow/c-http-server/issues/1,https://github.com/Mitotow/c-http-server/issues/1,CWE-401
gh:511,GitHub,statement,asker,False,D4,Deallocation,"Is the pointer valid to free right now (initialized, not already freed, not dangling)?",https://github.com/Mitotow/c-http-server/issues/1,https://github.com/Mitotow/c-http-server/issues/1,CWE-401
gh:512,GitHub,statement,asker,False,L4,Lifetime,Are threads joined/detached so that their resources are released?,https://github.com/Mitotow/c-http-server/issues/1,https://github.com/Mitotow/c-http-server/issues/1,CWE-401
gh:512,GitHub,statement,asker,False,O1,Ownership,Who is responsible for releasing this memory (caller vs. callee contract)?,https://github.com/Mitotow/c-http-server/issues/1,https://github.com/Mitotow/c-http-server/issues/1,CWE-401
gh:513,GitHub,statement,asker,False,N2,Composite cleanup,Is a reference cycle or refcount imbalance preventing release?,https://github.com/Mitotow/c-http-server/issues/1,https://github.com/Mitotow/c-http-server/issues/1,CWE-401
gh:514,GitHub,statement,asker,False,C1,Control flow,"Is the memory released on every path: error handling, early return, exceptions, longjmp?",https://github.com/Mitotow/c-http-server/issues/1,https://github.com/Mitotow/c-http-server/issues/1,CWE-401
gh:516,GitHub,statement,asker,False,O1,Ownership,Who is responsible for releasing this memory (caller vs. callee contract)?,https://github.com/Mitotow/c-http-server/issues/1,https://github.com/Mitotow/c-http-server/issues/1,CWE-401
gh:516,GitHub,statement,asker,False,D4,Deallocation,"Is the pointer valid to free right now (initialized, not already freed, not dangling)?",https://github.com/Mitotow/c-http-server/issues/1,https://github.com/Mitotow/c-http-server/issues/1,CWE-401
gh:517,GitHub,statement,asker,False,O1,Ownership,Who is responsible for releasing this memory (caller vs. callee contract)?,https://github.com/Mitotow/c-http-server/issues/1,https://github.com/Mitotow/c-http-server/issues/1,CWE-401
gh:518,GitHub,statement,asker,False,L3,Lifetime,"Does memory keep growing with repetitions (retained longer than needed, unbounded growth)?",https://github.com/Mitotow/c-http-server/issues/1,https://github.com/Mitotow/c-http-server/issues/1,CWE-401
gh:519,GitHub,statement,asker,False,O1,Ownership,Who is responsible for releasing this memory (caller vs. callee contract)?,https://github.com/Mitotow/c-http-server/issues/1,https://github.com/Mitotow/c-http-server/issues/1,CWE-401
gh:520,GitHub,statement,asker,False,T1,Non-diagnostic,"Triage: reproducer, full trace, version, build flags",https://github.com/Mitotow/c-http-server/issues/1,https://github.com/Mitotow/c-http-server/issues/1,CWE-401
gh:521,GitHub,statement,asker,False,R5,Report interpretation,"How do I detect, configure, or suppress this with the tool?",https://github.com/Mitotow/c-http-server/issues/1,https://github.com/Mitotow/c-http-server/issues/1,CWE-401
gh:524,GitHub,statement,asker,False,D3,Deallocation,Is the deallocator the right one for the allocator (free vs delete vs delete[] vs library free)?,https://github.com/pocketpy/pocketpy/issues/541,https://github.com/pocketpy/pocketpy/issues/541,CWE-459;CWE-401
gh:525,GitHub,statement,responder,False,A4,Allocation,"Is the allocation size bounded and validated (untrusted input, overflow, huge/negative size, failure)?",https://github.com/pocketpy/pocketpy/issues/541,https://github.com/pocketpy/pocketpy/issues/541#issuecomment-5705852653,CWE-459;CWE-401
gh:526,GitHub,statement,asker,False,T1,Non-diagnostic,"Triage: reproducer, full trace, version, build flags",https://github.com/swftools/swftools/issues/239,https://github.com/swftools/swftools/issues/239,
gh:527,GitHub,statement,asker,False,T1,Non-diagnostic,"Triage: reproducer, full trace, version, build flags",https://github.com/swftools/swftools/issues/239,https://github.com/swftools/swftools/issues/239#issuecomment-2780218965,
gh:528,GitHub,statement,asker,False,T1,Non-diagnostic,"Triage: reproducer, full trace, version, build flags",https://github.com/juce-framework/JUCE/issues/1565,https://github.com/juce-framework/JUCE/issues/1565,CWE-590;CWE-761
gh:530,GitHub,statement,asker,False,D4,Deallocation,"Is the pointer valid to free right now (initialized, not already freed, not dangling)?",https://github.com/Perl/perl5/issues/15769,https://github.com/Perl/perl5/issues/15769#issuecomment-544086358,CWE-590
gh:531,GitHub,statement,asker,False,N2,Composite cleanup,Is a reference cycle or refcount imbalance preventing release?,https://github.com/Perl/perl5/issues/15769,https://github.com/Perl/perl5/issues/15769#issuecomment-544086358,CWE-590
gh:533,GitHub,statement,asker,False,D3,Deallocation,Is the deallocator the right one for the allocator (free vs delete vs delete[] vs library free)?,https://github.com/scylladb/seastar/issues/111,https://github.com/scylladb/seastar/issues/111,CWE-762
gh:533,GitHub,statement,asker,False,A3,Allocation,Which allocator family produced this pointer (malloc/new/new[]/custom/library)?,https://github.com/scylladb/seastar/issues/111,https://github.com/scylladb/seastar/issues/111,CWE-762
gh:534,GitHub,statement,asker,False,T1,Non-diagnostic,"Triage: reproducer, full trace, version, build flags",https://github.com/cmu462/DrawSVG/issues/12,https://github.com/cmu462/DrawSVG/issues/12,CWE-762;CWE-761
gh:535,GitHub,statement,asker,False,D3,Deallocation,Is the deallocator the right one for the allocator (free vs delete vs delete[] vs library free)?,https://github.com/justdan96/tsMuxer/issues/778,https://github.com/justdan96/tsMuxer/issues/778,CWE-762;CWE-761;CWE-459
gh:536,GitHub,statement,asker,False,T1,Non-diagnostic,"Triage: reproducer, full trace, version, build flags",https://github.com/justdan96/tsMuxer/issues/778,https://github.com/justdan96/tsMuxer/issues/778,CWE-762;CWE-761;CWE-459
gh:537,GitHub,statement,responder,True,D3,Deallocation,Is the deallocator the right one for the allocator (free vs delete vs delete[] vs library free)?,https://github.com/justdan96/tsMuxer/issues/778,https://github.com/justdan96/tsMuxer/issues/778#issuecomment-1772427170,CWE-762;CWE-761;CWE-459
gh:538,GitHub,statement,responder,True,D3,Deallocation,Is the deallocator the right one for the allocator (free vs delete vs delete[] vs library free)?,https://github.com/justdan96/tsMuxer/issues/778,https://github.com/justdan96/tsMuxer/issues/778#issuecomment-1772427170,CWE-762;CWE-761;CWE-459
gh:539,GitHub,statement,asker,False,T1,Non-diagnostic,"Triage: reproducer, full trace, version, build flags",https://github.com/dsidavis/pdftohtml/issues/6,https://github.com/dsidavis/pdftohtml/issues/6,CWE-762;CWE-761
gh:540,GitHub,statement,asker,False,D3,Deallocation,Is the deallocator the right one for the allocator (free vs delete vs delete[] vs library free)?,https://github.com/flexpaper/pdf2json/issues/20,https://github.com/flexpaper/pdf2json/issues/20,CWE-762;CWE-761
gh:541,GitHub,statement,asker,False,D3,Deallocation,Is the deallocator the right one for the allocator (free vs delete vs delete[] vs library free)?,https://github.com/flexpaper/pdf2json/issues/19,https://github.com/flexpaper/pdf2json/issues/19,CWE-762;CWE-761
gh:542,GitHub,statement,asker,False,R4,Report interpretation,Where was the block allocated / where does the leak or bad free originate?,https://github.com/jackaudio/jack2/issues/237,https://github.com/jackaudio/jack2/issues/237#issuecomment-260292223,CWE-762
gh:543,GitHub,statement,asker,False,R4,Report interpretation,Where was the block allocated / where does the leak or bad free originate?,https://github.com/jackaudio/jack2/issues/237,https://github.com/jackaudio/jack2/issues/237#issuecomment-260292507,CWE-762
gh:544,GitHub,statement,responder,False,A3,Allocation,Which allocator family produced this pointer (malloc/new/new[]/custom/library)?,https://github.com/jackaudio/jack2/issues/237,https://github.com/jackaudio/jack2/issues/237#issuecomment-272830178,CWE-762
gh:545,GitHub,statement,asker,False,D3,Deallocation,Is the deallocator the right one for the allocator (free vs delete vs delete[] vs library free)?,https://github.com/dilawar/sound/issues/4,https://github.com/dilawar/sound/issues/4,CWE-762;CWE-761
gh:547,GitHub,statement,asker,False,D3,Deallocation,Is the deallocator the right one for the allocator (free vs delete vs delete[] vs library free)?,https://github.com/MythTV/mythtv/issues/1485,https://github.com/MythTV/mythtv/issues/1485,CWE-762;CWE-761
gh:548,GitHub,statement,asker,False,A3,Allocation,Which allocator family produced this pointer (malloc/new/new[]/custom/library)?,https://github.com/llvm/llvm-project/issues/32304,https://github.com/llvm/llvm-project/issues/32304,CWE-762;CWE-761
gh:548,GitHub,statement,asker,False,D3,Deallocation,Is the deallocator the right one for the allocator (free vs delete vs delete[] vs library free)?,https://github.com/llvm/llvm-project/issues/32304,https://github.com/llvm/llvm-project/issues/32304,CWE-762;CWE-761
gh:549,GitHub,statement,asker,False,D3,Deallocation,Is the deallocator the right one for the allocator (free vs delete vs delete[] vs library free)?,https://github.com/NanoMichael/MicroTeX/issues/193,https://github.com/NanoMichael/MicroTeX/issues/193,CWE-762
gh:550,GitHub,statement,asker,False,D3,Deallocation,Is the deallocator the right one for the allocator (free vs delete vs delete[] vs library free)?,https://github.com/thorvg/thorvg/issues/4874,https://github.com/thorvg/thorvg/issues/4874,CWE-762
gh:551,GitHub,statement,asker,False,R2,Report interpretation,"What does the tool's report category or runtime error mean (definitely/indirectly/possibly lost, still reachable, suppressed, invalid pointer)?",https://github.com/BoiseState-AdaptLab/adapt-lidar-tools/issues/242,https://github.com/BoiseState-AdaptLab/adapt-lidar-tools/issues/242#issuecomment-518811748,CWE-762
gh:552,GitHub,statement,asker,False,R3,Report interpretation,"Is the report caused by my code, or by a library, runtime, or the tool itself?",https://github.com/dart-lang/sdk/issues/47346,https://github.com/dart-lang/sdk/issues/47346,CWE-762;CWE-459;CWE-401
gh:552,GitHub,statement,asker,False,D3,Deallocation,Is the deallocator the right one for the allocator (free vs delete vs delete[] vs library free)?,https://github.com/dart-lang/sdk/issues/47346,https://github.com/dart-lang/sdk/issues/47346,CWE-762;CWE-459;CWE-401
gh:553,GitHub,statement,asker,False,D3,Deallocation,Is the deallocator the right one for the allocator (free vs delete vs delete[] vs library free)?,https://github.com/yandex/faster-rnnlm/issues/49,https://github.com/yandex/faster-rnnlm/issues/49,CWE-762;CWE-401
gh:554,GitHub,statement,asker,False,D3,Deallocation,Is the deallocator the right one for the allocator (free vs delete vs delete[] vs library free)?,https://github.com/yandex/faster-rnnlm/issues/49,https://github.com/yandex/faster-rnnlm/issues/49,CWE-762;CWE-401
gh:555,GitHub,statement,asker,False,D3,Deallocation,Is the deallocator the right one for the allocator (free vs delete vs delete[] vs library free)?,https://github.com/crazy-goat/php-zvec/issues/228,https://github.com/crazy-goat/php-zvec/issues/228,CWE-762
gh:556,GitHub,statement,asker,False,X1,Cross-module,"Are allocation and release done by the same module/runtime heap (DLL, CRT, FFI boundary)?",https://github.com/crazy-goat/php-zvec/issues/228,https://github.com/crazy-goat/php-zvec/issues/228,CWE-762
gh:556,GitHub,statement,asker,False,A3,Allocation,Which allocator family produced this pointer (malloc/new/new[]/custom/library)?,https://github.com/crazy-goat/php-zvec/issues/228,https://github.com/crazy-goat/php-zvec/issues/228,CWE-762
gh:557,GitHub,statement,asker,False,X1,Cross-module,"Are allocation and release done by the same module/runtime heap (DLL, CRT, FFI boundary)?",https://github.com/crazy-goat/php-zvec/issues/228,https://github.com/crazy-goat/php-zvec/issues/228,CWE-762
gh:558,GitHub,statement,asker,False,X1,Cross-module,"Are allocation and release done by the same module/runtime heap (DLL, CRT, FFI boundary)?",https://github.com/crazy-goat/php-zvec/issues/228,https://github.com/crazy-goat/php-zvec/issues/228,CWE-762
gh:558,GitHub,statement,asker,False,V1,Report interpretation,"Is the suspected leak/invalid free real, or a false positive / benign report?",https://github.com/crazy-goat/php-zvec/issues/228,https://github.com/crazy-goat/php-zvec/issues/228,CWE-762
gh:561,GitHub,statement,asker,False,X1,Cross-module,"Are allocation and release done by the same module/runtime heap (DLL, CRT, FFI boundary)?",https://github.com/crazy-goat/php-zvec/issues/228,https://github.com/crazy-goat/php-zvec/issues/228#issuecomment-5875287755,CWE-762
gh:561,GitHub,statement,asker,False,V1,Report interpretation,"Is the suspected leak/invalid free real, or a false positive / benign report?",https://github.com/crazy-goat/php-zvec/issues/228,https://github.com/crazy-goat/php-zvec/issues/228#issuecomment-5875287755,CWE-762
gh:562,GitHub,statement,asker,False,T1,Non-diagnostic,"Triage: reproducer, full trace, version, build flags",https://github.com/crazy-goat/php-zvec/issues/228,https://github.com/crazy-goat/php-zvec/issues/228#issuecomment-5875287755,CWE-762
gh:563,GitHub,statement,asker,False,D3,Deallocation,Is the deallocator the right one for the allocator (free vs delete vs delete[] vs library free)?,https://github.com/crazy-goat/php-zvec/issues/228,https://github.com/crazy-goat/php-zvec/issues/228#issuecomment-5875302884,CWE-762
gh:564,GitHub,statement,asker,False,A3,Allocation,Which allocator family produced this pointer (malloc/new/new[]/custom/library)?,https://github.com/crazy-goat/php-zvec/issues/228,https://github.com/crazy-goat/php-zvec/issues/228#issuecomment-5875302884,CWE-762
gh:565,GitHub,statement,asker,False,D3,Deallocation,Is the deallocator the right one for the allocator (free vs delete vs delete[] vs library free)?,https://github.com/crazy-goat/php-zvec/issues/228,https://github.com/crazy-goat/php-zvec/issues/228#issuecomment-5875302884,CWE-762
gh:568,GitHub,statement,asker,False,D3,Deallocation,Is the deallocator the right one for the allocator (free vs delete vs delete[] vs library free)?,https://github.com/kriszyp/lmdb-js/issues/300,https://github.com/kriszyp/lmdb-js/issues/300,CWE-762;CWE-459;CWE-401
gh:569,GitHub,statement,asker,False,D3,Deallocation,Is the deallocator the right one for the allocator (free vs delete vs delete[] vs library free)?,https://github.com/OpenGene/fastp/issues/625,https://github.com/OpenGene/fastp/issues/625,CWE-762;CWE-459;CWE-401
gh:571,GitHub,statement,asker,False,L2,Lifetime,"Is the object destroyed when its lifetime ends (scope exit, destructor called, virtual destructor)?",https://github.com/DOI-USGS/ISIS3/issues/6160,https://github.com/DOI-USGS/ISIS3/issues/6160,CWE-459;CWE-401
gh:571,GitHub,statement,asker,False,D3,Deallocation,Is the deallocator the right one for the allocator (free vs delete vs delete[] vs library free)?,https://github.com/DOI-USGS/ISIS3/issues/6160,https://github.com/DOI-USGS/ISIS3/issues/6160,CWE-459;CWE-401
gh:572,GitHub,statement,asker,False,D3,Deallocation,Is the deallocator the right one for the allocator (free vs delete vs delete[] vs library free)?,https://github.com/DOI-USGS/ISIS3/issues/6160,https://github.com/DOI-USGS/ISIS3/issues/6160,CWE-459;CWE-401
gh:573,GitHub,statement,asker,False,L2,Lifetime,"Is the object destroyed when its lifetime ends (scope exit, destructor called, virtual destructor)?",https://github.com/DOI-USGS/ISIS3/issues/6160,https://github.com/DOI-USGS/ISIS3/issues/6160,CWE-459;CWE-401
gh:573,GitHub,statement,asker,False,D3,Deallocation,Is the deallocator the right one for the allocator (free vs delete vs delete[] vs library free)?,https://github.com/DOI-USGS/ISIS3/issues/6160,https://github.com/DOI-USGS/ISIS3/issues/6160,CWE-459;CWE-401
gh:574,GitHub,statement,asker,False,L2,Lifetime,"Is the object destroyed when its lifetime ends (scope exit, destructor called, virtual destructor)?",https://github.com/DOI-USGS/ISIS3/issues/6160,https://github.com/DOI-USGS/ISIS3/issues/6160,CWE-459;CWE-401
gh:576,GitHub,statement,asker,False,R3,Report interpretation,"Is the report caused by my code, or by a library, runtime, or the tool itself?",https://github.com/microsoft/mimalloc/issues/251,https://github.com/microsoft/mimalloc/issues/251,CWE-762
gh:576,GitHub,statement,asker,False,D3,Deallocation,Is the deallocator the right one for the allocator (free vs delete vs delete[] vs library free)?,https://github.com/microsoft/mimalloc/issues/251,https://github.com/microsoft/mimalloc/issues/251,CWE-762
gh:577,GitHub,statement,responder,True,V1,Report interpretation,"Is the suspected leak/invalid free real, or a false positive / benign report?",https://github.com/microsoft/mimalloc/issues/251,https://github.com/microsoft/mimalloc/issues/251#issuecomment-959683104,CWE-762
gh:578,GitHub,statement,asker,False,D3,Deallocation,Is the deallocator the right one for the allocator (free vs delete vs delete[] vs library free)?,https://github.com/brianly/hobocopy/issues/6,https://github.com/brianly/hobocopy/issues/6,CWE-762
gh:579,GitHub,statement,asker,False,T1,Non-diagnostic,"Triage: reproducer, full trace, version, build flags",https://github.com/chriskohlhoff/asio/issues/1391,https://github.com/chriskohlhoff/asio/issues/1391,CWE-762
gh:580,GitHub,statement,asker,False,T1,Non-diagnostic,"Triage: reproducer, full trace, version, build flags",https://github.com/chriskohlhoff/asio/issues/1391,https://github.com/chriskohlhoff/asio/issues/1391,CWE-762
gh:581,GitHub,statement,asker,False,D3,Deallocation,Is the deallocator the right one for the allocator (free vs delete vs delete[] vs library free)?,https://github.com/llvm/llvm-project/issues/52997,https://github.com/llvm/llvm-project/issues/52997,CWE-762
gh:582,GitHub,statement,responder,False,V1,Report interpretation,"Is the suspected leak/invalid free real, or a false positive / benign report?",https://github.com/llvm/llvm-project/issues/52997,https://github.com/llvm/llvm-project/issues/52997#issuecomment-1139864415,CWE-762
gh:582,GitHub,statement,responder,False,D3,Deallocation,Is the deallocator the right one for the allocator (free vs delete vs delete[] vs library free)?,https://github.com/llvm/llvm-project/issues/52997,https://github.com/llvm/llvm-project/issues/52997#issuecomment-1139864415,CWE-762
gh:583,GitHub,statement,asker,False,D3,Deallocation,Is the deallocator the right one for the allocator (free vs delete vs delete[] vs library free)?,https://github.com/boostorg/cobalt/issues/7,https://github.com/boostorg/cobalt/issues/7,CWE-762
gh:584,GitHub,statement,asker,False,V1,Report interpretation,"Is the suspected leak/invalid free real, or a false positive / benign report?",https://github.com/boostorg/cobalt/issues/7,https://github.com/boostorg/cobalt/issues/7,CWE-762
gh:585,GitHub,statement,asker,False,V1,Report interpretation,"Is the suspected leak/invalid free real, or a false positive / benign report?",https://github.com/boostorg/cobalt/issues/7,https://github.com/boostorg/cobalt/issues/7#issuecomment-1614462691,CWE-762
gh:587,GitHub,statement,responder,True,V1,Report interpretation,"Is the suspected leak/invalid free real, or a false positive / benign report?",https://github.com/boostorg/cobalt/issues/7,https://github.com/boostorg/cobalt/issues/7#issuecomment-1691280524,CWE-762
gh:588,GitHub,statement,responder,False,T1,Non-diagnostic,"Triage: reproducer, full trace, version, build flags",https://github.com/boostorg/cobalt/issues/7,https://github.com/boostorg/cobalt/issues/7#issuecomment-2821383820,CWE-762
gh:589,GitHub,statement,responder,False,T1,Non-diagnostic,"Triage: reproducer, full trace, version, build flags",https://github.com/boostorg/cobalt/issues/7,https://github.com/boostorg/cobalt/issues/7#issuecomment-2821383820,CWE-762
gh:590,GitHub,statement,responder,True,T1,Non-diagnostic,"Triage: reproducer, full trace, version, build flags",https://github.com/narzoul/DDrawCompat/issues/625,https://github.com/narzoul/DDrawCompat/issues/625#issuecomment-5819971319,
gh:591,GitHub,statement,responder,True,T1,Non-diagnostic,"Triage: reproducer, full trace, version, build flags",https://github.com/narzoul/DDrawCompat/issues/625,https://github.com/narzoul/DDrawCompat/issues/625#issuecomment-5819971319,
gh:593,GitHub,statement,responder,True,T1,Non-diagnostic,"Triage: reproducer, full trace, version, build flags",https://github.com/narzoul/DDrawCompat/issues/625,https://github.com/narzoul/DDrawCompat/issues/625#issuecomment-5821905606,
gh:594,GitHub,statement,asker,False,T1,Non-diagnostic,"Triage: reproducer, full trace, version, build flags",https://github.com/narzoul/DDrawCompat/issues/625,https://github.com/narzoul/DDrawCompat/issues/625#issuecomment-5822369903,
gh:595,GitHub,statement,asker,False,T1,Non-diagnostic,"Triage: reproducer, full trace, version, build flags",https://github.com/narzoul/DDrawCompat/issues/625,https://github.com/narzoul/DDrawCompat/issues/625#issuecomment-5822369903,
gh:596,GitHub,statement,responder,True,A4,Allocation,"Is the allocation size bounded and validated (untrusted input, overflow, huge/negative size, failure)?",https://github.com/narzoul/DDrawCompat/issues/625,https://github.com/narzoul/DDrawCompat/issues/625#issuecomment-5823122305,
gh:598,GitHub,statement,asker,False,A4,Allocation,"Is the allocation size bounded and validated (untrusted input, overflow, huge/negative size, failure)?",https://github.com/narzoul/DDrawCompat/issues/625,https://github.com/narzoul/DDrawCompat/issues/625#issuecomment-5828711713,
gh:599,GitHub,statement,asker,False,T1,Non-diagnostic,"Triage: reproducer, full trace, version, build flags",https://github.com/flutter/flutter/issues/188635,https://github.com/flutter/flutter/issues/188635,
gh:603,GitHub,statement,responder,False,X1,Cross-module,"Are allocation and release done by the same module/runtime heap (DLL, CRT, FFI boundary)?",https://github.com/flutter/flutter/issues/188635,https://github.com/flutter/flutter/issues/188635#issuecomment-4811343478,
gh:604,GitHub,statement,responder,False,T1,Non-diagnostic,"Triage: reproducer, full trace, version, build flags",https://github.com/flutter/flutter/issues/188635,https://github.com/flutter/flutter/issues/188635#issuecomment-4811343478,
gh:605,GitHub,statement,responder,True,T1,Non-diagnostic,"Triage: reproducer, full trace, version, build flags",https://github.com/flutter/flutter/issues/188635,https://github.com/flutter/flutter/issues/188635#issuecomment-4830618069,
gh:606,GitHub,statement,asker,False,X1,Cross-module,"Are allocation and release done by the same module/runtime heap (DLL, CRT, FFI boundary)?",https://github.com/pnggroup/libpng/issues/429,https://github.com/pnggroup/libpng/issues/429,
gh:607,GitHub,statement,responder,False,C1,Control flow,"Is the memory released on every path: error handling, early return, exceptions, longjmp?",https://github.com/pnggroup/libpng/issues/429,https://github.com/pnggroup/libpng/issues/429#issuecomment-1329153824,
gh:608,GitHub,statement,asker,False,T1,Non-diagnostic,"Triage: reproducer, full trace, version, build flags",https://github.com/glyn/ipc-channel-mux/issues/33,https://github.com/glyn/ipc-channel-mux/issues/33#issuecomment-4162682518,
gh:609,GitHub,statement,asker,False,D4,Deallocation,"Is the pointer valid to free right now (initialized, not already freed, not dangling)?",https://github.com/glyn/ipc-channel-mux/issues/33,https://github.com/glyn/ipc-channel-mux/issues/33#issuecomment-4162682518,
gh:611,GitHub,statement,asker,False,D4,Deallocation,"Is the pointer valid to free right now (initialized, not already freed, not dangling)?",https://github.com/glyn/ipc-channel-mux/issues/33,https://github.com/glyn/ipc-channel-mux/issues/33#issuecomment-4162682518,
gh:612,GitHub,statement,asker,False,D4,Deallocation,"Is the pointer valid to free right now (initialized, not already freed, not dangling)?",https://github.com/glyn/ipc-channel-mux/issues/33,https://github.com/glyn/ipc-channel-mux/issues/33#issuecomment-4162682518,
gh:615,GitHub,statement,asker,False,D4,Deallocation,"Is the pointer valid to free right now (initialized, not already freed, not dangling)?",https://github.com/anthropics/claude-code/issues/21875,https://github.com/anthropics/claude-code/issues/21875#issuecomment-3856073936,
gh:616,GitHub,statement,asker,False,D4,Deallocation,"Is the pointer valid to free right now (initialized, not already freed, not dangling)?",https://github.com/anthropics/claude-code/issues/21875,https://github.com/anthropics/claude-code/issues/21875#issuecomment-3856073936,
gh:617,GitHub,statement,asker,False,D4,Deallocation,"Is the pointer valid to free right now (initialized, not already freed, not dangling)?",https://github.com/anthropics/claude-code/issues/21875,https://github.com/anthropics/claude-code/issues/21875#issuecomment-3856073936,
gh:617,GitHub,statement,asker,False,L2,Lifetime,"Is the object destroyed when its lifetime ends (scope exit, destructor called, virtual destructor)?",https://github.com/anthropics/claude-code/issues/21875,https://github.com/anthropics/claude-code/issues/21875#issuecomment-3856073936,
gh:620,GitHub,statement,asker,False,D4,Deallocation,"Is the pointer valid to free right now (initialized, not already freed, not dangling)?",https://github.com/rgleason/weather_routing_pi/issues/659,https://github.com/rgleason/weather_routing_pi/issues/659,CWE-459
gh:620,GitHub,statement,asker,False,X1,Cross-module,"Are allocation and release done by the same module/runtime heap (DLL, CRT, FFI boundary)?",https://github.com/rgleason/weather_routing_pi/issues/659,https://github.com/rgleason/weather_routing_pi/issues/659,CWE-459
gh:622,GitHub,statement,asker,False,X1,Cross-module,"Are allocation and release done by the same module/runtime heap (DLL, CRT, FFI boundary)?",https://github.com/asdf-format/libasdf/issues/250,https://github.com/asdf-format/libasdf/issues/250,
gh:622,GitHub,statement,asker,False,O1,Ownership,Who is responsible for releasing this memory (caller vs. callee contract)?,https://github.com/asdf-format/libasdf/issues/250,https://github.com/asdf-format/libasdf/issues/250,
gh:623,GitHub,statement,asker,False,X1,Cross-module,"Are allocation and release done by the same module/runtime heap (DLL, CRT, FFI boundary)?",https://github.com/asdf-format/libasdf/issues/250,https://github.com/asdf-format/libasdf/issues/250,
gh:624,GitHub,statement,asker,False,X1,Cross-module,"Are allocation and release done by the same module/runtime heap (DLL, CRT, FFI boundary)?",https://github.com/asdf-format/libasdf/issues/250,https://github.com/asdf-format/libasdf/issues/250,
gh:625,GitHub,statement,asker,False,X1,Cross-module,"Are allocation and release done by the same module/runtime heap (DLL, CRT, FFI boundary)?",https://github.com/asdf-format/libasdf/issues/250,https://github.com/asdf-format/libasdf/issues/250,
gh:627,GitHub,statement,asker,False,X1,Cross-module,"Are allocation and release done by the same module/runtime heap (DLL, CRT, FFI boundary)?",https://github.com/asdf-format/libasdf/issues/250,https://github.com/asdf-format/libasdf/issues/250,
gh:628,GitHub,statement,responder,True,T1,Non-diagnostic,"Triage: reproducer, full trace, version, build flags",https://github.com/GenericMappingTools/gmt/issues/7522,https://github.com/GenericMappingTools/gmt/issues/7522#issuecomment-1588160765,CWE-763
gh:629,GitHub,statement,responder,True,T1,Non-diagnostic,"Triage: reproducer, full trace, version, build flags",https://github.com/GenericMappingTools/gmt/issues/7522,https://github.com/GenericMappingTools/gmt/issues/7522#issuecomment-1588171287,CWE-763
gh:630,GitHub,statement,responder,True,T1,Non-diagnostic,"Triage: reproducer, full trace, version, build flags",https://github.com/GenericMappingTools/gmt/issues/7522,https://github.com/GenericMappingTools/gmt/issues/7522#issuecomment-1588949195,CWE-763
gh:632,GitHub,statement,asker,False,X1,Cross-module,"Are allocation and release done by the same module/runtime heap (DLL, CRT, FFI boundary)?",https://github.com/dstogov/php-ffi/issues/44,https://github.com/dstogov/php-ffi/issues/44,CWE-763
gh:635,GitHub,statement,responder,True,T1,Non-diagnostic,"Triage: reproducer, full trace, version, build flags",https://github.com/dstogov/php-ffi/issues/44,https://github.com/dstogov/php-ffi/issues/44#issuecomment-950712843,CWE-763
gh:636,GitHub,statement,asker,False,T1,Non-diagnostic,"Triage: reproducer, full trace, version, build flags",https://github.com/dstogov/php-ffi/issues/44,https://github.com/dstogov/php-ffi/issues/44#issuecomment-951100200,CWE-763
gh:637,GitHub,statement,asker,False,T1,Non-diagnostic,"Triage: reproducer, full trace, version, build flags",https://github.com/dstogov/php-ffi/issues/44,https://github.com/dstogov/php-ffi/issues/44#issuecomment-951645164,CWE-763
gh:638,GitHub,statement,responder,True,R3,Report interpretation,"Is the report caused by my code, or by a library, runtime, or the tool itself?",https://github.com/dstogov/php-ffi/issues/44,https://github.com/dstogov/php-ffi/issues/44#issuecomment-953767255,CWE-763
gh:639,GitHub,statement,responder,True,R3,Report interpretation,"Is the report caused by my code, or by a library, runtime, or the tool itself?",https://github.com/dstogov/php-ffi/issues/44,https://github.com/dstogov/php-ffi/issues/44#issuecomment-953767255,CWE-763
gh:640,GitHub,statement,asker,False,T1,Non-diagnostic,"Triage: reproducer, full trace, version, build flags",https://github.com/ecmwf/eckit/issues/354,https://github.com/ecmwf/eckit/issues/354,CWE-763;CWE-401
gh:641,GitHub,statement,asker,False,T1,Non-diagnostic,"Triage: reproducer, full trace, version, build flags",https://github.com/lfortran/lfortran/issues/13594,https://github.com/lfortran/lfortran/issues/13594,CWE-763
gh:642,GitHub,statement,asker,False,T1,Non-diagnostic,"Triage: reproducer, full trace, version, build flags",https://github.com/NixOS/nix/issues/3973,https://github.com/NixOS/nix/issues/3973,CWE-763
gh:643,GitHub,statement,responder,False,T1,Non-diagnostic,"Triage: reproducer, full trace, version, build flags",https://github.com/NixOS/nix/issues/3973,https://github.com/NixOS/nix/issues/3973#issuecomment-2125629902,CWE-763
gh:644,GitHub,statement,responder,True,T1,Non-diagnostic,"Triage: reproducer, full trace, version, build flags",https://github.com/NixOS/nix/issues/3973,https://github.com/NixOS/nix/issues/3973#issuecomment-2126010025,CWE-763
gh:645,GitHub,statement,responder,False,T1,Non-diagnostic,"Triage: reproducer, full trace, version, build flags",https://github.com/NixOS/nix/issues/3973,https://github.com/NixOS/nix/issues/3973#issuecomment-2323013437,CWE-763
gh:646,GitHub,statement,responder,False,T1,Non-diagnostic,"Triage: reproducer, full trace, version, build flags",https://github.com/NixOS/nix/issues/3973,https://github.com/NixOS/nix/issues/3973#issuecomment-2323013437,CWE-763
gh:647,GitHub,statement,asker,False,D4,Deallocation,"Is the pointer valid to free right now (initialized, not already freed, not dangling)?",https://github.com/alliedmodders/sourcemod/issues/2571,https://github.com/alliedmodders/sourcemod/issues/2571,CWE-762;CWE-763;CWE-459
gh:650,GitHub,statement,asker,False,T1,Non-diagnostic,"Triage: reproducer, full trace, version, build flags",https://github.com/Electrostatics/apbs/issues/247,https://github.com/Electrostatics/apbs/issues/247,CWE-763
gh:651,GitHub,statement,responder,True,D4,Deallocation,"Is the pointer valid to free right now (initialized, not already freed, not dangling)?",https://github.com/hisptoot/BambuSource2Raw/issues/6,https://github.com/hisptoot/BambuSource2Raw/issues/6#issuecomment-1627944764,CWE-763
gh:652,GitHub,statement,responder,True,T1,Non-diagnostic,"Triage: reproducer, full trace, version, build flags",https://github.com/hisptoot/BambuSource2Raw/issues/6,https://github.com/hisptoot/BambuSource2Raw/issues/6#issuecomment-1627944764,CWE-763
gh:654,GitHub,statement,asker,False,D2,Deallocation,Is the pointer passed to free exactly the one the allocator returned (not offset/advanced)?,https://github.com/thegenemyers/FASTGA/issues/32,https://github.com/thegenemyers/FASTGA/issues/32,CWE-763
gh:655,GitHub,statement,asker,False,T1,Non-diagnostic,"Triage: reproducer, full trace, version, build flags",https://github.com/thegenemyers/FASTGA/issues/32,https://github.com/thegenemyers/FASTGA/issues/32,CWE-763
gh:656,GitHub,statement,responder,False,D4,Deallocation,"Is the pointer valid to free right now (initialized, not already freed, not dangling)?",https://github.com/sahib/rmlint/issues/633,https://github.com/sahib/rmlint/issues/633#issuecomment-1741869985,CWE-763
gh:658,GitHub,statement,responder,True,R5,Report interpretation,"How do I detect, configure, or suppress this with the tool?",https://github.com/iains/darwin-xtools/issues/11,https://github.com/iains/darwin-xtools/issues/11#issuecomment-2579890085,CWE-763
gh:660,GitHub,statement,asker,False,C1,Control flow,"Is the memory released on every path: error handling, early return, exceptions, longjmp?",https://github.com/Tarsnap/kivaloo/issues/324,https://github.com/Tarsnap/kivaloo/issues/324,CWE-761;CWE-763;CWE-401
gh:661,GitHub,statement,asker,False,C1,Control flow,"Is the memory released on every path: error handling, early return, exceptions, longjmp?",https://github.com/spdk/spdk/issues/3006,https://github.com/spdk/spdk/issues/3006,CWE-763
gh:661,GitHub,statement,asker,False,N2,Composite cleanup,Is a reference cycle or refcount imbalance preventing release?,https://github.com/spdk/spdk/issues/3006,https://github.com/spdk/spdk/issues/3006,CWE-763
gh:662,GitHub,statement,asker,False,C1,Control flow,"Is the memory released on every path: error handling, early return, exceptions, longjmp?",https://github.com/spdk/spdk/issues/3006,https://github.com/spdk/spdk/issues/3006,CWE-763
gh:662,GitHub,statement,asker,False,D4,Deallocation,"Is the pointer valid to free right now (initialized, not already freed, not dangling)?",https://github.com/spdk/spdk/issues/3006,https://github.com/spdk/spdk/issues/3006,CWE-763
gh:663,GitHub,statement,asker,False,D2,Deallocation,Is the pointer passed to free exactly the one the allocator returned (not offset/advanced)?,https://github.com/neogentrics/ReconOS/issues/436,https://github.com/neogentrics/ReconOS/issues/436,CWE-763
gh:665,GitHub,statement,asker,False,D4,Deallocation,"Is the pointer valid to free right now (initialized, not already freed, not dangling)?",https://github.com/STMicroelectronics/stm32-mw-usbx/issues/6,https://github.com/STMicroelectronics/stm32-mw-usbx/issues/6,CWE-763
gh:666,GitHub,statement,asker,False,D4,Deallocation,"Is the pointer valid to free right now (initialized, not already freed, not dangling)?",https://github.com/STMicroelectronics/stm32-mw-usbx/issues/6,https://github.com/STMicroelectronics/stm32-mw-usbx/issues/6,CWE-763
gh:667,GitHub,statement,asker,False,L2,Lifetime,"Is the object destroyed when its lifetime ends (scope exit, destructor called, virtual destructor)?",https://github.com/STMicroelectronics/stm32-mw-usbx/issues/6,https://github.com/STMicroelectronics/stm32-mw-usbx/issues/6,CWE-763
gh:667,GitHub,statement,asker,False,D4,Deallocation,"Is the pointer valid to free right now (initialized, not already freed, not dangling)?",https://github.com/STMicroelectronics/stm32-mw-usbx/issues/6,https://github.com/STMicroelectronics/stm32-mw-usbx/issues/6,CWE-763
gh:669,GitHub,statement,responder,False,T1,Non-diagnostic,"Triage: reproducer, full trace, version, build flags",https://github.com/STMicroelectronics/stm32-mw-usbx/issues/6,https://github.com/STMicroelectronics/stm32-mw-usbx/issues/6#issuecomment-5518150893,CWE-763
gh:671,GitHub,statement,responder,False,C1,Control flow,"Is the memory released on every path: error handling, early return, exceptions, longjmp?",https://github.com/STMicroelectronics/stm32-mw-usbx/issues/6,https://github.com/STMicroelectronics/stm32-mw-usbx/issues/6#issuecomment-5518150893,CWE-763
gh:673,GitHub,statement,asker,False,O1,Ownership,Who is responsible for releasing this memory (caller vs. callee contract)?,https://github.com/mentos-team/MentOS/issues/204,https://github.com/mentos-team/MentOS/issues/204,CWE-590
gh:677,GitHub,statement,asker,False,O1,Ownership,Who is responsible for releasing this memory (caller vs. callee contract)?,https://github.com/mentos-team/MentOS/issues/204,https://github.com/mentos-team/MentOS/issues/204#issuecomment-5931520033,CWE-590
gh:677,GitHub,statement,asker,False,L2,Lifetime,"Is the object destroyed when its lifetime ends (scope exit, destructor called, virtual destructor)?",https://github.com/mentos-team/MentOS/issues/204,https://github.com/mentos-team/MentOS/issues/204#issuecomment-5931520033,CWE-590
gh:681,GitHub,statement,asker,False,A4,Allocation,"Is the allocation size bounded and validated (untrusted input, overflow, huge/negative size, failure)?",https://github.com/tbeu/matio/issues/347,https://github.com/tbeu/matio/issues/347,CWE-789
gh:682,GitHub,statement,asker,False,A4,Allocation,"Is the allocation size bounded and validated (untrusted input, overflow, huge/negative size, failure)?",https://github.com/assimp/assimp/issues/6356,https://github.com/assimp/assimp/issues/6356,CWE-789
gh:683,GitHub,statement,asker,False,A4,Allocation,"Is the allocation size bounded and validated (untrusted input, overflow, huge/negative size, failure)?",https://github.com/assimp/assimp/issues/6356,https://github.com/assimp/assimp/issues/6356,CWE-789
gh:684,GitHub,statement,asker,False,A4,Allocation,"Is the allocation size bounded and validated (untrusted input, overflow, huge/negative size, failure)?",https://github.com/HDFGroup/hdf5/issues/5831,https://github.com/HDFGroup/hdf5/issues/5831,CWE-789
gh:685,GitHub,statement,asker,False,A4,Allocation,"Is the allocation size bounded and validated (untrusted input, overflow, huge/negative size, failure)?",https://github.com/HDFGroup/hdf5/issues/4435,https://github.com/HDFGroup/hdf5/issues/4435,CWE-789
gh:686,GitHub,statement,asker,False,A4,Allocation,"Is the allocation size bounded and validated (untrusted input, overflow, huge/negative size, failure)?",https://github.com/libming/libming/issues/276,https://github.com/libming/libming/issues/276,CWE-789
gh:687,GitHub,statement,asker,False,A4,Allocation,"Is the allocation size bounded and validated (untrusted input, overflow, huge/negative size, failure)?",https://github.com/axiomatic-systems/Bento4/issues/748,https://github.com/axiomatic-systems/Bento4/issues/748,CWE-789
gh:689,GitHub,statement,asker,False,T1,Non-diagnostic,"Triage: reproducer, full trace, version, build flags",https://github.com/libming/libming/issues/295,https://github.com/libming/libming/issues/295,CWE-789
gh:690,GitHub,statement,asker,False,T1,Non-diagnostic,"Triage: reproducer, full trace, version, build flags",https://github.com/libming/libming/issues/297,https://github.com/libming/libming/issues/297,CWE-789
gh:691,GitHub,statement,responder,True,A4,Allocation,"Is the allocation size bounded and validated (untrusted input, overflow, huge/negative size, failure)?",https://github.com/jerryscript-project/jerryscript/issues/5072,https://github.com/jerryscript-project/jerryscript/issues/5072#issuecomment-1639358320,CWE-789
gh:692,GitHub,statement,asker,False,T1,Non-diagnostic,"Triage: reproducer, full trace, version, build flags",https://github.com/libming/libming/issues/296,https://github.com/libming/libming/issues/296,CWE-789
gh:693,GitHub,statement,asker,False,A4,Allocation,"Is the allocation size bounded and validated (untrusted input, overflow, huge/negative size, failure)?",https://github.com/say10co/web-serv/issues/4,https://github.com/say10co/web-serv/issues/4,CWE-789
gh:694,GitHub,statement,asker,False,T1,Non-diagnostic,"Triage: reproducer, full trace, version, build flags",https://github.com/ispc/ispc/issues/2040,https://github.com/ispc/ispc/issues/2040,CWE-789
gh:695,GitHub,statement,asker,False,T1,Non-diagnostic,"Triage: reproducer, full trace, version, build flags",https://github.com/ispc/ispc/issues/2040,https://github.com/ispc/ispc/issues/2040,CWE-789
gh:696,GitHub,statement,asker,False,A4,Allocation,"Is the allocation size bounded and validated (untrusted input, overflow, huge/negative size, failure)?",https://github.com/ispc/ispc/issues/2040,https://github.com/ispc/ispc/issues/2040,CWE-789
gh:697,GitHub,statement,asker,False,A4,Allocation,"Is the allocation size bounded and validated (untrusted input, overflow, huge/negative size, failure)?",https://github.com/nhi-nguyen/necko/issues/244,https://github.com/nhi-nguyen/necko/issues/244,CWE-789
gh:698,GitHub,statement,asker,False,A4,Allocation,"Is the allocation size bounded and validated (untrusted input, overflow, huge/negative size, failure)?",https://github.com/axiomatic-systems/Bento4/issues/703,https://github.com/axiomatic-systems/Bento4/issues/703,CWE-789
gh:699,GitHub,statement,asker,False,A4,Allocation,"Is the allocation size bounded and validated (untrusted input, overflow, huge/negative size, failure)?",https://github.com/uclouvain/openjpeg/issues/1111,https://github.com/uclouvain/openjpeg/issues/1111,CWE-789
gh:700,GitHub,statement,asker,False,D1,Deallocation,"Is there a matching release for this allocation, and where should it go?",https://github.com/burakyueksel/physics/issues/17,https://github.com/burakyueksel/physics/issues/17,CWE-789;CWE-401
gh:701,GitHub,statement,asker,False,D1,Deallocation,"Is there a matching release for this allocation, and where should it go?",https://github.com/burakyueksel/physics/issues/17,https://github.com/burakyueksel/physics/issues/17,CWE-789;CWE-401
gh:701,GitHub,statement,asker,False,L3,Lifetime,"Does memory keep growing with repetitions (retained longer than needed, unbounded growth)?",https://github.com/burakyueksel/physics/issues/17,https://github.com/burakyueksel/physics/issues/17,CWE-789;CWE-401
gh:703,GitHub,statement,asker,False,T1,Non-diagnostic,"Triage: reproducer, full trace, version, build flags",https://github.com/universal-ctags/ctags/issues/4409,https://github.com/universal-ctags/ctags/issues/4409,CWE-789
gh:704,GitHub,statement,asker,False,T1,Non-diagnostic,"Triage: reproducer, full trace, version, build flags",https://github.com/redis/hiredis/issues/1357,https://github.com/redis/hiredis/issues/1357,CWE-789
gh:705,GitHub,statement,asker,False,A4,Allocation,"Is the allocation size bounded and validated (untrusted input, overflow, huge/negative size, failure)?",https://github.com/redis/hiredis/issues/1357,https://github.com/redis/hiredis/issues/1357,CWE-789
gh:706,GitHub,statement,asker,False,A4,Allocation,"Is the allocation size bounded and validated (untrusted input, overflow, huge/negative size, failure)?",https://github.com/php/php-src/issues/22556,https://github.com/php/php-src/issues/22556,CWE-789
gh:707,GitHub,statement,asker,False,A4,Allocation,"Is the allocation size bounded and validated (untrusted input, overflow, huge/negative size, failure)?",https://github.com/php/php-src/issues/22556,https://github.com/php/php-src/issues/22556,CWE-789
gh:708,GitHub,statement,asker,False,A4,Allocation,"Is the allocation size bounded and validated (untrusted input, overflow, huge/negative size, failure)?",https://github.com/php/php-src/issues/22556,https://github.com/php/php-src/issues/22556,CWE-789
gh:710,GitHub,statement,asker,False,A4,Allocation,"Is the allocation size bounded and validated (untrusted input, overflow, huge/negative size, failure)?",https://github.com/vallentin/LoadBMP/issues/10,https://github.com/vallentin/LoadBMP/issues/10,
gh:711,GitHub,statement,asker,False,A4,Allocation,"Is the allocation size bounded and validated (untrusted input, overflow, huge/negative size, failure)?",https://github.com/vallentin/LoadBMP/issues/10,https://github.com/vallentin/LoadBMP/issues/10,
gh:713,GitHub,statement,asker,False,A4,Allocation,"Is the allocation size bounded and validated (untrusted input, overflow, huge/negative size, failure)?",https://github.com/lieff/minimp4/issues/50,https://github.com/lieff/minimp4/issues/50,CWE-789
gh:714,GitHub,statement,responder,False,A4,Allocation,"Is the allocation size bounded and validated (untrusted input, overflow, huge/negative size, failure)?",https://github.com/lieff/minimp4/issues/50,https://github.com/lieff/minimp4/issues/50#issuecomment-4148251369,CWE-789
gh:717,GitHub,statement,asker,False,T1,Non-diagnostic,"Triage: reproducer, full trace, version, build flags",https://github.com/Tarsnap/tarsnap/issues/715,https://github.com/Tarsnap/tarsnap/issues/715,CWE-401
gh:719,GitHub,statement,asker,False,A4,Allocation,"Is the allocation size bounded and validated (untrusted input, overflow, huge/negative size, failure)?",https://github.com/Tarsnap/tarsnap/issues/715,https://github.com/Tarsnap/tarsnap/issues/715,CWE-401
gh:720,GitHub,statement,asker,False,A4,Allocation,"Is the allocation size bounded and validated (untrusted input, overflow, huge/negative size, failure)?",https://github.com/samtools/htslib/issues/2090,https://github.com/samtools/htslib/issues/2090,CWE-789;CWE-401
gh:720,GitHub,statement,asker,False,L3,Lifetime,"Does memory keep growing with repetitions (retained longer than needed, unbounded growth)?",https://github.com/samtools/htslib/issues/2090,https://github.com/samtools/htslib/issues/2090,CWE-789;CWE-401
gh:721,GitHub,statement,asker,False,A4,Allocation,"Is the allocation size bounded and validated (untrusted input, overflow, huge/negative size, failure)?",https://github.com/samtools/htslib/issues/2090,https://github.com/samtools/htslib/issues/2090,CWE-789;CWE-401
gh:730,GitHub,statement,asker,False,A4,Allocation,"Is the allocation size bounded and validated (untrusted input, overflow, huge/negative size, failure)?",https://github.com/lucocozz/Argus/issues/59,https://github.com/lucocozz/Argus/issues/59,CWE-789
gh:731,GitHub,statement,asker,False,L1,Lifetime,"Must the memory be freed before program exit, or is exit-time retention acceptable?",https://github.com/HDFGroup/hdf5/issues/6677,https://github.com/HDFGroup/hdf5/issues/6677,CWE-401
gh:732,GitHub,statement,asker,False,T1,Non-diagnostic,"Triage: reproducer, full trace, version, build flags",https://github.com/HDFGroup/hdf5/issues/6677,https://github.com/HDFGroup/hdf5/issues/6677#issuecomment-5763791235,CWE-401
gh:734,GitHub,statement,asker,False,T1,Non-diagnostic,"Triage: reproducer, full trace, version, build flags",https://github.com/OpenVisualCloud/SVT-HEVC/issues/632,https://github.com/OpenVisualCloud/SVT-HEVC/issues/632,CWE-789
gh:735,GitHub,statement,responder,False,A4,Allocation,"Is the allocation size bounded and validated (untrusted input, overflow, huge/negative size, failure)?",https://github.com/OpenVisualCloud/SVT-HEVC/issues/632,https://github.com/OpenVisualCloud/SVT-HEVC/issues/632#issuecomment-1419660581,CWE-789
