unit_key,issue_url,comment_id,form,ordinal,role,thread_cwe_signatures,codes
https://github.com/scylladb/seastar/issues/3002|3353000895|Q|0,https://github.com/scylladb/seastar/issues/3002,3353000895,Q,0,R,CWE-459;CWE-401,"R3,D1"
https://github.com/scylladb/seastar/issues/3002|3370416924|Q|0,https://github.com/scylladb/seastar/issues/3002,3370416924,Q,0,O,CWE-459;CWE-401,R3
https://github.com/jaspinegz/babble/issues/3|-|Q|0,https://github.com/jaspinegz/babble/issues/3,-,Q,0,R,CWE-401,O1
https://github.com/tsurai/mecab-rs/issues/11|2529996765|Q|0,https://github.com/tsurai/mecab-rs/issues/11,2529996765,Q,0,O,CWE-401,T1
https://github.com/tsurai/mecab-rs/issues/11|2537635980|Q|0,https://github.com/tsurai/mecab-rs/issues/11,2537635980,Q,0,R,CWE-401,L3
https://github.com/tsurai/mecab-rs/issues/11|2537760333|Q|0,https://github.com/tsurai/mecab-rs/issues/11,2537760333,Q,0,R,CWE-401,L3
https://github.com/eclipse-sumo/sumo/issues/6825|601649416|Q|0,https://github.com/eclipse-sumo/sumo/issues/6825,601649416,Q,0,R,,NA
https://github.com/eclipse-sumo/sumo/issues/6825|601921759|Q|0,https://github.com/eclipse-sumo/sumo/issues/6825,601921759,Q,0,O,,O2
https://github.com/haskell-gi/haskell-gi/issues/23|217804293|Q|0,https://github.com/haskell-gi/haskell-gi/issues/23,217804293,Q,0,M,,O1
https://github.com/golang/go/issues/51317|1048216229|Q|0,https://github.com/golang/go/issues/51317,1048216229,Q,0,O,CWE-590;CWE-401,NA
https://github.com/golang/go/issues/51317|1048267472|Q|0,https://github.com/golang/go/issues/51317,1048267472,Q,0,O,CWE-590;CWE-401,NA
https://github.com/rust-lang/unsafe-code-guidelines/issues/316|-|Q|0,https://github.com/rust-lang/unsafe-code-guidelines/issues/316,-,Q,0,R,CWE-401,D2
https://github.com/rust-lang/unsafe-code-guidelines/issues/316|-|Q|1,https://github.com/rust-lang/unsafe-code-guidelines/issues/316,-,Q,1,R,CWE-401,O1
https://github.com/rust-lang/unsafe-code-guidelines/issues/316|1009287018|Q|0,https://github.com/rust-lang/unsafe-code-guidelines/issues/316,1009287018,Q,0,O,CWE-401,D2
https://github.com/rust-lang/unsafe-code-guidelines/issues/316|1009287018|Q|1,https://github.com/rust-lang/unsafe-code-guidelines/issues/316,1009287018,Q,1,O,CWE-401,NA
https://github.com/rust-lang/rust/issues/126600|2173929351|Q|0,https://github.com/rust-lang/rust/issues/126600,2173929351,Q,0,O,,L1
https://github.com/jamulussoftware/jamulus/issues/1083|-|Q|0,https://github.com/jamulussoftware/jamulus/issues/1083,-,Q,0,R,CWE-459;CWE-401,T1
https://github.com/P-H-C/phc-winner-argon2/issues/257|402443052|Q|0,https://github.com/P-H-C/phc-winner-argon2/issues/257,402443052,Q,0,O,CWE-401,T1
https://github.com/DynamoRIO/drmemory/issues/2403|-|Q|0,https://github.com/DynamoRIO/drmemory/issues/2403,-,Q,0,R,CWE-401,T1
https://github.com/TauLabs/TauLabs/issues/174|12234525|Q|0,https://github.com/TauLabs/TauLabs/issues/174,12234525,Q,0,O,CWE-401,R5
https://github.com/ddnet/ddnet/issues/12154|4412264392|Q|0,https://github.com/ddnet/ddnet/issues/12154,4412264392,Q,0,M,CWE-401,NA
https://github.com/AeneasVerif/eurydice/issues/393|-|Q|0,https://github.com/AeneasVerif/eurydice/issues/393,-,Q,0,R,CWE-401,C2
https://github.com/knolleary/pubsubclient/issues/755|652927965|Q|0,https://github.com/knolleary/pubsubclient/issues/755,652927965,Q,0,M,CWE-401,V1
https://github.com/freebsd/atf/issues/77|2563955474|Q|0,https://github.com/freebsd/atf/issues/77,2563955474,Q,0,R,CWE-459;CWE-401,R5
https://github.com/godotengine/godot/issues/116815|3969355162|Q|0,https://github.com/godotengine/godot/issues/116815,3969355162,Q,0,O,CWE-401,D1
https://github.com/IAS-Astrophysics/athenak/issues/716|-|Q|0,https://github.com/IAS-Astrophysics/athenak/issues/716,-,Q,0,R,CWE-401,NA
https://github.com/IAS-Astrophysics/athenak/issues/716|4061330627|Q|0,https://github.com/IAS-Astrophysics/athenak/issues/716,4061330627,Q,0,M,CWE-401,C2
https://github.com/gramineproject/graphene/issues/1030|539879860|Q|0,https://github.com/gramineproject/graphene/issues/1030,539879860,Q,0,O,CWE-401,R4
https://github.com/microsoft/mimalloc/issues/509|1011624436|Q|0,https://github.com/microsoft/mimalloc/issues/509,1011624436,Q,0,M,CWE-401,V1
https://github.com/openssl/openssl/issues/25294|-|Q|0,https://github.com/openssl/openssl/issues/25294,-,Q,0,R,,NA
https://github.com/openssl/openssl/issues/25294|2312107473|Q|0,https://github.com/openssl/openssl/issues/25294,2312107473,Q,0,M,,L1
https://github.com/openssl/openssl/issues/25294|2312717617|Q|0,https://github.com/openssl/openssl/issues/25294,2312717617,Q,0,O,,L1
https://github.com/ANSHAM1/LSTMiniNet/issues/1|-|Q|0,https://github.com/ANSHAM1/LSTMiniNet/issues/1,-,Q,0,R,CWE-789;CWE-401,N2
https://github.com/cameron314/concurrentqueue/issues/364|1766610121|Q|0,https://github.com/cameron314/concurrentqueue/issues/364,1766610121,Q,0,M,CWE-401,V1
https://github.com/cameron314/concurrentqueue/issues/364|1766691036|Q|0,https://github.com/cameron314/concurrentqueue/issues/364,1766691036,Q,0,M,CWE-401,L3
https://github.com/projectM-visualizer/projectm/issues/1000|4467692941|Q|0,https://github.com/projectM-visualizer/projectm/issues/1000,4467692941,Q,0,M,CWE-762;CWE-459;CWE-401,T1
https://github.com/projectM-visualizer/projectm/issues/1000|4517613705|Q|0,https://github.com/projectM-visualizer/projectm/issues/1000,4517613705,Q,0,M,CWE-762;CWE-459;CWE-401,T1
https://github.com/projectM-visualizer/projectm/issues/1000|4561588014|Q|0,https://github.com/projectM-visualizer/projectm/issues/1000,4561588014,Q,0,M,CWE-762;CWE-459;CWE-401,T1
https://github.com/machinezone/IXWebSocket/issues/490|-|Q|0,https://github.com/machinezone/IXWebSocket/issues/490,-,Q,0,R,CWE-459;CWE-401,NA
https://github.com/machinezone/IXWebSocket/issues/490|-|Q|1,https://github.com/machinezone/IXWebSocket/issues/490,-,Q,1,R,CWE-459;CWE-401,L2
https://github.com/owasp-modsecurity/ModSecurity/issues/2848|1404866735|Q|0,https://github.com/owasp-modsecurity/ModSecurity/issues/2848,1404866735,Q,0,O,CWE-401,NA
https://github.com/rehlds/ReHLDS/issues/377|311312255|Q|0,https://github.com/rehlds/ReHLDS/issues/377,311312255,Q,0,R,CWE-401,P
https://github.com/google/sanitizers/issues/1849|2665218898|Q|0,https://github.com/google/sanitizers/issues/1849,2665218898,Q,0,R,CWE-590,R3
https://github.com/cms-sw/cmssw/issues/45670|2275813402|Q|0,https://github.com/cms-sw/cmssw/issues/45670,2275813402,Q,0,O,CWE-762;CWE-590,NA
https://github.com/cms-sw/cmssw/issues/45670|2275813468|Q|0,https://github.com/cms-sw/cmssw/issues/45670,2275813468,Q,0,O,CWE-762;CWE-590,NA
https://github.com/diku-compSys/compSys-e2023-pub/issues/2|-|Q|0,https://github.com/diku-compSys/compSys-e2023-pub/issues/2,-,Q,0,R,CWE-590;CWE-459;CWE-401,G
https://github.com/diku-compSys/compSys-e2023-pub/issues/2|-|Q|1,https://github.com/diku-compSys/compSys-e2023-pub/issues/2,-,Q,1,R,CWE-590;CWE-459;CWE-401,V1
https://github.com/diku-compSys/compSys-e2023-pub/issues/2|-|Q|2,https://github.com/diku-compSys/compSys-e2023-pub/issues/2,-,Q,2,R,CWE-590;CWE-459;CWE-401,N1
https://github.com/jphein/esp32c6-watch/issues/66|-|Q|0,https://github.com/jphein/esp32c6-watch/issues/66,-,Q,0,R,,R4
https://github.com/lep/pjass/issues/12|2629130923|Q|0,https://github.com/lep/pjass/issues/12,2629130923,Q,0,R,,NA
https://github.com/netblue30/firejail/issues/3662|706780608|Q|0,https://github.com/netblue30/firejail/issues/3662,706780608,Q,0,R,CWE-763,O2
https://github.com/bgrimstad/splinter/issues/138|-|Q|0,https://github.com/bgrimstad/splinter/issues/138,-,Q,0,R,CWE-590;CWE-761;CWE-763,G
https://github.com/jackaudio/jack2/issues/237|260292223|Q|0,https://github.com/jackaudio/jack2/issues/237,260292223,Q,0,R,CWE-762,P
https://github.com/jackaudio/jack2/issues/237|272830178|Q|0,https://github.com/jackaudio/jack2/issues/237,272830178,Q,0,O,CWE-762,A3
https://github.com/MythTV/mythtv/issues/1485|-|Q|0,https://github.com/MythTV/mythtv/issues/1485,-,Q,0,R,CWE-762;CWE-761,T1
https://github.com/MythTV/mythtv/issues/1485|-|Q|1,https://github.com/MythTV/mythtv/issues/1485,-,Q,1,R,CWE-762;CWE-761,NA
https://github.com/flutter/flutter/issues/188635|4811343478|Q|0,https://github.com/flutter/flutter/issues/188635,4811343478,Q,0,O,,X1
https://github.com/kcat/openal-soft/issues/1243|3891554140|Q|0,https://github.com/kcat/openal-soft/issues/1243,3891554140,Q,0,O,,NA
https://github.com/kcat/openal-soft/issues/1243|3892469001|Q|0,https://github.com/kcat/openal-soft/issues/1243,3892469001,Q,0,R,,NA
https://github.com/BennyQBD/3DEngineCpp/issues/45|510378109|Q|0,https://github.com/BennyQBD/3DEngineCpp/issues/45,510378109,Q,0,O,CWE-763,G
https://github.com/EionRobb/purple-discord/issues/402|1099616477|Q|0,https://github.com/EionRobb/purple-discord/issues/402,1099616477,Q,0,R,CWE-763,R3
https://github.com/ArtemKasianov/ICML3/issues/1|-|Q|0,https://github.com/ArtemKasianov/ICML3/issues/1,-,Q,0,R,CWE-763,G
https://github.com/NixOS/nix/issues/3973|3711061498|Q|0,https://github.com/NixOS/nix/issues/3973,3711061498,Q,0,M,CWE-763,NA
https://github.com/NixOS/nix/issues/3973|3711089773|Q|0,https://github.com/NixOS/nix/issues/3973,3711089773,Q,0,O,CWE-763,NA
https://github.com/alliedmodders/sourcemod/issues/2571|-|Q|0,https://github.com/alliedmodders/sourcemod/issues/2571,-,Q,0,R,CWE-762;CWE-763;CWE-459,R2
https://github.com/Electrostatics/apbs/issues/247|1268482367|Q|0,https://github.com/Electrostatics/apbs/issues/247,1268482367,Q,0,M,CWE-763,A4
https://github.com/thegenemyers/FASTGA/issues/32|5541114028|Q|0,https://github.com/thegenemyers/FASTGA/issues/32,5541114028,Q,0,M,CWE-763,T1
https://github.com/Megagenomics/FastProNGS/issues/2|-|Q|0,https://github.com/Megagenomics/FastProNGS/issues/2,-,Q,0,R,CWE-763,T1
https://github.com/iains/darwin-xtools/issues/11|-|Q|0,https://github.com/iains/darwin-xtools/issues/11,-,Q,0,R,CWE-763,R2
https://github.com/iains/darwin-xtools/issues/11|2579349677|Q|0,https://github.com/iains/darwin-xtools/issues/11,2579349677,Q,0,O,CWE-763,R5
https://github.com/iains/darwin-xtools/issues/11|2579873723|Q|0,https://github.com/iains/darwin-xtools/issues/11,2579873723,Q,0,R,CWE-763,R5
https://github.com/mentos-team/MentOS/issues/204|5931520033|Q|0,https://github.com/mentos-team/MentOS/issues/204,5931520033,Q,0,R,CWE-590,NA
https://github.com/tuxera/ntfs-3g/issues/215|5506513645|Q|0,https://github.com/tuxera/ntfs-3g/issues/215,5506513645,Q,0,M,CWE-789,A4
https://github.com/tuxera/ntfs-3g/issues/215|5506513645|Q|1,https://github.com/tuxera/ntfs-3g/issues/215,5506513645,Q,1,M,CWE-789,A4
https://github.com/OpenVisualCloud/SVT-HEVC/issues/632|-|Q|0,https://github.com/OpenVisualCloud/SVT-HEVC/issues/632,-,Q,0,R,CWE-789,A4
https://github.com/semitrivial/csv_parser/issues/7|-|S|0,https://github.com/semitrivial/csv_parser/issues/7,-,S,0,R,CWE-401,V1
https://github.com/spdk/spdk/issues/2947|-|S|0,https://github.com/spdk/spdk/issues/2947,-,S,0,R,CWE-401,NA
https://github.com/spdk/spdk/issues/2947|1470420028|S|0,https://github.com/spdk/spdk/issues/2947,1470420028,S,0,M,CWE-401,"R3,R4"
https://github.com/spdk/spdk/issues/2947|1470420028|S|1,https://github.com/spdk/spdk/issues/2947,1470420028,S,1,M,CWE-401,T1
https://github.com/spdk/spdk/issues/2947|1470420028|S|2,https://github.com/spdk/spdk/issues/2947,1470420028,S,2,M,CWE-401,T1
https://github.com/spdk/spdk/issues/2947|1471501406|S|0,https://github.com/spdk/spdk/issues/2947,1471501406,S,0,R,CWE-401,NA
https://github.com/spdk/spdk/issues/2947|1472572005|S|0,https://github.com/spdk/spdk/issues/2947,1472572005,S,0,R,CWE-401,R3
https://github.com/spdk/spdk/issues/2947|1475931031|S|0,https://github.com/spdk/spdk/issues/2947,1475931031,S,0,R,CWE-401,R3
https://github.com/spdk/spdk/issues/2947|1478012851|S|0,https://github.com/spdk/spdk/issues/2947,1478012851,S,0,O,CWE-401,T1
https://github.com/pnggroup/libpng/issues/220|-|S|0,https://github.com/pnggroup/libpng/issues/220,-,S,0,R,CWE-401,T1
https://github.com/pnggroup/libpng/issues/220|1870828851|S|0,https://github.com/pnggroup/libpng/issues/220,1870828851,S,0,O,CWE-401,"C1,A1"
https://github.com/HDFGroup/hdf5/issues/6386|-|S|0,https://github.com/HDFGroup/hdf5/issues/6386,-,S,0,R,CWE-401,C1
https://github.com/HDFGroup/hdf5/issues/6386|-|S|1,https://github.com/HDFGroup/hdf5/issues/6386,-,S,1,R,CWE-401,"C1,C2"
https://github.com/KhronosGroup/KTX-Software/issues/1256|-|S|0,https://github.com/KhronosGroup/KTX-Software/issues/1256,-,S,0,R,CWE-762;CWE-401,"C1,D3"
https://github.com/KhronosGroup/KTX-Software/issues/1256|-|S|1,https://github.com/KhronosGroup/KTX-Software/issues/1256,-,S,1,R,CWE-762;CWE-401,T1
https://github.com/HugorTorquato/MBA-TCC/issues/13|-|S|0,https://github.com/HugorTorquato/MBA-TCC/issues/13,-,S,0,R,CWE-459;CWE-401,NA
https://github.com/HugorTorquato/MBA-TCC/issues/13|-|S|1,https://github.com/HugorTorquato/MBA-TCC/issues/13,-,S,1,R,CWE-459;CWE-401,NA
https://github.com/HugorTorquato/MBA-TCC/issues/13|-|S|2,https://github.com/HugorTorquato/MBA-TCC/issues/13,-,S,2,R,CWE-459;CWE-401,NA
https://github.com/HugorTorquato/MBA-TCC/issues/13|-|S|3,https://github.com/HugorTorquato/MBA-TCC/issues/13,-,S,3,R,CWE-459;CWE-401,NA
https://github.com/HugorTorquato/MBA-TCC/issues/13|-|S|4,https://github.com/HugorTorquato/MBA-TCC/issues/13,-,S,4,R,CWE-459;CWE-401,NA
https://github.com/HugorTorquato/MBA-TCC/issues/13|-|S|5,https://github.com/HugorTorquato/MBA-TCC/issues/13,-,S,5,R,CWE-459;CWE-401,NA
https://github.com/scylladb/seastar/issues/228|-|S|0,https://github.com/scylladb/seastar/issues/228,-,S,0,R,CWE-459;CWE-401,V1
https://github.com/scylladb/seastar/issues/228|-|S|1,https://github.com/scylladb/seastar/issues/228,-,S,1,R,CWE-459;CWE-401,NA
https://github.com/scylladb/seastar/issues/228|325047048|S|0,https://github.com/scylladb/seastar/issues/228,325047048,S,0,O,CWE-459;CWE-401,NA
https://github.com/scylladb/seastar/issues/228|340261402|S|0,https://github.com/scylladb/seastar/issues/228,340261402,S,0,O,CWE-459;CWE-401,V1
https://github.com/scylladb/seastar/issues/228|421258959|S|0,https://github.com/scylladb/seastar/issues/228,421258959,S,0,O,CWE-459;CWE-401,"R3,X1"
https://github.com/eclipse-paho/paho.mqtt.cpp/issues/576|-|S|0,https://github.com/eclipse-paho/paho.mqtt.cpp/issues/576,-,S,0,R,CWE-401,"E1,E3"
https://github.com/scylladb/seastar/issues/3002|3352745903|S|0,https://github.com/scylladb/seastar/issues/3002,3352745903,S,0,O,CWE-459;CWE-401,T1
https://github.com/scylladb/seastar/issues/3002|3352989386|S|0,https://github.com/scylladb/seastar/issues/3002,3352989386,S,0,R,CWE-459;CWE-401,T1
https://github.com/scylladb/seastar/issues/3002|3353061065|S|0,https://github.com/scylladb/seastar/issues/3002,3353061065,S,0,O,CWE-459;CWE-401,R3
https://github.com/apache/trafficserver/issues/13662|-|S|0,https://github.com/apache/trafficserver/issues/13662,-,S,0,R,CWE-401,"R2,L1"
https://github.com/apache/trafficserver/issues/13662|-|S|1,https://github.com/apache/trafficserver/issues/13662,-,S,1,R,CWE-401,"R3,V1"
https://github.com/Mudlet/Mudlet/issues/10396|-|S|0,https://github.com/Mudlet/Mudlet/issues/10396,-,S,0,R,CWE-459;CWE-401,T1
https://github.com/go-llsqlite/crawshaw/issues/19|-|S|0,https://github.com/go-llsqlite/crawshaw/issues/19,-,S,0,R,CWE-401,C1
https://github.com/go-llsqlite/crawshaw/issues/19|-|S|1,https://github.com/go-llsqlite/crawshaw/issues/19,-,S,1,R,CWE-401,C1
https://github.com/go-llsqlite/crawshaw/issues/19|-|S|2,https://github.com/go-llsqlite/crawshaw/issues/19,-,S,2,R,CWE-401,L2
https://github.com/go-llsqlite/crawshaw/issues/19|-|S|3,https://github.com/go-llsqlite/crawshaw/issues/19,-,S,3,R,CWE-401,"O1,C1"
https://github.com/go-llsqlite/crawshaw/issues/19|-|S|4,https://github.com/go-llsqlite/crawshaw/issues/19,-,S,4,R,CWE-401,C1
https://github.com/cyrusimap/cyrus-sasl/issues/900|-|S|0,https://github.com/cyrusimap/cyrus-sasl/issues/900,-,S,0,R,CWE-401,C1
https://github.com/cyrusimap/cyrus-sasl/issues/900|-|S|1,https://github.com/cyrusimap/cyrus-sasl/issues/900,-,S,1,R,CWE-401,L3
https://github.com/jkuhlmann/cgltf/issues/303|-|S|0,https://github.com/jkuhlmann/cgltf/issues/303,-,S,0,R,CWE-401,NA
https://github.com/nginx/njs/issues/1099|-|S|0,https://github.com/nginx/njs/issues/1099,-,S,0,R,CWE-401,"D1,C1"
https://github.com/nginx/njs/issues/1099|-|S|1,https://github.com/nginx/njs/issues/1099,-,S,1,R,CWE-401,O2
https://github.com/nginx/njs/issues/1099|-|S|2,https://github.com/nginx/njs/issues/1099,-,S,2,R,CWE-401,"C1,L3"
https://github.com/nginx/njs/issues/1099|-|S|3,https://github.com/nginx/njs/issues/1099,-,S,3,R,CWE-401,NA
https://github.com/THEMANNICHOLAS/nico-lightroom/issues/89|-|S|0,https://github.com/THEMANNICHOLAS/nico-lightroom/issues/89,-,S,0,R,CWE-401,C1
https://github.com/Canotas/rsyslog/issues/68|-|S|0,https://github.com/Canotas/rsyslog/issues/68,-,S,0,R,CWE-401,"C1,D1"
https://github.com/lloyd/yajl/issues/261|-|S|0,https://github.com/lloyd/yajl/issues/261,-,S,0,R,CWE-789;CWE-459;CWE-401,"C1,N1"
https://github.com/lloyd/yajl/issues/261|-|S|1,https://github.com/lloyd/yajl/issues/261,-,S,1,R,CWE-789;CWE-459;CWE-401,"C1,N3"
https://github.com/asg017/sqlite-vec/issues/265|-|S|0,https://github.com/asg017/sqlite-vec/issues/265,-,S,0,R,CWE-401,C1
https://github.com/madolson/valkey-agents/issues/33|-|S|0,https://github.com/madolson/valkey-agents/issues/33,-,S,0,R,CWE-459;CWE-401,"R2,R4"
https://github.com/madolson/valkey-agents/issues/33|-|S|1,https://github.com/madolson/valkey-agents/issues/33,-,S,1,R,CWE-459;CWE-401,"R2,L4"
https://github.com/madolson/valkey-agents/issues/33|-|S|2,https://github.com/madolson/valkey-agents/issues/33,-,S,2,R,CWE-459;CWE-401,"R2,C1"
https://github.com/madolson/valkey-agents/issues/33|-|S|3,https://github.com/madolson/valkey-agents/issues/33,-,S,3,R,CWE-459;CWE-401,"C1,R4"
https://github.com/madolson/valkey-agents/issues/33|-|S|4,https://github.com/madolson/valkey-agents/issues/33,-,S,4,R,CWE-459;CWE-401,R2
https://github.com/madolson/valkey-agents/issues/33|-|S|5,https://github.com/madolson/valkey-agents/issues/33,-,S,5,R,CWE-459;CWE-401,R2
https://github.com/madolson/valkey-agents/issues/33|-|S|6,https://github.com/madolson/valkey-agents/issues/33,-,S,6,R,CWE-459;CWE-401,R3
https://github.com/madolson/valkey-agents/issues/33|-|S|7,https://github.com/madolson/valkey-agents/issues/33,-,S,7,R,CWE-459;CWE-401,R3
https://github.com/madolson/valkey-agents/issues/33|-|S|8,https://github.com/madolson/valkey-agents/issues/33,-,S,8,R,CWE-459;CWE-401,"V1,R3"
https://github.com/madolson/valkey-agents/issues/33|-|S|9,https://github.com/madolson/valkey-agents/issues/33,-,S,9,R,CWE-459;CWE-401,R4
https://github.com/ImageMagick/ImageMagick/issues/8994|-|S|0,https://github.com/ImageMagick/ImageMagick/issues/8994,-,S,0,R,CWE-401,"A2,D1"
https://github.com/ImageMagick/ImageMagick/issues/8994|-|S|1,https://github.com/ImageMagick/ImageMagick/issues/8994,-,S,1,R,CWE-401,L3
https://github.com/ImageMagick/ImageMagick/issues/8994|5950940863|S|0,https://github.com/ImageMagick/ImageMagick/issues/8994,5950940863,S,0,M,CWE-401,T1
https://github.com/bytedance/volclava/issues/118|-|S|0,https://github.com/bytedance/volclava/issues/118,-,S,0,R,CWE-459;CWE-401,"L3,R2"
https://github.com/brendanddev/struccs/issues/10|-|S|0,https://github.com/brendanddev/struccs/issues/10,-,S,0,R,CWE-459;CWE-401,"D1,C2"
https://github.com/brendanddev/struccs/issues/10|-|S|1,https://github.com/brendanddev/struccs/issues/10,-,S,1,R,CWE-459;CWE-401,"R2,N1"
https://github.com/ankurs/Hash-Table/issues/6|5230317267|S|0,https://github.com/ankurs/Hash-Table/issues/6,5230317267,S,0,O,CWE-459;CWE-401,"L1,N1"
https://github.com/valkey-io/valkey-glide-php/issues/328|-|S|0,https://github.com/valkey-io/valkey-glide-php/issues/328,-,S,0,R,CWE-459;CWE-401,R2
https://github.com/valkey-io/valkey-glide-php/issues/328|-|S|1,https://github.com/valkey-io/valkey-glide-php/issues/328,-,S,1,R,CWE-459;CWE-401,"V1,L4"
https://github.com/valkey-io/valkey-glide-php/issues/328|-|S|2,https://github.com/valkey-io/valkey-glide-php/issues/328,-,S,2,R,CWE-459;CWE-401,L1
https://github.com/valkey-io/valkey-glide-php/issues/328|-|S|3,https://github.com/valkey-io/valkey-glide-php/issues/328,-,S,3,R,CWE-459;CWE-401,R3
https://github.com/valkey-io/valkey-glide-php/issues/328|-|S|4,https://github.com/valkey-io/valkey-glide-php/issues/328,-,S,4,R,CWE-459;CWE-401,R3
https://github.com/valkey-io/valkey-glide-php/issues/328|-|S|5,https://github.com/valkey-io/valkey-glide-php/issues/328,-,S,5,R,CWE-459;CWE-401,R2
https://github.com/valkey-io/valkey-glide-php/issues/328|-|S|6,https://github.com/valkey-io/valkey-glide-php/issues/328,-,S,6,R,CWE-459;CWE-401,R4
https://github.com/rgendry/Corewar/issues/6|-|S|0,https://github.com/rgendry/Corewar/issues/6,-,S,0,R,CWE-401,NA
https://github.com/lfortran/lfortran/issues/13969|-|S|0,https://github.com/lfortran/lfortran/issues/13969,-,S,0,R,CWE-401,L3
https://github.com/spoturno/bmsystem/issues/2|-|S|0,https://github.com/spoturno/bmsystem/issues/2,-,S,0,R,CWE-401,R2
https://github.com/lfortran/lfortran/issues/13590|-|S|0,https://github.com/lfortran/lfortran/issues/13590,-,S,0,R,CWE-401,NA
https://github.com/lfortran/lfortran/issues/13590|-|S|1,https://github.com/lfortran/lfortran/issues/13590,-,S,1,R,CWE-401,D1
https://github.com/lfortran/lfortran/issues/13590|-|S|2,https://github.com/lfortran/lfortran/issues/13590,-,S,2,R,CWE-401,T1
https://github.com/vprover/vampire/issues/989|-|S|0,https://github.com/vprover/vampire/issues/989,-,S,0,R,CWE-401,"O2,C1"
https://github.com/vprover/vampire/issues/989|-|S|1,https://github.com/vprover/vampire/issues/989,-,S,1,R,CWE-401,"O1,C1"
https://github.com/vprover/vampire/issues/989|-|S|2,https://github.com/vprover/vampire/issues/989,-,S,2,R,CWE-401,"O1,N3"
https://github.com/vprover/vampire/issues/989|-|S|3,https://github.com/vprover/vampire/issues/989,-,S,3,R,CWE-401,T1
https://github.com/vprover/vampire/issues/981|-|S|0,https://github.com/vprover/vampire/issues/981,-,S,0,R,CWE-401,T1
https://github.com/vprover/vampire/issues/990|-|S|0,https://github.com/vprover/vampire/issues/990,-,S,0,R,CWE-401,"R4,D1"
https://github.com/vprover/vampire/issues/990|-|S|1,https://github.com/vprover/vampire/issues/990,-,S,1,R,CWE-401,T1
https://github.com/lfortran/lfortran/issues/13621|-|S|0,https://github.com/lfortran/lfortran/issues/13621,-,S,0,R,CWE-401,D1
https://github.com/lfortran/lfortran/issues/13621|-|S|1,https://github.com/lfortran/lfortran/issues/13621,-,S,1,R,CWE-401,NA
https://github.com/lfortran/lfortran/issues/13621|-|S|2,https://github.com/lfortran/lfortran/issues/13621,-,S,2,R,CWE-401,T1
https://github.com/vprover/vampire/issues/987|-|S|0,https://github.com/vprover/vampire/issues/987,-,S,0,R,CWE-401,NA
https://github.com/vprover/vampire/issues/987|-|S|1,https://github.com/vprover/vampire/issues/987,-,S,1,R,CWE-401,T1
https://github.com/jaspinegz/babble/issues/3|-|S|0,https://github.com/jaspinegz/babble/issues/3,-,S,0,R,CWE-401,R3
https://github.com/jaspinegz/babble/issues/3|-|S|1,https://github.com/jaspinegz/babble/issues/3,-,S,1,R,CWE-401,O1
https://github.com/jaspinegz/babble/issues/3|-|S|2,https://github.com/jaspinegz/babble/issues/3,-,S,2,R,CWE-401,O1
https://github.com/tsurai/mecab-rs/issues/11|2537826899|S|0,https://github.com/tsurai/mecab-rs/issues/11,2537826899,S,0,O,CWE-401,L1
https://github.com/eclipse-sumo/sumo/issues/6825|-|S|0,https://github.com/eclipse-sumo/sumo/issues/6825,-,S,0,R,,N2
https://github.com/eclipse-sumo/sumo/issues/6825|601609035|S|0,https://github.com/eclipse-sumo/sumo/issues/6825,601609035,S,0,O,,N2
https://github.com/eclipse-sumo/sumo/issues/6825|601613393|S|0,https://github.com/eclipse-sumo/sumo/issues/6825,601613393,S,0,M,,N2
https://github.com/eclipse-sumo/sumo/issues/6825|601925406|S|0,https://github.com/eclipse-sumo/sumo/issues/6825,601925406,S,0,R,,O2
https://github.com/eclipse-sumo/sumo/issues/6825|602449735|S|0,https://github.com/eclipse-sumo/sumo/issues/6825,602449735,S,0,R,,O1
https://github.com/eclipse-sumo/sumo/issues/6825|602449735|S|1,https://github.com/eclipse-sumo/sumo/issues/6825,602449735,S,1,R,,C1
https://github.com/eclipse-sumo/sumo/issues/6825|602560305|S|0,https://github.com/eclipse-sumo/sumo/issues/6825,602560305,S,0,O,,O1
https://github.com/eclipse-sumo/sumo/issues/6825|602560305|S|1,https://github.com/eclipse-sumo/sumo/issues/6825,602560305,S,1,O,,O2
https://github.com/haskell-gi/haskell-gi/issues/23|217804293|S|0,https://github.com/haskell-gi/haskell-gi/issues/23,217804293,S,0,M,,O1
https://github.com/wineasio/wineasio/issues/23|-|S|0,https://github.com/wineasio/wineasio/issues/23,-,S,0,R,CWE-401,NA
https://github.com/godotengine/godot-proposals/issues/10537|-|S|0,https://github.com/godotengine/godot-proposals/issues/10537,-,S,0,R,CWE-401,NA
https://github.com/godotengine/godot-proposals/issues/10537|-|S|1,https://github.com/godotengine/godot-proposals/issues/10537,-,S,1,R,CWE-401,NA
https://github.com/godotengine/godot-proposals/issues/10537|-|S|2,https://github.com/godotengine/godot-proposals/issues/10537,-,S,2,R,CWE-401,NA
https://github.com/godotengine/godot-proposals/issues/10537|-|S|3,https://github.com/godotengine/godot-proposals/issues/10537,-,S,3,R,CWE-401,NA
https://github.com/godotengine/godot-proposals/issues/10537|-|S|4,https://github.com/godotengine/godot-proposals/issues/10537,-,S,4,R,CWE-401,NA
https://github.com/godotengine/godot-proposals/issues/10537|-|S|5,https://github.com/godotengine/godot-proposals/issues/10537,-,S,5,R,CWE-401,NA
https://github.com/godotengine/godot-proposals/issues/10537|-|S|6,https://github.com/godotengine/godot-proposals/issues/10537,-,S,6,R,CWE-401,NA
https://github.com/godotengine/godot-proposals/issues/10537|-|S|7,https://github.com/godotengine/godot-proposals/issues/10537,-,S,7,R,CWE-401,NA
https://github.com/godotengine/godot-proposals/issues/10537|-|S|8,https://github.com/godotengine/godot-proposals/issues/10537,-,S,8,R,CWE-401,NA
https://github.com/godotengine/godot-proposals/issues/10537|-|S|9,https://github.com/godotengine/godot-proposals/issues/10537,-,S,9,R,CWE-401,NA
https://github.com/godotengine/godot-proposals/issues/10537|-|S|10,https://github.com/godotengine/godot-proposals/issues/10537,-,S,10,R,CWE-401,NA
https://github.com/godotengine/godot-proposals/issues/10537|-|S|11,https://github.com/godotengine/godot-proposals/issues/10537,-,S,11,R,CWE-401,NA
https://github.com/godotengine/godot-proposals/issues/10537|2322623618|S|0,https://github.com/godotengine/godot-proposals/issues/10537,2322623618,S,0,R,CWE-401,NA
https://github.com/godotengine/godot-proposals/issues/10537|2322623618|S|1,https://github.com/godotengine/godot-proposals/issues/10537,2322623618,S,1,R,CWE-401,NA
https://github.com/golang/go/issues/51317|-|S|0,https://github.com/golang/go/issues/51317,-,S,0,R,CWE-590;CWE-401,NA
https://github.com/golang/go/issues/51317|-|S|1,https://github.com/golang/go/issues/51317,-,S,1,R,CWE-590;CWE-401,NA
https://github.com/golang/go/issues/51317|1048216229|S|0,https://github.com/golang/go/issues/51317,1048216229,S,0,O,CWE-590;CWE-401,NA
https://github.com/golang/go/issues/51317|1048306511|S|0,https://github.com/golang/go/issues/51317,1048306511,S,0,O,CWE-590;CWE-401,NA
https://github.com/rust-lang/unsafe-code-guidelines/issues/316|1009264011|S|0,https://github.com/rust-lang/unsafe-code-guidelines/issues/316,1009264011,S,0,O,CWE-401,NA
https://github.com/rust-lang/unsafe-code-guidelines/issues/316|1009298561|S|0,https://github.com/rust-lang/unsafe-code-guidelines/issues/316,1009298561,S,0,O,CWE-401,NA
https://github.com/rust-lang/unsafe-code-guidelines/issues/316|1009307564|S|0,https://github.com/rust-lang/unsafe-code-guidelines/issues/316,1009307564,S,0,M,CWE-401,NA
https://github.com/rust-lang/rust/issues/126600|-|S|0,https://github.com/rust-lang/rust/issues/126600,-,S,0,R,,NA
https://github.com/rust-lang/rust/issues/126600|-|S|1,https://github.com/rust-lang/rust/issues/126600,-,S,1,R,,NA
https://github.com/rust-lang/rust/issues/126600|-|S|2,https://github.com/rust-lang/rust/issues/126600,-,S,2,R,,NA
https://github.com/rust-lang/rust/issues/126600|-|S|3,https://github.com/rust-lang/rust/issues/126600,-,S,3,R,,NA
https://github.com/rust-lang/rust/issues/126600|-|S|4,https://github.com/rust-lang/rust/issues/126600,-,S,4,R,,NA
https://github.com/rust-lang/rust/issues/126600|-|S|5,https://github.com/rust-lang/rust/issues/126600,-,S,5,R,,NA
https://github.com/rust-lang/rust/issues/126600|2173754455|S|0,https://github.com/rust-lang/rust/issues/126600,2173754455,S,0,R,,NA
https://github.com/rust-lang/rust/issues/126600|2173929351|S|0,https://github.com/rust-lang/rust/issues/126600,2173929351,S,0,O,,NA
https://github.com/rust-lang/rust/issues/126600|2174321585|S|0,https://github.com/rust-lang/rust/issues/126600,2174321585,S,0,R,,NA
https://github.com/rust-lang/rust/issues/126600|2174321585|S|1,https://github.com/rust-lang/rust/issues/126600,2174321585,S,1,R,,NA
https://github.com/damus-io/nostrdb/issues/24|1874156714|S|0,https://github.com/damus-io/nostrdb/issues/24,1874156714,S,0,O,CWE-459;CWE-401,V1
https://github.com/damus-io/nostrdb/issues/24|1874873881|S|0,https://github.com/damus-io/nostrdb/issues/24,1874873881,S,0,R,CWE-459;CWE-401,R3
https://github.com/jamulussoftware/jamulus/issues/1083|-|S|0,https://github.com/jamulussoftware/jamulus/issues/1083,-,S,0,R,CWE-459;CWE-401,V1
https://github.com/jamulussoftware/jamulus/issues/1083|782854874|S|0,https://github.com/jamulussoftware/jamulus/issues/1083,782854874,S,0,M,CWE-459;CWE-401,"V1,L1"
https://github.com/HateBreed/test_framework_visma/issues/2|-|S|0,https://github.com/HateBreed/test_framework_visma/issues/2,-,S,0,R,CWE-401,"V1,R3"
https://github.com/DynamoRIO/drmemory/issues/108|-|S|0,https://github.com/DynamoRIO/drmemory/issues/108,-,S,0,R,CWE-763;CWE-401,V1
https://github.com/P-H-C/phc-winner-argon2/issues/257|-|S|0,https://github.com/P-H-C/phc-winner-argon2/issues/257,-,S,0,R,CWE-401,C1
https://github.com/P-H-C/phc-winner-argon2/issues/257|-|S|1,https://github.com/P-H-C/phc-winner-argon2/issues/257,-,S,1,R,CWE-401,NA
https://github.com/P-H-C/phc-winner-argon2/issues/257|402156334|S|0,https://github.com/P-H-C/phc-winner-argon2/issues/257,402156334,S,0,O,CWE-401,V1
https://github.com/P-H-C/phc-winner-argon2/issues/257|402156334|S|1,https://github.com/P-H-C/phc-winner-argon2/issues/257,402156334,S,1,O,CWE-401,L2
https://github.com/P-H-C/phc-winner-argon2/issues/257|404157149|S|0,https://github.com/P-H-C/phc-winner-argon2/issues/257,404157149,S,0,O,CWE-401,T1
https://github.com/DynamoRIO/drmemory/issues/2403|-|S|0,https://github.com/DynamoRIO/drmemory/issues/2403,-,S,0,R,CWE-401,"V1,R3"
https://github.com/DynamoRIO/drmemory/issues/2403|-|S|1,https://github.com/DynamoRIO/drmemory/issues/2403,-,S,1,R,CWE-401,R3
https://github.com/DynamoRIO/drmemory/issues/2403|-|S|2,https://github.com/DynamoRIO/drmemory/issues/2403,-,S,2,R,CWE-401,T1
https://github.com/RafaelVVolkmer/libmemalloc/issues/2|-|S|0,https://github.com/RafaelVVolkmer/libmemalloc/issues/2,-,S,0,R,CWE-401,R3
https://github.com/RafaelVVolkmer/libmemalloc/issues/2|-|S|1,https://github.com/RafaelVVolkmer/libmemalloc/issues/2,-,S,1,R,CWE-401,V1
https://github.com/TauLabs/TauLabs/issues/174|-|S|0,https://github.com/TauLabs/TauLabs/issues/174,-,S,0,R,CWE-401,R3
https://github.com/TauLabs/TauLabs/issues/174|-|S|1,https://github.com/TauLabs/TauLabs/issues/174,-,S,1,R,CWE-401,R3
https://github.com/TauLabs/TauLabs/issues/174|12263664|S|0,https://github.com/TauLabs/TauLabs/issues/174,12263664,S,0,R,CWE-401,R3
https://github.com/vinszent/gnome-twitch/issues/272|300018864|S|0,https://github.com/vinszent/gnome-twitch/issues/272,300018864,S,0,O,CWE-401,R3
https://github.com/ddnet/ddnet/issues/12154|-|S|0,https://github.com/ddnet/ddnet/issues/12154,-,S,0,R,CWE-401,"C2,E1"
https://github.com/ddnet/ddnet/issues/12154|-|S|1,https://github.com/ddnet/ddnet/issues/12154,-,S,1,R,CWE-401,"C2,E1"
https://github.com/ddnet/ddnet/issues/12154|-|S|2,https://github.com/ddnet/ddnet/issues/12154,-,S,2,R,CWE-401,"C2,E1"
https://github.com/sonic-net/sonic-buildimage/issues/28696|-|S|0,https://github.com/sonic-net/sonic-buildimage/issues/28696,-,S,0,R,CWE-401,"C2,E1"
https://github.com/sonic-net/sonic-buildimage/issues/28696|-|S|1,https://github.com/sonic-net/sonic-buildimage/issues/28696,-,S,1,R,CWE-401,"C2,E1"
https://github.com/sonic-net/sonic-buildimage/issues/28696|-|S|2,https://github.com/sonic-net/sonic-buildimage/issues/28696,-,S,2,R,CWE-401,T1
https://github.com/sonic-net/sonic-buildimage/issues/28696|-|S|3,https://github.com/sonic-net/sonic-buildimage/issues/28696,-,S,3,R,CWE-401,"C2,E1"
https://github.com/sonic-net/sonic-buildimage/issues/28696|-|S|4,https://github.com/sonic-net/sonic-buildimage/issues/28696,-,S,4,R,CWE-401,"C2,E1"
https://github.com/sonic-net/sonic-buildimage/issues/28696|-|S|5,https://github.com/sonic-net/sonic-buildimage/issues/28696,-,S,5,R,CWE-401,"C2,E1"
https://github.com/sonic-net/sonic-buildimage/issues/28696|-|S|6,https://github.com/sonic-net/sonic-buildimage/issues/28696,-,S,6,R,CWE-401,L3
https://github.com/sonic-net/sonic-buildimage/issues/28696|-|S|7,https://github.com/sonic-net/sonic-buildimage/issues/28696,-,S,7,R,CWE-401,"C2,E1"
https://github.com/clibs/buffer/issues/20|-|S|0,https://github.com/clibs/buffer/issues/20,-,S,0,R,CWE-401,C2
https://github.com/clibs/buffer/issues/20|-|S|1,https://github.com/clibs/buffer/issues/20,-,S,1,R,CWE-401,C2
https://github.com/clibs/buffer/issues/20|-|S|2,https://github.com/clibs/buffer/issues/20,-,S,2,R,CWE-401,E3
https://github.com/lutherhistory/bread-taste/issues/1|-|S|0,https://github.com/lutherhistory/bread-taste/issues/1,-,S,0,R,CWE-401,C2
https://github.com/lutherhistory/bread-taste/issues/1|-|S|1,https://github.com/lutherhistory/bread-taste/issues/1,-,S,1,R,CWE-401,C2
https://github.com/lutherhistory/bread-taste/issues/1|-|S|2,https://github.com/lutherhistory/bread-taste/issues/1,-,S,2,R,CWE-401,NA
https://github.com/AeneasVerif/eurydice/issues/393|-|S|0,https://github.com/AeneasVerif/eurydice/issues/393,-,S,0,R,CWE-401,C2
https://github.com/jcaldwell-labs/boxes-live/issues/88|-|S|0,https://github.com/jcaldwell-labs/boxes-live/issues/88,-,S,0,R,CWE-401,"C2,E1"
https://github.com/Canotas/rsyslog/issues/65|-|S|0,https://github.com/Canotas/rsyslog/issues/65,-,S,0,R,CWE-401,"C2,E1"
https://github.com/knolleary/pubsubclient/issues/755|652932012|S|0,https://github.com/knolleary/pubsubclient/issues/755,652932012,S,0,M,CWE-401,V1
https://github.com/knolleary/pubsubclient/issues/755|652971769|S|0,https://github.com/knolleary/pubsubclient/issues/755,652971769,S,0,R,CWE-401,V1
https://github.com/knolleary/pubsubclient/issues/755|653752201|S|0,https://github.com/knolleary/pubsubclient/issues/755,653752201,S,0,O,CWE-401,V1
https://github.com/OpenPrinting/cups-filters/issues/636|-|S|0,https://github.com/OpenPrinting/cups-filters/issues/636,-,S,0,R,CWE-401,"C2,E1"
https://github.com/OpenPrinting/cups-filters/issues/636|-|S|1,https://github.com/OpenPrinting/cups-filters/issues/636,-,S,1,R,CWE-401,"C2,E1"
https://github.com/OpenPrinting/cups-filters/issues/636|-|S|2,https://github.com/OpenPrinting/cups-filters/issues/636,-,S,2,R,CWE-401,"C2,E1"
https://github.com/OpenPrinting/cups-filters/issues/636|-|S|3,https://github.com/OpenPrinting/cups-filters/issues/636,-,S,3,R,CWE-401,"C2,E1"
https://github.com/OpenPrinting/cups-filters/issues/636|4018392353|S|0,https://github.com/OpenPrinting/cups-filters/issues/636,4018392353,S,0,O,CWE-401,"C2,E1"
https://github.com/OpenPrinting/cups-filters/issues/636|4018392353|S|1,https://github.com/OpenPrinting/cups-filters/issues/636,4018392353,S,1,O,CWE-401,"C2,E1"
https://github.com/OpenPrinting/cups-filters/issues/636|4018392353|S|2,https://github.com/OpenPrinting/cups-filters/issues/636,4018392353,S,2,O,CWE-401,"C2,E1"
https://github.com/OpenPrinting/cups-filters/issues/636|4018392353|S|3,https://github.com/OpenPrinting/cups-filters/issues/636,4018392353,S,3,O,CWE-401,NA
https://github.com/pousoupou/parCer/issues/2|-|S|0,https://github.com/pousoupou/parCer/issues/2,-,S,0,R,CWE-401,"C2,E1"
https://github.com/libui-ng/libui-ng/issues/156|-|S|0,https://github.com/libui-ng/libui-ng/issues/156,-,S,0,R,CWE-459;CWE-401,V1
https://github.com/libui-ng/libui-ng/issues/156|-|S|1,https://github.com/libui-ng/libui-ng/issues/156,-,S,1,R,CWE-459;CWE-401,R3
https://github.com/libsndfile/libsndfile/issues/922|-|S|0,https://github.com/libsndfile/libsndfile/issues/922,-,S,0,R,CWE-459;CWE-401,T1
https://github.com/libsndfile/libsndfile/issues/922|-|S|1,https://github.com/libsndfile/libsndfile/issues/922,-,S,1,R,CWE-459;CWE-401,NA
https://github.com/libsndfile/libsndfile/issues/922|-|S|2,https://github.com/libsndfile/libsndfile/issues/922,-,S,2,R,CWE-459;CWE-401,NA
https://github.com/libsndfile/libsndfile/issues/922|-|S|3,https://github.com/libsndfile/libsndfile/issues/922,-,S,3,R,CWE-459;CWE-401,NA
https://github.com/libsndfile/libsndfile/issues/922|-|S|4,https://github.com/libsndfile/libsndfile/issues/922,-,S,4,R,CWE-459;CWE-401,NA
https://github.com/libsndfile/libsndfile/issues/922|-|S|5,https://github.com/libsndfile/libsndfile/issues/922,-,S,5,R,CWE-459;CWE-401,NA
https://github.com/libsndfile/libsndfile/issues/922|-|S|6,https://github.com/libsndfile/libsndfile/issues/922,-,S,6,R,CWE-459;CWE-401,NA
https://github.com/libsndfile/libsndfile/issues/922|-|S|7,https://github.com/libsndfile/libsndfile/issues/922,-,S,7,R,CWE-459;CWE-401,NA
https://github.com/libsndfile/libsndfile/issues/922|-|S|8,https://github.com/libsndfile/libsndfile/issues/922,-,S,8,R,CWE-459;CWE-401,NA
https://github.com/libsndfile/libsndfile/issues/922|-|S|9,https://github.com/libsndfile/libsndfile/issues/922,-,S,9,R,CWE-459;CWE-401,NA
https://github.com/libsndfile/libsndfile/issues/922|-|S|10,https://github.com/libsndfile/libsndfile/issues/922,-,S,10,R,CWE-459;CWE-401,NA
https://github.com/libsndfile/libsndfile/issues/922|-|S|11,https://github.com/libsndfile/libsndfile/issues/922,-,S,11,R,CWE-459;CWE-401,NA
https://github.com/libsndfile/libsndfile/issues/922|-|S|12,https://github.com/libsndfile/libsndfile/issues/922,-,S,12,R,CWE-459;CWE-401,NA
https://github.com/libsndfile/libsndfile/issues/922|-|S|13,https://github.com/libsndfile/libsndfile/issues/922,-,S,13,R,CWE-459;CWE-401,NA
https://github.com/libsndfile/libsndfile/issues/922|-|S|14,https://github.com/libsndfile/libsndfile/issues/922,-,S,14,R,CWE-459;CWE-401,NA
https://github.com/libsndfile/libsndfile/issues/922|-|S|15,https://github.com/libsndfile/libsndfile/issues/922,-,S,15,R,CWE-459;CWE-401,NA
https://github.com/libsndfile/libsndfile/issues/922|-|S|16,https://github.com/libsndfile/libsndfile/issues/922,-,S,16,R,CWE-459;CWE-401,NA
https://github.com/libsndfile/libsndfile/issues/922|-|S|17,https://github.com/libsndfile/libsndfile/issues/922,-,S,17,R,CWE-459;CWE-401,NA
https://github.com/libsndfile/libsndfile/issues/922|-|S|18,https://github.com/libsndfile/libsndfile/issues/922,-,S,18,R,CWE-459;CWE-401,NA
https://github.com/libsndfile/libsndfile/issues/922|-|S|19,https://github.com/libsndfile/libsndfile/issues/922,-,S,19,R,CWE-459;CWE-401,NA
https://github.com/libsndfile/libsndfile/issues/922|-|S|20,https://github.com/libsndfile/libsndfile/issues/922,-,S,20,R,CWE-459;CWE-401,NA
https://github.com/libsndfile/libsndfile/issues/922|-|S|21,https://github.com/libsndfile/libsndfile/issues/922,-,S,21,R,CWE-459;CWE-401,NA
https://github.com/libsndfile/libsndfile/issues/922|-|S|22,https://github.com/libsndfile/libsndfile/issues/922,-,S,22,R,CWE-459;CWE-401,NA
https://github.com/libsndfile/libsndfile/issues/922|-|S|23,https://github.com/libsndfile/libsndfile/issues/922,-,S,23,R,CWE-459;CWE-401,NA
https://github.com/libsndfile/libsndfile/issues/922|-|S|24,https://github.com/libsndfile/libsndfile/issues/922,-,S,24,R,CWE-459;CWE-401,NA
https://github.com/libsndfile/libsndfile/issues/922|-|S|25,https://github.com/libsndfile/libsndfile/issues/922,-,S,25,R,CWE-459;CWE-401,NA
https://github.com/libsndfile/libsndfile/issues/922|-|S|26,https://github.com/libsndfile/libsndfile/issues/922,-,S,26,R,CWE-459;CWE-401,NA
https://github.com/libsndfile/libsndfile/issues/922|-|S|27,https://github.com/libsndfile/libsndfile/issues/922,-,S,27,R,CWE-459;CWE-401,NA
https://github.com/libsndfile/libsndfile/issues/922|-|S|28,https://github.com/libsndfile/libsndfile/issues/922,-,S,28,R,CWE-459;CWE-401,NA
https://github.com/libsndfile/libsndfile/issues/922|-|S|29,https://github.com/libsndfile/libsndfile/issues/922,-,S,29,R,CWE-459;CWE-401,NA
https://github.com/libsndfile/libsndfile/issues/922|-|S|30,https://github.com/libsndfile/libsndfile/issues/922,-,S,30,R,CWE-459;CWE-401,NA
https://github.com/libsndfile/libsndfile/issues/922|-|S|31,https://github.com/libsndfile/libsndfile/issues/922,-,S,31,R,CWE-459;CWE-401,NA
https://github.com/libsndfile/libsndfile/issues/922|-|S|32,https://github.com/libsndfile/libsndfile/issues/922,-,S,32,R,CWE-459;CWE-401,NA
https://github.com/libsndfile/libsndfile/issues/922|-|S|33,https://github.com/libsndfile/libsndfile/issues/922,-,S,33,R,CWE-459;CWE-401,NA
https://github.com/libsndfile/libsndfile/issues/922|-|S|34,https://github.com/libsndfile/libsndfile/issues/922,-,S,34,R,CWE-459;CWE-401,NA
https://github.com/libsndfile/libsndfile/issues/922|-|S|35,https://github.com/libsndfile/libsndfile/issues/922,-,S,35,R,CWE-459;CWE-401,NA
https://github.com/libsndfile/libsndfile/issues/922|-|S|36,https://github.com/libsndfile/libsndfile/issues/922,-,S,36,R,CWE-459;CWE-401,NA
https://github.com/libsndfile/libsndfile/issues/922|-|S|37,https://github.com/libsndfile/libsndfile/issues/922,-,S,37,R,CWE-459;CWE-401,NA
https://github.com/libsndfile/libsndfile/issues/922|-|S|38,https://github.com/libsndfile/libsndfile/issues/922,-,S,38,R,CWE-459;CWE-401,NA
https://github.com/libsndfile/libsndfile/issues/922|-|S|39,https://github.com/libsndfile/libsndfile/issues/922,-,S,39,R,CWE-459;CWE-401,NA
https://github.com/libsndfile/libsndfile/issues/922|-|S|40,https://github.com/libsndfile/libsndfile/issues/922,-,S,40,R,CWE-459;CWE-401,NA
https://github.com/libsndfile/libsndfile/issues/922|-|S|41,https://github.com/libsndfile/libsndfile/issues/922,-,S,41,R,CWE-459;CWE-401,NA
https://github.com/libsndfile/libsndfile/issues/922|-|S|42,https://github.com/libsndfile/libsndfile/issues/922,-,S,42,R,CWE-459;CWE-401,NA
https://github.com/htacg/tidy-html5/issues/1152|5436548855|S|0,https://github.com/htacg/tidy-html5/issues/1152,5436548855,S,0,O,CWE-459;CWE-401,T1
https://github.com/htacg/tidy-html5/issues/1152|5436548855|S|1,https://github.com/htacg/tidy-html5/issues/1152,5436548855,S,1,O,CWE-459;CWE-401,T1
https://github.com/duckdb/duckdb-excel/issues/96|-|S|0,https://github.com/duckdb/duckdb-excel/issues/96,-,S,0,R,CWE-459;CWE-401,"O2,D3"
https://github.com/duckdb/duckdb-excel/issues/96|-|S|1,https://github.com/duckdb/duckdb-excel/issues/96,-,S,1,R,CWE-459;CWE-401,"D3,L2"
https://github.com/duckdb/duckdb-excel/issues/96|-|S|2,https://github.com/duckdb/duckdb-excel/issues/96,-,S,2,R,CWE-459;CWE-401,D3
https://github.com/freebsd/atf/issues/77|2525258130|S|0,https://github.com/freebsd/atf/issues/77,2525258130,S,0,O,CWE-459;CWE-401,"V1,L1"
https://github.com/freebsd/atf/issues/77|2525258130|S|1,https://github.com/freebsd/atf/issues/77,2525258130,S,1,O,CWE-459;CWE-401,V1
https://github.com/trilinos/Trilinos/issues/15751|5973263218|S|0,https://github.com/trilinos/Trilinos/issues/15751,5973263218,S,0,O,CWE-401,O1
https://github.com/trilinos/Trilinos/issues/15751|5973263218|S|1,https://github.com/trilinos/Trilinos/issues/15751,5973263218,S,1,O,CWE-401,"O1,D1"
https://github.com/chivurazvangabriel/LiminalBlocks/issues/2|-|S|0,https://github.com/chivurazvangabriel/LiminalBlocks/issues/2,-,S,0,R,CWE-459;CWE-401,D1
https://github.com/chivurazvangabriel/LiminalBlocks/issues/2|-|S|1,https://github.com/chivurazvangabriel/LiminalBlocks/issues/2,-,S,1,R,CWE-459;CWE-401,"N3,D1"
https://github.com/eclipse-4diac/4diac-forte/issues/1054|-|S|0,https://github.com/eclipse-4diac/4diac-forte/issues/1054,-,S,0,R,CWE-401,R4
https://github.com/eclipse-4diac/4diac-forte/issues/1054|-|S|1,https://github.com/eclipse-4diac/4diac-forte/issues/1054,-,S,1,R,CWE-401,T1
https://github.com/eclipse-4diac/4diac-forte/issues/1054|5722459222|S|0,https://github.com/eclipse-4diac/4diac-forte/issues/1054,5722459222,S,0,R,CWE-401,"O1,A2"
https://github.com/LoneGazebo/Community-Patch-DLL/issues/13363|-|S|0,https://github.com/LoneGazebo/Community-Patch-DLL/issues/13363,-,S,0,R,CWE-459;CWE-401,"C2,D1"
https://github.com/godotengine/godot/issues/116815|-|S|0,https://github.com/godotengine/godot/issues/116815,-,S,0,R,CWE-401,T1
https://github.com/godotengine/godot/issues/116815|-|S|1,https://github.com/godotengine/godot/issues/116815,-,S,1,R,CWE-401,D1
https://github.com/godotengine/godot/issues/116815|-|S|2,https://github.com/godotengine/godot/issues/116815,-,S,2,R,CWE-401,R3
https://github.com/godotengine/godot/issues/116815|-|S|3,https://github.com/godotengine/godot/issues/116815,-,S,3,R,CWE-401,L2
https://github.com/godotengine/godot/issues/116815|3969355162|S|0,https://github.com/godotengine/godot/issues/116815,3969355162,S,0,O,CWE-401,D1
https://github.com/godotengine/godot/issues/116815|3969391133|S|0,https://github.com/godotengine/godot/issues/116815,3969391133,S,0,R,CWE-401,"O2,L2"
https://github.com/godotengine/godot/issues/116815|3969391133|S|1,https://github.com/godotengine/godot/issues/116815,3969391133,S,1,R,CWE-401,L2
https://github.com/godotengine/godot/issues/116815|3969705601|S|0,https://github.com/godotengine/godot/issues/116815,3969705601,S,0,O,CWE-401,"O2,A2"
https://github.com/godotengine/godot/issues/116815|3972322487|S|0,https://github.com/godotengine/godot/issues/116815,3972322487,S,0,R,CWE-401,O2
https://github.com/godotengine/godot/issues/116815|3985509106|S|0,https://github.com/godotengine/godot/issues/116815,3985509106,S,0,O,CWE-401,O2
https://github.com/godotengine/godot/issues/116815|3985509106|S|1,https://github.com/godotengine/godot/issues/116815,3985509106,S,1,O,CWE-401,O2
https://github.com/IAS-Astrophysics/athenak/issues/716|-|S|0,https://github.com/IAS-Astrophysics/athenak/issues/716,-,S,0,R,CWE-401,D1
https://github.com/nntrainer/nntrainer/issues/4335|-|S|0,https://github.com/nntrainer/nntrainer/issues/4335,-,S,0,R,CWE-762;CWE-761;CWE-763;CWE-459;CWE-401,NA
https://github.com/nntrainer/nntrainer/issues/4335|-|S|1,https://github.com/nntrainer/nntrainer/issues/4335,-,S,1,R,CWE-762;CWE-761;CWE-763;CWE-459;CWE-401,NA
https://github.com/nntrainer/nntrainer/issues/4335|-|S|2,https://github.com/nntrainer/nntrainer/issues/4335,-,S,2,R,CWE-762;CWE-761;CWE-763;CWE-459;CWE-401,T1
https://github.com/nntrainer/nntrainer/issues/4335|-|S|3,https://github.com/nntrainer/nntrainer/issues/4335,-,S,3,R,CWE-762;CWE-761;CWE-763;CWE-459;CWE-401,T1
https://github.com/nntrainer/nntrainer/issues/4335|-|S|4,https://github.com/nntrainer/nntrainer/issues/4335,-,S,4,R,CWE-762;CWE-761;CWE-763;CWE-459;CWE-401,T1
https://github.com/nntrainer/nntrainer/issues/4335|-|S|5,https://github.com/nntrainer/nntrainer/issues/4335,-,S,5,R,CWE-762;CWE-761;CWE-763;CWE-459;CWE-401,L2
https://github.com/nntrainer/nntrainer/issues/4335|-|S|6,https://github.com/nntrainer/nntrainer/issues/4335,-,S,6,R,CWE-762;CWE-761;CWE-763;CWE-459;CWE-401,T1
https://github.com/nntrainer/nntrainer/issues/4335|-|S|7,https://github.com/nntrainer/nntrainer/issues/4335,-,S,7,R,CWE-762;CWE-761;CWE-763;CWE-459;CWE-401,D3
https://github.com/nntrainer/nntrainer/issues/4335|-|S|8,https://github.com/nntrainer/nntrainer/issues/4335,-,S,8,R,CWE-762;CWE-761;CWE-763;CWE-459;CWE-401,C1
https://github.com/nntrainer/nntrainer/issues/4335|-|S|9,https://github.com/nntrainer/nntrainer/issues/4335,-,S,9,R,CWE-762;CWE-761;CWE-763;CWE-459;CWE-401,C2
https://github.com/nntrainer/nntrainer/issues/4335|-|S|10,https://github.com/nntrainer/nntrainer/issues/4335,-,S,10,R,CWE-762;CWE-761;CWE-763;CWE-459;CWE-401,"A1,L2"
https://github.com/nntrainer/nntrainer/issues/4335|-|S|11,https://github.com/nntrainer/nntrainer/issues/4335,-,S,11,R,CWE-762;CWE-761;CWE-763;CWE-459;CWE-401,NA
https://github.com/nntrainer/nntrainer/issues/4335|-|S|12,https://github.com/nntrainer/nntrainer/issues/4335,-,S,12,R,CWE-762;CWE-761;CWE-763;CWE-459;CWE-401,"D4,O2"
https://github.com/nntrainer/nntrainer/issues/4335|-|S|13,https://github.com/nntrainer/nntrainer/issues/4335,-,S,13,R,CWE-762;CWE-761;CWE-763;CWE-459;CWE-401,"O2,D1"
https://github.com/nntrainer/nntrainer/issues/4335|-|S|14,https://github.com/nntrainer/nntrainer/issues/4335,-,S,14,R,CWE-762;CWE-761;CWE-763;CWE-459;CWE-401,N2
https://github.com/nntrainer/nntrainer/issues/4335|-|S|15,https://github.com/nntrainer/nntrainer/issues/4335,-,S,15,R,CWE-762;CWE-761;CWE-763;CWE-459;CWE-401,NA
https://github.com/nntrainer/nntrainer/issues/4335|-|S|16,https://github.com/nntrainer/nntrainer/issues/4335,-,S,16,R,CWE-762;CWE-761;CWE-763;CWE-459;CWE-401,"O1,L4"
https://github.com/nntrainer/nntrainer/issues/4335|5774291451|S|0,https://github.com/nntrainer/nntrainer/issues/4335,5774291451,S,0,R,CWE-762;CWE-761;CWE-763;CWE-459;CWE-401,NA
https://github.com/nntrainer/nntrainer/issues/4335|5774452084|S|0,https://github.com/nntrainer/nntrainer/issues/4335,5774452084,S,0,R,CWE-762;CWE-761;CWE-763;CWE-459;CWE-401,NA
https://github.com/nntrainer/nntrainer/issues/4335|5774452084|S|1,https://github.com/nntrainer/nntrainer/issues/4335,5774452084,S,1,R,CWE-762;CWE-761;CWE-763;CWE-459;CWE-401,T1
https://github.com/cclaude42/minishell/issues/11|-|S|0,https://github.com/cclaude42/minishell/issues/11,-,S,0,R,CWE-459;CWE-401,L1
https://github.com/cclaude42/minishell/issues/11|-|S|1,https://github.com/cclaude42/minishell/issues/11,-,S,1,R,CWE-459;CWE-401,L1
https://github.com/cclaude42/minishell/issues/11|-|S|2,https://github.com/cclaude42/minishell/issues/11,-,S,2,R,CWE-459;CWE-401,L1
https://github.com/cclaude42/minishell/issues/11|-|S|3,https://github.com/cclaude42/minishell/issues/11,-,S,3,R,CWE-459;CWE-401,L1
https://github.com/mappu/miqt/issues/154|-|S|0,https://github.com/mappu/miqt/issues/154,-,S,0,R,CWE-401,"X1,D1"
https://github.com/the-tcpdump-group/tcpdump/issues/1091|1964090117|S|0,https://github.com/the-tcpdump-group/tcpdump/issues/1091,1964090117,S,0,M,CWE-401,"L1,C1"
https://github.com/the-tcpdump-group/tcpdump/issues/1091|1964090117|S|1,https://github.com/the-tcpdump-group/tcpdump/issues/1091,1964090117,S,1,M,CWE-401,L1
https://github.com/yugabyte/yugabyte-db/issues/31066|-|S|0,https://github.com/yugabyte/yugabyte-db/issues/31066,-,S,0,R,CWE-459;CWE-401,"C1,L2"
https://github.com/microsoft/mimalloc/issues/509|-|S|0,https://github.com/microsoft/mimalloc/issues/509,-,S,0,R,CWE-401,R5
https://github.com/microsoft/mimalloc/issues/509|1001712579|S|0,https://github.com/microsoft/mimalloc/issues/509,1001712579,S,0,M,CWE-401,R3
https://github.com/microsoft/mimalloc/issues/509|1001712579|S|1,https://github.com/microsoft/mimalloc/issues/509,1001712579,S,1,M,CWE-401,R5
https://github.com/microsoft/mimalloc/issues/509|1011624436|S|0,https://github.com/microsoft/mimalloc/issues/509,1011624436,S,0,M,CWE-401,R3
https://github.com/michaelrsweet/mxml/issues/356|-|S|0,https://github.com/michaelrsweet/mxml/issues/356,-,S,0,R,CWE-459;CWE-401,T1
https://github.com/michaelrsweet/mxml/issues/356|-|S|1,https://github.com/michaelrsweet/mxml/issues/356,-,S,1,R,CWE-459;CWE-401,T1
https://github.com/openssl/openssl/issues/25294|-|S|0,https://github.com/openssl/openssl/issues/25294,-,S,0,R,,T1
https://github.com/openssl/openssl/issues/25294|-|S|1,https://github.com/openssl/openssl/issues/25294,-,S,1,R,,"L1,D4"
https://github.com/openssl/openssl/issues/25294|-|S|2,https://github.com/openssl/openssl/issues/25294,-,S,2,R,,L1
https://github.com/openssl/openssl/issues/25294|2312107473|S|0,https://github.com/openssl/openssl/issues/25294,2312107473,S,0,M,,L1
https://github.com/openssl/openssl/issues/25294|2312796218|S|0,https://github.com/openssl/openssl/issues/25294,2312796218,S,0,M,,L1
https://github.com/openssl/openssl/issues/25294|2312833287|S|0,https://github.com/openssl/openssl/issues/25294,2312833287,S,0,O,,L1
https://github.com/openssl/openssl/issues/25294|2312833287|S|1,https://github.com/openssl/openssl/issues/25294,2312833287,S,1,O,,L1
https://github.com/libsdl-org/sdl2-compat/issues/255|2626455020|S|0,https://github.com/libsdl-org/sdl2-compat/issues/255,2626455020,S,0,M,CWE-459;CWE-401,R3
https://github.com/DarkFlippers/unleashed-firmware/issues/1029|-|S|0,https://github.com/DarkFlippers/unleashed-firmware/issues/1029,-,S,0,R,CWE-459;CWE-401,D4
https://github.com/DarkFlippers/unleashed-firmware/issues/1029|-|S|1,https://github.com/DarkFlippers/unleashed-firmware/issues/1029,-,S,1,R,CWE-459;CWE-401,O1
https://github.com/DarkFlippers/unleashed-firmware/issues/1029|-|S|2,https://github.com/DarkFlippers/unleashed-firmware/issues/1029,-,S,2,R,CWE-459;CWE-401,N1
https://github.com/DarkFlippers/unleashed-firmware/issues/1029|-|S|3,https://github.com/DarkFlippers/unleashed-firmware/issues/1029,-,S,3,R,CWE-459;CWE-401,"N3,O2"
https://github.com/OpenVPN/openvpn/issues/1059|-|S|0,https://github.com/OpenVPN/openvpn/issues/1059,-,S,0,R,CWE-401,C2
https://github.com/OpenVPN/openvpn/issues/1059|-|S|1,https://github.com/OpenVPN/openvpn/issues/1059,-,S,1,R,CWE-401,C2
https://github.com/BRCode4Fun/Python-Interpreter/issues/2|-|S|0,https://github.com/BRCode4Fun/Python-Interpreter/issues/2,-,S,0,R,CWE-401,D1
https://github.com/BRCode4Fun/Python-Interpreter/issues/2|-|S|1,https://github.com/BRCode4Fun/Python-Interpreter/issues/2,-,S,1,R,CWE-401,"C2,D1"
https://github.com/BRCode4Fun/Python-Interpreter/issues/2|2795593042|S|0,https://github.com/BRCode4Fun/Python-Interpreter/issues/2,2795593042,S,0,R,CWE-401,N3
https://github.com/BRCode4Fun/Python-Interpreter/issues/2|4612821761|S|0,https://github.com/BRCode4Fun/Python-Interpreter/issues/2,4612821761,S,0,M,CWE-401,O1
https://github.com/BRCode4Fun/Python-Interpreter/issues/2|4612821761|S|1,https://github.com/BRCode4Fun/Python-Interpreter/issues/2,4612821761,S,1,M,CWE-401,N2
https://github.com/edwardwawrzynek/ovid/issues/24|-|S|0,https://github.com/edwardwawrzynek/ovid/issues/24,-,S,0,R,CWE-401,O1
https://github.com/edwardwawrzynek/ovid/issues/24|-|S|1,https://github.com/edwardwawrzynek/ovid/issues/24,-,S,1,R,CWE-401,P
https://github.com/ANSHAM1/LSTMiniNet/issues/1|-|S|0,https://github.com/ANSHAM1/LSTMiniNet/issues/1,-,S,0,R,CWE-789;CWE-401,L3
https://github.com/cameron314/concurrentqueue/issues/364|-|S|0,https://github.com/cameron314/concurrentqueue/issues/364,-,S,0,R,CWE-401,L3
https://github.com/cameron314/concurrentqueue/issues/364|-|S|1,https://github.com/cameron314/concurrentqueue/issues/364,-,S,1,R,CWE-401,R3
https://github.com/cameron314/concurrentqueue/issues/364|1766610121|S|0,https://github.com/cameron314/concurrentqueue/issues/364,1766610121,S,0,M,CWE-401,T1
https://github.com/cameron314/concurrentqueue/issues/364|1766685096|S|0,https://github.com/cameron314/concurrentqueue/issues/364,1766685096,S,0,M,CWE-401,L3
https://github.com/projectM-visualizer/projectm/issues/1000|-|S|0,https://github.com/projectM-visualizer/projectm/issues/1000,-,S,0,R,CWE-762;CWE-459;CWE-401,T1
https://github.com/projectM-visualizer/projectm/issues/1000|-|S|1,https://github.com/projectM-visualizer/projectm/issues/1000,-,S,1,R,CWE-762;CWE-459;CWE-401,N1
https://github.com/projectM-visualizer/projectm/issues/1000|-|S|2,https://github.com/projectM-visualizer/projectm/issues/1000,-,S,2,R,CWE-762;CWE-459;CWE-401,"D3,N1"
https://github.com/projectM-visualizer/projectm/issues/1000|-|S|3,https://github.com/projectM-visualizer/projectm/issues/1000,-,S,3,R,CWE-762;CWE-459;CWE-401,L2
https://github.com/projectM-visualizer/projectm/issues/1000|-|S|4,https://github.com/projectM-visualizer/projectm/issues/1000,-,S,4,R,CWE-762;CWE-459;CWE-401,"D3,E1"
https://github.com/projectM-visualizer/projectm/issues/1000|5997314643|S|0,https://github.com/projectM-visualizer/projectm/issues/1000,5997314643,S,0,M,CWE-762;CWE-459;CWE-401,T1
https://github.com/projectM-visualizer/projectm/issues/1000|5997314643|S|1,https://github.com/projectM-visualizer/projectm/issues/1000,5997314643,S,1,M,CWE-762;CWE-459;CWE-401,"D3,N1"
https://github.com/projectM-visualizer/projectm/issues/1000|5997314643|S|2,https://github.com/projectM-visualizer/projectm/issues/1000,5997314643,S,2,M,CWE-762;CWE-459;CWE-401,"D3,E1"
https://github.com/projectM-visualizer/projectm/issues/1000|5997314643|S|3,https://github.com/projectM-visualizer/projectm/issues/1000,5997314643,S,3,M,CWE-762;CWE-459;CWE-401,V1
https://github.com/machinezone/IXWebSocket/issues/490|-|S|0,https://github.com/machinezone/IXWebSocket/issues/490,-,S,0,R,CWE-459;CWE-401,L2
https://github.com/machinezone/IXWebSocket/issues/490|-|S|1,https://github.com/machinezone/IXWebSocket/issues/490,-,S,1,R,CWE-459;CWE-401,N2
https://github.com/machinezone/IXWebSocket/issues/490|1813215608|S|0,https://github.com/machinezone/IXWebSocket/issues/490,1813215608,S,0,R,CWE-459;CWE-401,N2
https://github.com/machinezone/IXWebSocket/issues/490|1813215608|S|1,https://github.com/machinezone/IXWebSocket/issues/490,1813215608,S,1,R,CWE-459;CWE-401,N2
https://github.com/machinezone/IXWebSocket/issues/490|1813215608|S|2,https://github.com/machinezone/IXWebSocket/issues/490,1813215608,S,2,R,CWE-459;CWE-401,N2
https://github.com/PointCloudLibrary/pcl/issues/2225|-|S|0,https://github.com/PointCloudLibrary/pcl/issues/2225,-,S,0,R,CWE-459;CWE-401,"N2,L2"
https://github.com/PointCloudLibrary/pcl/issues/2225|-|S|1,https://github.com/PointCloudLibrary/pcl/issues/2225,-,S,1,R,CWE-459;CWE-401,N2
https://github.com/google/sanitizers/issues/1368|-|S|0,https://github.com/google/sanitizers/issues/1368,-,S,0,R,CWE-590;CWE-761,V1
https://github.com/rehlds/ReHLDS/issues/377|281279386|S|0,https://github.com/rehlds/ReHLDS/issues/377,281279386,S,0,R,CWE-401,NA
https://github.com/rehlds/ReHLDS/issues/377|311100809|S|0,https://github.com/rehlds/ReHLDS/issues/377,311100809,S,0,R,CWE-401,P
https://github.com/swiftlang/swift-corelibs-foundation/issues/5533|-|S|0,https://github.com/swiftlang/swift-corelibs-foundation/issues/5533,-,S,0,R,CWE-590;CWE-763,"A1,R3"
https://github.com/swiftlang/swift-corelibs-foundation/issues/5533|-|S|1,https://github.com/swiftlang/swift-corelibs-foundation/issues/5533,-,S,1,R,CWE-590;CWE-763,NA
https://github.com/google/sanitizers/issues/1849|-|S|0,https://github.com/google/sanitizers/issues/1849,-,S,0,R,CWE-590,R3
https://github.com/google/sanitizers/issues/1849|-|S|1,https://github.com/google/sanitizers/issues/1849,-,S,1,R,CWE-590,R5
https://github.com/google/sanitizers/issues/1849|2665218898|S|0,https://github.com/google/sanitizers/issues/1849,2665218898,S,0,R,CWE-590,R3
https://github.com/google/sanitizers/issues/1849|3231680640|S|0,https://github.com/google/sanitizers/issues/1849,3231680640,S,0,O,CWE-590,NA
https://github.com/google/sanitizers/issues/1849|3231680640|S|1,https://github.com/google/sanitizers/issues/1849,3231680640,S,1,O,CWE-590,NA
https://github.com/lo3-lang/lo3-core/issues/119|-|S|0,https://github.com/lo3-lang/lo3-core/issues/119,-,S,0,R,CWE-590;CWE-789,"A1,E3"
https://github.com/lo3-lang/lo3-core/issues/119|-|S|1,https://github.com/lo3-lang/lo3-core/issues/119,-,S,1,R,CWE-590;CWE-789,NA
https://github.com/lo3-lang/lo3-core/issues/119|-|S|2,https://github.com/lo3-lang/lo3-core/issues/119,-,S,2,R,CWE-590;CWE-789,"A1,E3"
https://github.com/lo3-lang/lo3-core/issues/119|-|S|3,https://github.com/lo3-lang/lo3-core/issues/119,-,S,3,R,CWE-590;CWE-789,"A1,D4"
https://github.com/lo3-lang/lo3-core/issues/119|-|S|4,https://github.com/lo3-lang/lo3-core/issues/119,-,S,4,R,CWE-590;CWE-789,O1
https://github.com/lo3-lang/lo3-core/issues/119|-|S|5,https://github.com/lo3-lang/lo3-core/issues/119,-,S,5,R,CWE-590;CWE-789,O1
https://github.com/openssl/openssl/issues/27736|-|S|0,https://github.com/openssl/openssl/issues/27736,-,S,0,R,CWE-590;CWE-763,"D4,O1"
https://github.com/openssl/openssl/issues/27736|2930709060|S|0,https://github.com/openssl/openssl/issues/27736,2930709060,S,0,M,CWE-590;CWE-763,O1
https://github.com/openssl/openssl/issues/27736|2930709060|S|1,https://github.com/openssl/openssl/issues/27736,2930709060,S,1,M,CWE-590;CWE-763,"O2,C1"
https://github.com/openssl/openssl/issues/27736|2930709060|S|2,https://github.com/openssl/openssl/issues/27736,2930709060,S,2,M,CWE-590;CWE-763,C1
https://github.com/openssl/openssl/issues/27736|2931867411|S|0,https://github.com/openssl/openssl/issues/27736,2931867411,S,0,R,CWE-590;CWE-763,"O2,C1"
https://github.com/openssl/openssl/issues/27736|2931867411|S|1,https://github.com/openssl/openssl/issues/27736,2931867411,S,1,R,CWE-590;CWE-763,"O2,D4,C1"
https://github.com/openssl/openssl/issues/27736|2937162706|S|0,https://github.com/openssl/openssl/issues/27736,2937162706,S,0,R,CWE-590;CWE-763,"O2,C1"
https://github.com/openssl/openssl/issues/27736|2939482941|S|0,https://github.com/openssl/openssl/issues/27736,2939482941,S,0,R,CWE-590;CWE-763,"O2,C1"
https://github.com/openssl/openssl/issues/27736|2939488996|S|0,https://github.com/openssl/openssl/issues/27736,2939488996,S,0,R,CWE-590;CWE-763,"D4,C1"
https://github.com/miguelmartin75/anax/issues/66|-|S|0,https://github.com/miguelmartin75/anax/issues/66,-,S,0,R,CWE-590,NA
https://github.com/miguelmartin75/anax/issues/66|194037137|S|0,https://github.com/miguelmartin75/anax/issues/66,194037137,S,0,M,CWE-590,T1
https://github.com/miguelmartin75/anax/issues/66|196838388|S|0,https://github.com/miguelmartin75/anax/issues/66,196838388,S,0,M,CWE-590,R5
https://github.com/ClickHouse/ClickHouse/issues/120573|-|S|0,https://github.com/ClickHouse/ClickHouse/issues/120573,-,S,0,R,CWE-590;CWE-761;CWE-459,L2
https://github.com/libcpr/cpr/issues/1241|-|S|0,https://github.com/libcpr/cpr/issues/1241,-,S,0,R,CWE-590,NA
https://github.com/libcpr/cpr/issues/1241|3824087653|S|0,https://github.com/libcpr/cpr/issues/1241,3824087653,S,0,M,CWE-590,T1
https://github.com/swiftlang/swift/issues/61669|-|S|0,https://github.com/swiftlang/swift/issues/61669,-,S,0,R,CWE-590,"R3,A1"
https://github.com/alibaba/yalantinglibs/issues/1210|-|S|0,https://github.com/alibaba/yalantinglibs/issues/1210,-,S,0,R,CWE-590;CWE-761;CWE-763,L2
https://github.com/alibaba/yalantinglibs/issues/1210|-|S|1,https://github.com/alibaba/yalantinglibs/issues/1210,-,S,1,R,CWE-590;CWE-761;CWE-763,NA
https://github.com/axiomatic-systems/Bento4/issues/765|-|S|0,https://github.com/axiomatic-systems/Bento4/issues/765,-,S,0,R,CWE-762;CWE-590;CWE-761,NA
https://github.com/axiomatic-systems/Bento4/issues/765|-|S|1,https://github.com/axiomatic-systems/Bento4/issues/765,-,S,1,R,CWE-762;CWE-590;CWE-761,NA
https://github.com/NeoDOS-Project/NeoDOS/issues/476|-|S|0,https://github.com/NeoDOS-Project/NeoDOS/issues/476,-,S,0,R,,NA
https://github.com/NeoDOS-Project/NeoDOS/issues/476|-|S|1,https://github.com/NeoDOS-Project/NeoDOS/issues/476,-,S,1,R,,NA
https://github.com/NeoDOS-Project/NeoDOS/issues/476|-|S|2,https://github.com/NeoDOS-Project/NeoDOS/issues/476,-,S,2,R,,NA
https://github.com/NeoDOS-Project/NeoDOS/issues/476|5982595795|S|0,https://github.com/NeoDOS-Project/NeoDOS/issues/476,5982595795,S,0,R,,NA
https://github.com/NeoDOS-Project/NeoDOS/issues/476|5982595795|S|1,https://github.com/NeoDOS-Project/NeoDOS/issues/476,5982595795,S,1,R,,NA
https://github.com/NeoDOS-Project/NeoDOS/issues/476|5982595795|S|2,https://github.com/NeoDOS-Project/NeoDOS/issues/476,5982595795,S,2,R,,NA
https://github.com/NeoDOS-Project/NeoDOS/issues/476|5983028371|S|0,https://github.com/NeoDOS-Project/NeoDOS/issues/476,5983028371,S,0,R,,"D4,O1"
https://github.com/NeoDOS-Project/NeoDOS/issues/476|5983487912|S|0,https://github.com/NeoDOS-Project/NeoDOS/issues/476,5983487912,S,0,R,,O1
https://github.com/NeoDOS-Project/NeoDOS/issues/476|5983487912|S|1,https://github.com/NeoDOS-Project/NeoDOS/issues/476,5983487912,S,1,R,,NA
https://github.com/NeoDOS-Project/NeoDOS/issues/476|5984117445|S|0,https://github.com/NeoDOS-Project/NeoDOS/issues/476,5984117445,S,0,R,,NA
https://github.com/NeoDOS-Project/NeoDOS/issues/477|-|S|0,https://github.com/NeoDOS-Project/NeoDOS/issues/477,-,S,0,R,CWE-763,NA
https://github.com/NeoDOS-Project/NeoDOS/issues/477|-|S|1,https://github.com/NeoDOS-Project/NeoDOS/issues/477,-,S,1,R,CWE-763,NA
https://github.com/ryanbreen/breenix/issues/638|-|S|0,https://github.com/ryanbreen/breenix/issues/638,-,S,0,R,CWE-763,D4
https://github.com/ryanbreen/breenix/issues/638|-|S|1,https://github.com/ryanbreen/breenix/issues/638,-,S,1,R,CWE-763,D4
https://github.com/ryanbreen/breenix/issues/638|-|S|2,https://github.com/ryanbreen/breenix/issues/638,-,S,2,R,CWE-763,NA
https://github.com/n00b-lang/n00b/issues/228|-|S|0,https://github.com/n00b-lang/n00b/issues/228,-,S,0,R,CWE-590;CWE-763,"A3,D4"
https://github.com/n00b-lang/n00b/issues/228|-|S|1,https://github.com/n00b-lang/n00b/issues/228,-,S,1,R,CWE-590;CWE-763,NA
https://github.com/n00b-lang/n00b/issues/228|-|S|2,https://github.com/n00b-lang/n00b/issues/228,-,S,2,R,CWE-590;CWE-763,D4
https://github.com/n00b-lang/n00b/issues/228|-|S|3,https://github.com/n00b-lang/n00b/issues/228,-,S,3,R,CWE-590;CWE-763,NA
https://github.com/jphein/esp32c6-watch/issues/66|-|S|0,https://github.com/jphein/esp32c6-watch/issues/66,-,S,0,R,,NA
https://github.com/jphein/esp32c6-watch/issues/66|-|S|1,https://github.com/jphein/esp32c6-watch/issues/66,-,S,1,R,,NA
https://github.com/jphein/esp32c6-watch/issues/66|-|S|2,https://github.com/jphein/esp32c6-watch/issues/66,-,S,2,R,,NA
https://github.com/jphein/esp32c6-watch/issues/66|5119636890|S|0,https://github.com/jphein/esp32c6-watch/issues/66,5119636890,S,0,R,,"D4,D2"
https://github.com/jphein/esp32c6-watch/issues/66|5119636890|S|1,https://github.com/jphein/esp32c6-watch/issues/66,5119636890,S,1,R,,NA
https://github.com/jphein/esp32c6-watch/issues/66|5119636890|S|2,https://github.com/jphein/esp32c6-watch/issues/66,5119636890,S,2,R,,NA
https://github.com/jphein/esp32c6-watch/issues/66|5119636890|S|3,https://github.com/jphein/esp32c6-watch/issues/66,5119636890,S,3,R,,NA
https://github.com/jphein/esp32c6-watch/issues/66|5119636890|S|4,https://github.com/jphein/esp32c6-watch/issues/66,5119636890,S,4,R,,D4
https://github.com/jphein/esp32c6-watch/issues/66|5119636890|S|5,https://github.com/jphein/esp32c6-watch/issues/66,5119636890,S,5,R,,R4
https://github.com/jphein/esp32c6-watch/issues/66|5413187211|S|0,https://github.com/jphein/esp32c6-watch/issues/66,5413187211,S,0,R,,NA
https://github.com/Canotas/rsyslog/issues/12|-|S|0,https://github.com/Canotas/rsyslog/issues/12,-,S,0,R,CWE-590,A1
https://github.com/Canotas/rsyslog/issues/12|-|S|1,https://github.com/Canotas/rsyslog/issues/12,-,S,1,R,CWE-590,A1
https://github.com/lep/pjass/issues/12|-|S|0,https://github.com/lep/pjass/issues/12,-,S,0,R,,NA
https://github.com/lep/pjass/issues/12|2561295709|S|0,https://github.com/lep/pjass/issues/12,2561295709,S,0,R,,NA
https://github.com/briar-systems/mach/issues/3865|-|S|0,https://github.com/briar-systems/mach/issues/3865,-,S,0,R,CWE-590;CWE-401,"A1,O1"
https://github.com/briar-systems/mach/issues/3865|-|S|1,https://github.com/briar-systems/mach/issues/3865,-,S,1,R,CWE-590;CWE-401,D1
https://github.com/briar-systems/mach/issues/3865|-|S|2,https://github.com/briar-systems/mach/issues/3865,-,S,2,R,CWE-590;CWE-401,O1
https://github.com/briar-systems/mach/issues/3865|-|S|3,https://github.com/briar-systems/mach/issues/3865,-,S,3,R,CWE-590;CWE-401,O1
https://github.com/ofiwg/libfabric/issues/12928|-|S|0,https://github.com/ofiwg/libfabric/issues/12928,-,S,0,R,CWE-590;CWE-763,R2
https://github.com/ofiwg/libfabric/issues/12928|-|S|1,https://github.com/ofiwg/libfabric/issues/12928,-,S,1,R,CWE-590;CWE-763,A1
https://github.com/ofiwg/libfabric/issues/12928|-|S|2,https://github.com/ofiwg/libfabric/issues/12928,-,S,2,R,CWE-590;CWE-763,"A1,O1"
https://github.com/ofiwg/libfabric/issues/12928|-|S|3,https://github.com/ofiwg/libfabric/issues/12928,-,S,3,R,CWE-590;CWE-763,"X1,D4"
https://github.com/ofiwg/libfabric/issues/12928|5913716101|S|0,https://github.com/ofiwg/libfabric/issues/12928,5913716101,S,0,O,CWE-590;CWE-763,A1
https://github.com/ofiwg/libfabric/issues/12928|5913716101|S|1,https://github.com/ofiwg/libfabric/issues/12928,5913716101,S,1,O,CWE-590;CWE-763,"A1,C1"
https://github.com/ofiwg/libfabric/issues/12928|5913716101|S|2,https://github.com/ofiwg/libfabric/issues/12928,5913716101,S,2,O,CWE-590;CWE-763,"O1,A1"
https://github.com/ofiwg/libfabric/issues/12928|5913716101|S|3,https://github.com/ofiwg/libfabric/issues/12928,5913716101,S,3,O,CWE-590;CWE-763,O1
https://github.com/ofiwg/libfabric/issues/12928|5913716101|S|4,https://github.com/ofiwg/libfabric/issues/12928,5913716101,S,4,O,CWE-590;CWE-763,C1
https://github.com/ofiwg/libfabric/issues/12928|5914122811|S|0,https://github.com/ofiwg/libfabric/issues/12928,5914122811,S,0,O,CWE-590;CWE-763,V1
https://github.com/netblue30/firejail/issues/3662|-|S|0,https://github.com/netblue30/firejail/issues/3662,-,S,0,R,CWE-763,D4
https://github.com/netblue30/firejail/issues/3662|-|S|1,https://github.com/netblue30/firejail/issues/3662,-,S,1,R,CWE-763,T1
https://github.com/netblue30/firejail/issues/3662|706780608|S|0,https://github.com/netblue30/firejail/issues/3662,706780608,S,0,R,CWE-763,O2
https://github.com/netblue30/firejail/issues/3662|706780608|S|1,https://github.com/netblue30/firejail/issues/3662,706780608,S,1,R,CWE-763,"O2,A1"
https://github.com/kofun-lang/kofun/issues/1679|-|S|0,https://github.com/kofun-lang/kofun/issues/1679,-,S,0,R,,NA
https://github.com/kofun-lang/kofun/issues/1679|-|S|1,https://github.com/kofun-lang/kofun/issues/1679,-,S,1,R,,NA
https://github.com/kofun-lang/kofun/issues/1679|5841560627|S|0,https://github.com/kofun-lang/kofun/issues/1679,5841560627,S,0,R,,NA
https://github.com/kofun-lang/kofun/issues/1679|5842241398|S|0,https://github.com/kofun-lang/kofun/issues/1679,5842241398,S,0,R,,NA
https://github.com/kofun-lang/kofun/issues/1679|5842241398|S|1,https://github.com/kofun-lang/kofun/issues/1679,5842241398,S,1,R,,NA
https://github.com/zowe/zowe-common-c/issues/718|-|S|0,https://github.com/zowe/zowe-common-c/issues/718,-,S,0,R,CWE-401,R4
https://github.com/zowe/zowe-common-c/issues/718|-|S|1,https://github.com/zowe/zowe-common-c/issues/718,-,S,1,R,CWE-401,NA
https://github.com/zowe/zowe-common-c/issues/718|-|S|2,https://github.com/zowe/zowe-common-c/issues/718,-,S,2,R,CWE-401,"E3,O1"
https://github.com/zowe/zowe-common-c/issues/718|-|S|3,https://github.com/zowe/zowe-common-c/issues/718,-,S,3,R,CWE-401,D3
https://github.com/zowe/zowe-common-c/issues/718|5794065727|S|0,https://github.com/zowe/zowe-common-c/issues/718,5794065727,S,0,O,CWE-401,NA
https://github.com/Mitotow/c-http-server/issues/1|-|S|0,https://github.com/Mitotow/c-http-server/issues/1,-,S,0,R,CWE-401,L2
https://github.com/Mitotow/c-http-server/issues/1|-|S|1,https://github.com/Mitotow/c-http-server/issues/1,-,S,1,R,CWE-401,C1
https://github.com/Mitotow/c-http-server/issues/1|-|S|2,https://github.com/Mitotow/c-http-server/issues/1,-,S,2,R,CWE-401,D4
https://github.com/Mitotow/c-http-server/issues/1|-|S|3,https://github.com/Mitotow/c-http-server/issues/1,-,S,3,R,CWE-401,"L4,O1"
https://github.com/Mitotow/c-http-server/issues/1|-|S|4,https://github.com/Mitotow/c-http-server/issues/1,-,S,4,R,CWE-401,N2
https://github.com/Mitotow/c-http-server/issues/1|-|S|5,https://github.com/Mitotow/c-http-server/issues/1,-,S,5,R,CWE-401,C1
https://github.com/Mitotow/c-http-server/issues/1|-|S|6,https://github.com/Mitotow/c-http-server/issues/1,-,S,6,R,CWE-401,NA
https://github.com/Mitotow/c-http-server/issues/1|-|S|7,https://github.com/Mitotow/c-http-server/issues/1,-,S,7,R,CWE-401,"O1,D4"
https://github.com/Mitotow/c-http-server/issues/1|-|S|8,https://github.com/Mitotow/c-http-server/issues/1,-,S,8,R,CWE-401,O1
https://github.com/Mitotow/c-http-server/issues/1|-|S|9,https://github.com/Mitotow/c-http-server/issues/1,-,S,9,R,CWE-401,L3
https://github.com/Mitotow/c-http-server/issues/1|-|S|10,https://github.com/Mitotow/c-http-server/issues/1,-,S,10,R,CWE-401,O1
https://github.com/Mitotow/c-http-server/issues/1|-|S|11,https://github.com/Mitotow/c-http-server/issues/1,-,S,11,R,CWE-401,T1
https://github.com/Mitotow/c-http-server/issues/1|-|S|12,https://github.com/Mitotow/c-http-server/issues/1,-,S,12,R,CWE-401,R5
https://github.com/pocketpy/pocketpy/issues/541|-|S|0,https://github.com/pocketpy/pocketpy/issues/541,-,S,0,R,CWE-459;CWE-401,NA
https://github.com/pocketpy/pocketpy/issues/541|-|S|1,https://github.com/pocketpy/pocketpy/issues/541,-,S,1,R,CWE-459;CWE-401,NA
https://github.com/pocketpy/pocketpy/issues/541|-|S|2,https://github.com/pocketpy/pocketpy/issues/541,-,S,2,R,CWE-459;CWE-401,D3
https://github.com/pocketpy/pocketpy/issues/541|5705852653|S|0,https://github.com/pocketpy/pocketpy/issues/541,5705852653,S,0,O,CWE-459;CWE-401,A4
https://github.com/swftools/swftools/issues/239|-|S|0,https://github.com/swftools/swftools/issues/239,-,S,0,R,,T1
https://github.com/swftools/swftools/issues/239|2780218965|S|0,https://github.com/swftools/swftools/issues/239,2780218965,S,0,R,,T1
https://github.com/juce-framework/JUCE/issues/1565|-|S|0,https://github.com/juce-framework/JUCE/issues/1565,-,S,0,R,CWE-590;CWE-761,T1
https://github.com/Perl/perl5/issues/15769|544086358|S|0,https://github.com/Perl/perl5/issues/15769,544086358,S,0,R,CWE-590,NA
https://github.com/Perl/perl5/issues/15769|544086358|S|1,https://github.com/Perl/perl5/issues/15769,544086358,S,1,R,CWE-590,D4
https://github.com/Perl/perl5/issues/15769|544086358|S|2,https://github.com/Perl/perl5/issues/15769,544086358,S,2,R,CWE-590,N2
https://github.com/Perl/perl5/issues/15769|544086358|S|3,https://github.com/Perl/perl5/issues/15769,544086358,S,3,R,CWE-590,NA
https://github.com/scylladb/seastar/issues/111|-|S|0,https://github.com/scylladb/seastar/issues/111,-,S,0,R,CWE-762,"D3,A3"
https://github.com/cmu462/DrawSVG/issues/12|-|S|0,https://github.com/cmu462/DrawSVG/issues/12,-,S,0,R,CWE-762;CWE-761,T1
https://github.com/justdan96/tsMuxer/issues/778|-|S|0,https://github.com/justdan96/tsMuxer/issues/778,-,S,0,R,CWE-762;CWE-761;CWE-459,D3
https://github.com/justdan96/tsMuxer/issues/778|-|S|1,https://github.com/justdan96/tsMuxer/issues/778,-,S,1,R,CWE-762;CWE-761;CWE-459,T1
https://github.com/justdan96/tsMuxer/issues/778|1772427170|S|0,https://github.com/justdan96/tsMuxer/issues/778,1772427170,S,0,M,CWE-762;CWE-761;CWE-459,D3
https://github.com/justdan96/tsMuxer/issues/778|1772427170|S|1,https://github.com/justdan96/tsMuxer/issues/778,1772427170,S,1,M,CWE-762;CWE-761;CWE-459,D3
https://github.com/dsidavis/pdftohtml/issues/6|-|S|0,https://github.com/dsidavis/pdftohtml/issues/6,-,S,0,R,CWE-762;CWE-761,T1
https://github.com/flexpaper/pdf2json/issues/20|-|S|0,https://github.com/flexpaper/pdf2json/issues/20,-,S,0,R,CWE-762;CWE-761,D3
https://github.com/flexpaper/pdf2json/issues/19|-|S|0,https://github.com/flexpaper/pdf2json/issues/19,-,S,0,R,CWE-762;CWE-761,D3
https://github.com/jackaudio/jack2/issues/237|260292223|S|0,https://github.com/jackaudio/jack2/issues/237,260292223,S,0,R,CWE-762,R4
https://github.com/jackaudio/jack2/issues/237|260292507|S|0,https://github.com/jackaudio/jack2/issues/237,260292507,S,0,R,CWE-762,R4
https://github.com/jackaudio/jack2/issues/237|272830178|S|0,https://github.com/jackaudio/jack2/issues/237,272830178,S,0,O,CWE-762,A3
https://github.com/dilawar/sound/issues/4|-|S|0,https://github.com/dilawar/sound/issues/4,-,S,0,R,CWE-762;CWE-761,D3
https://github.com/MythTV/mythtv/issues/1485|-|S|0,https://github.com/MythTV/mythtv/issues/1485,-,S,0,R,CWE-762;CWE-761,NA
https://github.com/MythTV/mythtv/issues/1485|-|S|1,https://github.com/MythTV/mythtv/issues/1485,-,S,1,R,CWE-762;CWE-761,D3
https://github.com/llvm/llvm-project/issues/32304|-|S|0,https://github.com/llvm/llvm-project/issues/32304,-,S,0,R,CWE-762;CWE-761,"A3,D3"
https://github.com/NanoMichael/MicroTeX/issues/193|-|S|0,https://github.com/NanoMichael/MicroTeX/issues/193,-,S,0,R,CWE-762,D3
https://github.com/thorvg/thorvg/issues/4874|-|S|0,https://github.com/thorvg/thorvg/issues/4874,-,S,0,R,CWE-762,D3
https://github.com/BoiseState-AdaptLab/adapt-lidar-tools/issues/242|518811748|S|0,https://github.com/BoiseState-AdaptLab/adapt-lidar-tools/issues/242,518811748,S,0,R,CWE-762,R2
https://github.com/dart-lang/sdk/issues/47346|-|S|0,https://github.com/dart-lang/sdk/issues/47346,-,S,0,R,CWE-762;CWE-459;CWE-401,"R3,D3"
https://github.com/yandex/faster-rnnlm/issues/49|-|S|0,https://github.com/yandex/faster-rnnlm/issues/49,-,S,0,R,CWE-762;CWE-401,D3
https://github.com/yandex/faster-rnnlm/issues/49|-|S|1,https://github.com/yandex/faster-rnnlm/issues/49,-,S,1,R,CWE-762;CWE-401,D3
https://github.com/crazy-goat/php-zvec/issues/228|-|S|0,https://github.com/crazy-goat/php-zvec/issues/228,-,S,0,R,CWE-762,D3
https://github.com/crazy-goat/php-zvec/issues/228|-|S|1,https://github.com/crazy-goat/php-zvec/issues/228,-,S,1,R,CWE-762,"X1,A3"
https://github.com/crazy-goat/php-zvec/issues/228|-|S|2,https://github.com/crazy-goat/php-zvec/issues/228,-,S,2,R,CWE-762,X1
https://github.com/crazy-goat/php-zvec/issues/228|-|S|3,https://github.com/crazy-goat/php-zvec/issues/228,-,S,3,R,CWE-762,"X1,V1"
https://github.com/crazy-goat/php-zvec/issues/228|-|S|4,https://github.com/crazy-goat/php-zvec/issues/228,-,S,4,R,CWE-762,NA
https://github.com/crazy-goat/php-zvec/issues/228|5875287755|S|0,https://github.com/crazy-goat/php-zvec/issues/228,5875287755,S,0,R,CWE-762,NA
https://github.com/crazy-goat/php-zvec/issues/228|5875287755|S|1,https://github.com/crazy-goat/php-zvec/issues/228,5875287755,S,1,R,CWE-762,"X1,V1"
https://github.com/crazy-goat/php-zvec/issues/228|5875287755|S|2,https://github.com/crazy-goat/php-zvec/issues/228,5875287755,S,2,R,CWE-762,T1
https://github.com/crazy-goat/php-zvec/issues/228|5875302884|S|0,https://github.com/crazy-goat/php-zvec/issues/228,5875302884,S,0,R,CWE-762,D3
https://github.com/crazy-goat/php-zvec/issues/228|5875302884|S|1,https://github.com/crazy-goat/php-zvec/issues/228,5875302884,S,1,R,CWE-762,A3
https://github.com/crazy-goat/php-zvec/issues/228|5875302884|S|2,https://github.com/crazy-goat/php-zvec/issues/228,5875302884,S,2,R,CWE-762,D3
https://github.com/crazy-goat/php-zvec/issues/228|5875302884|S|3,https://github.com/crazy-goat/php-zvec/issues/228,5875302884,S,3,R,CWE-762,NA
https://github.com/crazy-goat/php-zvec/issues/228|5875302884|S|4,https://github.com/crazy-goat/php-zvec/issues/228,5875302884,S,4,R,CWE-762,NA
https://github.com/kriszyp/lmdb-js/issues/300|-|S|0,https://github.com/kriszyp/lmdb-js/issues/300,-,S,0,R,CWE-762;CWE-459;CWE-401,D3
https://github.com/OpenGene/fastp/issues/625|-|S|0,https://github.com/OpenGene/fastp/issues/625,-,S,0,R,CWE-762;CWE-459;CWE-401,D3
https://github.com/sillysloft/fluxbox/issues/342|-|S|0,https://github.com/sillysloft/fluxbox/issues/342,-,S,0,R,,NA
https://github.com/DOI-USGS/ISIS3/issues/6160|-|S|0,https://github.com/DOI-USGS/ISIS3/issues/6160,-,S,0,R,CWE-459;CWE-401,"L2,D3"
https://github.com/DOI-USGS/ISIS3/issues/6160|-|S|1,https://github.com/DOI-USGS/ISIS3/issues/6160,-,S,1,R,CWE-459;CWE-401,D3
https://github.com/DOI-USGS/ISIS3/issues/6160|-|S|2,https://github.com/DOI-USGS/ISIS3/issues/6160,-,S,2,R,CWE-459;CWE-401,"L2,D3"
https://github.com/DOI-USGS/ISIS3/issues/6160|-|S|3,https://github.com/DOI-USGS/ISIS3/issues/6160,-,S,3,R,CWE-459;CWE-401,L2
https://github.com/DOI-USGS/ISIS3/issues/6160|5741201079|S|0,https://github.com/DOI-USGS/ISIS3/issues/6160,5741201079,S,0,R,CWE-459;CWE-401,NA
https://github.com/microsoft/mimalloc/issues/251|-|S|0,https://github.com/microsoft/mimalloc/issues/251,-,S,0,R,CWE-762,"R3,D3"
https://github.com/microsoft/mimalloc/issues/251|959683104|S|0,https://github.com/microsoft/mimalloc/issues/251,959683104,S,0,M,CWE-762,V1
https://github.com/brianly/hobocopy/issues/6|-|S|0,https://github.com/brianly/hobocopy/issues/6,-,S,0,R,CWE-762,D3
https://github.com/chriskohlhoff/asio/issues/1391|-|S|0,https://github.com/chriskohlhoff/asio/issues/1391,-,S,0,R,CWE-762,T1
https://github.com/chriskohlhoff/asio/issues/1391|-|S|1,https://github.com/chriskohlhoff/asio/issues/1391,-,S,1,R,CWE-762,T1
https://github.com/llvm/llvm-project/issues/52997|-|S|0,https://github.com/llvm/llvm-project/issues/52997,-,S,0,R,CWE-762,D3
https://github.com/llvm/llvm-project/issues/52997|1139864415|S|0,https://github.com/llvm/llvm-project/issues/52997,1139864415,S,0,O,CWE-762,"V1,D3"
https://github.com/boostorg/cobalt/issues/7|-|S|0,https://github.com/boostorg/cobalt/issues/7,-,S,0,R,CWE-762,D3
https://github.com/boostorg/cobalt/issues/7|-|S|1,https://github.com/boostorg/cobalt/issues/7,-,S,1,R,CWE-762,V1
https://github.com/boostorg/cobalt/issues/7|1614462691|S|0,https://github.com/boostorg/cobalt/issues/7,1614462691,S,0,R,CWE-762,V1
https://github.com/boostorg/cobalt/issues/7|1614462691|S|1,https://github.com/boostorg/cobalt/issues/7,1614462691,S,1,R,CWE-762,NA
https://github.com/boostorg/cobalt/issues/7|1691280524|S|0,https://github.com/boostorg/cobalt/issues/7,1691280524,S,0,M,CWE-762,V1
https://github.com/boostorg/cobalt/issues/7|2821383820|S|0,https://github.com/boostorg/cobalt/issues/7,2821383820,S,0,O,CWE-762,T1
https://github.com/boostorg/cobalt/issues/7|2821383820|S|1,https://github.com/boostorg/cobalt/issues/7,2821383820,S,1,O,CWE-762,T1
https://github.com/narzoul/DDrawCompat/issues/625|5819971319|S|0,https://github.com/narzoul/DDrawCompat/issues/625,5819971319,S,0,M,,T1
https://github.com/narzoul/DDrawCompat/issues/625|5819971319|S|1,https://github.com/narzoul/DDrawCompat/issues/625,5819971319,S,1,M,,T1
https://github.com/narzoul/DDrawCompat/issues/625|5821793617|S|0,https://github.com/narzoul/DDrawCompat/issues/625,5821793617,S,0,R,,NA
https://github.com/narzoul/DDrawCompat/issues/625|5821905606|S|0,https://github.com/narzoul/DDrawCompat/issues/625,5821905606,S,0,M,,T1
https://github.com/narzoul/DDrawCompat/issues/625|5822369903|S|0,https://github.com/narzoul/DDrawCompat/issues/625,5822369903,S,0,R,,T1
https://github.com/narzoul/DDrawCompat/issues/625|5822369903|S|1,https://github.com/narzoul/DDrawCompat/issues/625,5822369903,S,1,R,,T1
https://github.com/narzoul/DDrawCompat/issues/625|5823122305|S|0,https://github.com/narzoul/DDrawCompat/issues/625,5823122305,S,0,M,,A4
https://github.com/narzoul/DDrawCompat/issues/625|5828711713|S|0,https://github.com/narzoul/DDrawCompat/issues/625,5828711713,S,0,R,,NA
https://github.com/narzoul/DDrawCompat/issues/625|5828711713|S|1,https://github.com/narzoul/DDrawCompat/issues/625,5828711713,S,1,R,,A4
https://github.com/flutter/flutter/issues/188635|-|S|0,https://github.com/flutter/flutter/issues/188635,-,S,0,R,,T1
https://github.com/flutter/flutter/issues/188635|-|S|1,https://github.com/flutter/flutter/issues/188635,-,S,1,R,,NA
https://github.com/flutter/flutter/issues/188635|-|S|2,https://github.com/flutter/flutter/issues/188635,-,S,2,R,,NA
https://github.com/flutter/flutter/issues/188635|4811343478|S|0,https://github.com/flutter/flutter/issues/188635,4811343478,S,0,O,,NA
https://github.com/flutter/flutter/issues/188635|4811343478|S|1,https://github.com/flutter/flutter/issues/188635,4811343478,S,1,O,,X1
https://github.com/flutter/flutter/issues/188635|4811343478|S|2,https://github.com/flutter/flutter/issues/188635,4811343478,S,2,O,,T1
https://github.com/flutter/flutter/issues/188635|4830618069|S|0,https://github.com/flutter/flutter/issues/188635,4830618069,S,0,M,,T1
https://github.com/pnggroup/libpng/issues/429|-|S|0,https://github.com/pnggroup/libpng/issues/429,-,S,0,R,,X1
https://github.com/pnggroup/libpng/issues/429|1329153824|S|0,https://github.com/pnggroup/libpng/issues/429,1329153824,S,0,O,,C1
https://github.com/glyn/ipc-channel-mux/issues/33|4162682518|S|0,https://github.com/glyn/ipc-channel-mux/issues/33,4162682518,S,0,R,,T1
https://github.com/glyn/ipc-channel-mux/issues/33|4162682518|S|1,https://github.com/glyn/ipc-channel-mux/issues/33,4162682518,S,1,R,,D4
https://github.com/glyn/ipc-channel-mux/issues/33|4162682518|S|2,https://github.com/glyn/ipc-channel-mux/issues/33,4162682518,S,2,R,,NA
https://github.com/glyn/ipc-channel-mux/issues/33|4162682518|S|3,https://github.com/glyn/ipc-channel-mux/issues/33,4162682518,S,3,R,,D4
https://github.com/glyn/ipc-channel-mux/issues/33|4162682518|S|4,https://github.com/glyn/ipc-channel-mux/issues/33,4162682518,S,4,R,,D4
https://github.com/ValveSoftware/Proton/issues/8206|-|S|0,https://github.com/ValveSoftware/Proton/issues/8206,-,S,0,R,,NA
https://github.com/kcat/openal-soft/issues/1243|3898736463|S|0,https://github.com/kcat/openal-soft/issues/1243,3898736463,S,0,R,,NA
https://github.com/anthropics/claude-code/issues/21875|3856073936|S|0,https://github.com/anthropics/claude-code/issues/21875,3856073936,S,0,R,,D4
https://github.com/anthropics/claude-code/issues/21875|3856073936|S|1,https://github.com/anthropics/claude-code/issues/21875,3856073936,S,1,R,,D4
https://github.com/anthropics/claude-code/issues/21875|3856073936|S|2,https://github.com/anthropics/claude-code/issues/21875,3856073936,S,2,R,,"D4,L2"
https://github.com/anthropics/claude-code/issues/21875|3858309988|S|0,https://github.com/anthropics/claude-code/issues/21875,3858309988,S,0,R,,NA
https://github.com/anthropics/claude-code/issues/21875|3858309988|S|1,https://github.com/anthropics/claude-code/issues/21875,3858309988,S,1,R,,NA
https://github.com/rgleason/weather_routing_pi/issues/659|-|S|0,https://github.com/rgleason/weather_routing_pi/issues/659,-,S,0,R,CWE-459,"D4,X1"
https://github.com/ValveSoftware/Proton/issues/9789|-|S|0,https://github.com/ValveSoftware/Proton/issues/9789,-,S,0,R,,NA
https://github.com/asdf-format/libasdf/issues/250|-|S|0,https://github.com/asdf-format/libasdf/issues/250,-,S,0,R,,"X1,O1"
https://github.com/asdf-format/libasdf/issues/250|-|S|1,https://github.com/asdf-format/libasdf/issues/250,-,S,1,R,,X1
https://github.com/asdf-format/libasdf/issues/250|-|S|2,https://github.com/asdf-format/libasdf/issues/250,-,S,2,R,,X1
https://github.com/asdf-format/libasdf/issues/250|-|S|3,https://github.com/asdf-format/libasdf/issues/250,-,S,3,R,,X1
https://github.com/asdf-format/libasdf/issues/250|-|S|4,https://github.com/asdf-format/libasdf/issues/250,-,S,4,R,,NA
https://github.com/asdf-format/libasdf/issues/250|-|S|5,https://github.com/asdf-format/libasdf/issues/250,-,S,5,R,,X1
https://github.com/GenericMappingTools/gmt/issues/7522|1588160765|S|0,https://github.com/GenericMappingTools/gmt/issues/7522,1588160765,S,0,M,CWE-763,T1
https://github.com/GenericMappingTools/gmt/issues/7522|1588171287|S|0,https://github.com/GenericMappingTools/gmt/issues/7522,1588171287,S,0,M,CWE-763,T1
https://github.com/GenericMappingTools/gmt/issues/7522|1588949195|S|0,https://github.com/GenericMappingTools/gmt/issues/7522,1588949195,S,0,M,CWE-763,T1
https://github.com/dstogov/php-ffi/issues/44|-|S|0,https://github.com/dstogov/php-ffi/issues/44,-,S,0,R,CWE-763,NA
https://github.com/dstogov/php-ffi/issues/44|-|S|1,https://github.com/dstogov/php-ffi/issues/44,-,S,1,R,CWE-763,X1
https://github.com/dstogov/php-ffi/issues/44|-|S|2,https://github.com/dstogov/php-ffi/issues/44,-,S,2,R,CWE-763,NA
https://github.com/dstogov/php-ffi/issues/44|950712843|S|0,https://github.com/dstogov/php-ffi/issues/44,950712843,S,0,M,CWE-763,NA
https://github.com/dstogov/php-ffi/issues/44|950712843|S|1,https://github.com/dstogov/php-ffi/issues/44,950712843,S,1,M,CWE-763,T1
https://github.com/dstogov/php-ffi/issues/44|951100200|S|0,https://github.com/dstogov/php-ffi/issues/44,951100200,S,0,R,CWE-763,T1
https://github.com/dstogov/php-ffi/issues/44|951645164|S|0,https://github.com/dstogov/php-ffi/issues/44,951645164,S,0,R,CWE-763,T1
https://github.com/dstogov/php-ffi/issues/44|953767255|S|0,https://github.com/dstogov/php-ffi/issues/44,953767255,S,0,M,CWE-763,R3
https://github.com/dstogov/php-ffi/issues/44|953767255|S|1,https://github.com/dstogov/php-ffi/issues/44,953767255,S,1,M,CWE-763,R3
https://github.com/ecmwf/eckit/issues/354|-|S|0,https://github.com/ecmwf/eckit/issues/354,-,S,0,R,CWE-763;CWE-401,T1
https://github.com/lfortran/lfortran/issues/13594|-|S|0,https://github.com/lfortran/lfortran/issues/13594,-,S,0,R,CWE-763,T1
https://github.com/NixOS/nix/issues/3973|-|S|0,https://github.com/NixOS/nix/issues/3973,-,S,0,R,CWE-763,T1
https://github.com/NixOS/nix/issues/3973|2125629902|S|0,https://github.com/NixOS/nix/issues/3973,2125629902,S,0,O,CWE-763,T1
https://github.com/NixOS/nix/issues/3973|2126010025|S|0,https://github.com/NixOS/nix/issues/3973,2126010025,S,0,M,CWE-763,T1
https://github.com/NixOS/nix/issues/3973|2323013437|S|0,https://github.com/NixOS/nix/issues/3973,2323013437,S,0,O,CWE-763,T1
https://github.com/NixOS/nix/issues/3973|2323013437|S|1,https://github.com/NixOS/nix/issues/3973,2323013437,S,1,O,CWE-763,T1
https://github.com/alliedmodders/sourcemod/issues/2571|-|S|0,https://github.com/alliedmodders/sourcemod/issues/2571,-,S,0,R,CWE-762;CWE-763;CWE-459,D4
https://github.com/alliedmodders/sourcemod/issues/2571|-|S|1,https://github.com/alliedmodders/sourcemod/issues/2571,-,S,1,R,CWE-762;CWE-763;CWE-459,NA
https://github.com/neatdecisions/detwinner/issues/31|-|S|0,https://github.com/neatdecisions/detwinner/issues/31,-,S,0,R,CWE-763,NA
https://github.com/Electrostatics/apbs/issues/247|-|S|0,https://github.com/Electrostatics/apbs/issues/247,-,S,0,R,CWE-763,T1
https://github.com/hisptoot/BambuSource2Raw/issues/6|1627944764|S|0,https://github.com/hisptoot/BambuSource2Raw/issues/6,1627944764,S,0,M,CWE-763,D4
https://github.com/hisptoot/BambuSource2Raw/issues/6|1627944764|S|1,https://github.com/hisptoot/BambuSource2Raw/issues/6,1627944764,S,1,M,CWE-763,T1
https://github.com/darktable-org/darktable/issues/22436|-|S|0,https://github.com/darktable-org/darktable/issues/22436,-,S,0,R,CWE-763,NA
https://github.com/thegenemyers/FASTGA/issues/32|-|S|0,https://github.com/thegenemyers/FASTGA/issues/32,-,S,0,R,CWE-763,D2
https://github.com/thegenemyers/FASTGA/issues/32|-|S|1,https://github.com/thegenemyers/FASTGA/issues/32,-,S,1,R,CWE-763,T1
https://github.com/sahib/rmlint/issues/633|1741869985|S|0,https://github.com/sahib/rmlint/issues/633,1741869985,S,0,O,CWE-763,D4
https://github.com/lastpass/lastpass-cli/issues/727|-|S|0,https://github.com/lastpass/lastpass-cli/issues/727,-,S,0,R,CWE-763,NA
https://github.com/iains/darwin-xtools/issues/11|2579890085|S|0,https://github.com/iains/darwin-xtools/issues/11,2579890085,S,0,M,CWE-763,R5
https://github.com/nz-nz/Libft/issues/54|-|S|0,https://github.com/nz-nz/Libft/issues/54,-,S,0,R,CWE-763,NA
https://github.com/Tarsnap/kivaloo/issues/324|-|S|0,https://github.com/Tarsnap/kivaloo/issues/324,-,S,0,R,CWE-761;CWE-763;CWE-401,C1
https://github.com/spdk/spdk/issues/3006|-|S|0,https://github.com/spdk/spdk/issues/3006,-,S,0,R,CWE-763,"C1,N2"
https://github.com/spdk/spdk/issues/3006|-|S|1,https://github.com/spdk/spdk/issues/3006,-,S,1,R,CWE-763,"C1,D4"
https://github.com/neogentrics/ReconOS/issues/436|-|S|0,https://github.com/neogentrics/ReconOS/issues/436,-,S,0,R,CWE-763,D2
https://github.com/neogentrics/ReconOS/issues/436|-|S|1,https://github.com/neogentrics/ReconOS/issues/436,-,S,1,R,CWE-763,NA
https://github.com/STMicroelectronics/stm32-mw-usbx/issues/6|-|S|0,https://github.com/STMicroelectronics/stm32-mw-usbx/issues/6,-,S,0,R,CWE-763,D4
https://github.com/STMicroelectronics/stm32-mw-usbx/issues/6|-|S|1,https://github.com/STMicroelectronics/stm32-mw-usbx/issues/6,-,S,1,R,CWE-763,D4
https://github.com/STMicroelectronics/stm32-mw-usbx/issues/6|-|S|2,https://github.com/STMicroelectronics/stm32-mw-usbx/issues/6,-,S,2,R,CWE-763,"L2,D4"
https://github.com/STMicroelectronics/stm32-mw-usbx/issues/6|-|S|3,https://github.com/STMicroelectronics/stm32-mw-usbx/issues/6,-,S,3,R,CWE-763,NA
https://github.com/STMicroelectronics/stm32-mw-usbx/issues/6|5518150893|S|0,https://github.com/STMicroelectronics/stm32-mw-usbx/issues/6,5518150893,S,0,O,CWE-763,T1
https://github.com/STMicroelectronics/stm32-mw-usbx/issues/6|5518150893|S|1,https://github.com/STMicroelectronics/stm32-mw-usbx/issues/6,5518150893,S,1,O,CWE-763,NA
https://github.com/STMicroelectronics/stm32-mw-usbx/issues/6|5518150893|S|2,https://github.com/STMicroelectronics/stm32-mw-usbx/issues/6,5518150893,S,2,O,CWE-763,C1
https://github.com/mentos-team/MentOS/issues/204|-|S|0,https://github.com/mentos-team/MentOS/issues/204,-,S,0,R,CWE-590,NA
https://github.com/mentos-team/MentOS/issues/204|-|S|1,https://github.com/mentos-team/MentOS/issues/204,-,S,1,R,CWE-590,O1
https://github.com/mentos-team/MentOS/issues/204|-|S|2,https://github.com/mentos-team/MentOS/issues/204,-,S,2,R,CWE-590,NA
https://github.com/mentos-team/MentOS/issues/204|5931520033|S|0,https://github.com/mentos-team/MentOS/issues/204,5931520033,S,0,R,CWE-590,NA
https://github.com/mentos-team/MentOS/issues/204|5931520033|S|1,https://github.com/mentos-team/MentOS/issues/204,5931520033,S,1,R,CWE-590,NA
https://github.com/mentos-team/MentOS/issues/204|5931520033|S|2,https://github.com/mentos-team/MentOS/issues/204,5931520033,S,2,R,CWE-590,"O1,L2"
https://github.com/mentos-team/MentOS/issues/204|5931520033|S|3,https://github.com/mentos-team/MentOS/issues/204,5931520033,S,3,R,CWE-590,NA
https://github.com/mentos-team/MentOS/issues/204|5931520033|S|4,https://github.com/mentos-team/MentOS/issues/204,5931520033,S,4,R,CWE-590,NA
https://github.com/mentos-team/MentOS/issues/204|5931520033|S|5,https://github.com/mentos-team/MentOS/issues/204,5931520033,S,5,R,CWE-590,NA
https://github.com/tbeu/matio/issues/347|-|S|0,https://github.com/tbeu/matio/issues/347,-,S,0,R,CWE-789,A4
https://github.com/assimp/assimp/issues/6356|-|S|0,https://github.com/assimp/assimp/issues/6356,-,S,0,R,CWE-789,A4
https://github.com/assimp/assimp/issues/6356|-|S|1,https://github.com/assimp/assimp/issues/6356,-,S,1,R,CWE-789,A4
https://github.com/HDFGroup/hdf5/issues/5831|-|S|0,https://github.com/HDFGroup/hdf5/issues/5831,-,S,0,R,CWE-789,A4
https://github.com/HDFGroup/hdf5/issues/4435|-|S|0,https://github.com/HDFGroup/hdf5/issues/4435,-,S,0,R,CWE-789,A4
https://github.com/libming/libming/issues/276|-|S|0,https://github.com/libming/libming/issues/276,-,S,0,R,CWE-789,A4
https://github.com/axiomatic-systems/Bento4/issues/748|-|S|0,https://github.com/axiomatic-systems/Bento4/issues/748,-,S,0,R,CWE-789,A4
https://github.com/axiomatic-systems/Bento4/issues/748|-|S|1,https://github.com/axiomatic-systems/Bento4/issues/748,-,S,1,R,CWE-789,NA
https://github.com/libming/libming/issues/295|-|S|0,https://github.com/libming/libming/issues/295,-,S,0,R,CWE-789,T1
https://github.com/libming/libming/issues/297|-|S|0,https://github.com/libming/libming/issues/297,-,S,0,R,CWE-789,T1
https://github.com/jerryscript-project/jerryscript/issues/5072|1639358320|S|0,https://github.com/jerryscript-project/jerryscript/issues/5072,1639358320,S,0,M,CWE-789,A4
https://github.com/libming/libming/issues/296|-|S|0,https://github.com/libming/libming/issues/296,-,S,0,R,CWE-789,T1
https://github.com/say10co/web-serv/issues/4|-|S|0,https://github.com/say10co/web-serv/issues/4,-,S,0,R,CWE-789,A4
https://github.com/ispc/ispc/issues/2040|-|S|0,https://github.com/ispc/ispc/issues/2040,-,S,0,R,CWE-789,T1
https://github.com/ispc/ispc/issues/2040|-|S|1,https://github.com/ispc/ispc/issues/2040,-,S,1,R,CWE-789,T1
https://github.com/ispc/ispc/issues/2040|-|S|2,https://github.com/ispc/ispc/issues/2040,-,S,2,R,CWE-789,A4
https://github.com/nhi-nguyen/necko/issues/244|-|S|0,https://github.com/nhi-nguyen/necko/issues/244,-,S,0,R,CWE-789,A4
https://github.com/axiomatic-systems/Bento4/issues/703|-|S|0,https://github.com/axiomatic-systems/Bento4/issues/703,-,S,0,R,CWE-789,A4
https://github.com/uclouvain/openjpeg/issues/1111|-|S|0,https://github.com/uclouvain/openjpeg/issues/1111,-,S,0,R,CWE-789,A4
https://github.com/burakyueksel/physics/issues/17|-|S|0,https://github.com/burakyueksel/physics/issues/17,-,S,0,R,CWE-789;CWE-401,D1
https://github.com/burakyueksel/physics/issues/17|-|S|1,https://github.com/burakyueksel/physics/issues/17,-,S,1,R,CWE-789;CWE-401,"D1,L3"
https://github.com/project-ocre/ocre-runtime/issues/117|-|S|0,https://github.com/project-ocre/ocre-runtime/issues/117,-,S,0,R,CWE-789,NA
https://github.com/universal-ctags/ctags/issues/4409|-|S|0,https://github.com/universal-ctags/ctags/issues/4409,-,S,0,R,CWE-789,T1
https://github.com/redis/hiredis/issues/1357|-|S|0,https://github.com/redis/hiredis/issues/1357,-,S,0,R,CWE-789,T1
https://github.com/redis/hiredis/issues/1357|-|S|1,https://github.com/redis/hiredis/issues/1357,-,S,1,R,CWE-789,A4
https://github.com/php/php-src/issues/22556|-|S|0,https://github.com/php/php-src/issues/22556,-,S,0,R,CWE-789,A4
https://github.com/php/php-src/issues/22556|-|S|1,https://github.com/php/php-src/issues/22556,-,S,1,R,CWE-789,A4
https://github.com/php/php-src/issues/22556|-|S|2,https://github.com/php/php-src/issues/22556,-,S,2,R,CWE-789,A4
https://github.com/swftools/swftools/issues/202|-|S|0,https://github.com/swftools/swftools/issues/202,-,S,0,R,CWE-789,NA
https://github.com/vallentin/LoadBMP/issues/10|-|S|0,https://github.com/vallentin/LoadBMP/issues/10,-,S,0,R,,A4
https://github.com/vallentin/LoadBMP/issues/10|-|S|1,https://github.com/vallentin/LoadBMP/issues/10,-,S,1,R,,A4
https://github.com/Matthias-Wandel/jhead/issues/105|-|S|0,https://github.com/Matthias-Wandel/jhead/issues/105,-,S,0,R,,NA
https://github.com/lieff/minimp4/issues/50|-|S|0,https://github.com/lieff/minimp4/issues/50,-,S,0,R,CWE-789,A4
https://github.com/lieff/minimp4/issues/50|4148251369|S|0,https://github.com/lieff/minimp4/issues/50,4148251369,S,0,O,CWE-789,A4
https://github.com/Tarsnap/tarsnap/issues/715|-|S|0,https://github.com/Tarsnap/tarsnap/issues/715,-,S,0,R,CWE-401,NA
https://github.com/Tarsnap/tarsnap/issues/715|-|S|1,https://github.com/Tarsnap/tarsnap/issues/715,-,S,1,R,CWE-401,NA
https://github.com/Tarsnap/tarsnap/issues/715|-|S|2,https://github.com/Tarsnap/tarsnap/issues/715,-,S,2,R,CWE-401,T1
https://github.com/Tarsnap/tarsnap/issues/715|-|S|3,https://github.com/Tarsnap/tarsnap/issues/715,-,S,3,R,CWE-401,NA
https://github.com/Tarsnap/tarsnap/issues/715|-|S|4,https://github.com/Tarsnap/tarsnap/issues/715,-,S,4,R,CWE-401,A4
https://github.com/samtools/htslib/issues/2090|-|S|0,https://github.com/samtools/htslib/issues/2090,-,S,0,R,CWE-789;CWE-401,"A4,L3"
https://github.com/samtools/htslib/issues/2090|-|S|1,https://github.com/samtools/htslib/issues/2090,-,S,1,R,CWE-789;CWE-401,A4
https://github.com/buster14a/buster/issues/2413|-|S|0,https://github.com/buster14a/buster/issues/2413,-,S,0,R,CWE-789,NA
https://github.com/buster14a/buster/issues/2413|-|S|1,https://github.com/buster14a/buster/issues/2413,-,S,1,R,CWE-789,NA
https://github.com/buster14a/buster/issues/2413|-|S|2,https://github.com/buster14a/buster/issues/2413,-,S,2,R,CWE-789,NA
https://github.com/buster14a/buster/issues/2413|5962681667|S|0,https://github.com/buster14a/buster/issues/2413,5962681667,S,0,R,CWE-789,NA
https://github.com/buster14a/buster/issues/2413|5976429577|S|0,https://github.com/buster14a/buster/issues/2413,5976429577,S,0,R,CWE-789,NA
https://github.com/buster14a/buster/issues/2413|5976515479|S|0,https://github.com/buster14a/buster/issues/2413,5976515479,S,0,R,CWE-789,NA
https://github.com/buster14a/buster/issues/2413|5976761854|S|0,https://github.com/buster14a/buster/issues/2413,5976761854,S,0,R,CWE-789,NA
https://github.com/buster14a/buster/issues/2413|5977690838|S|0,https://github.com/buster14a/buster/issues/2413,5977690838,S,0,R,CWE-789,NA
https://github.com/lucocozz/Argus/issues/59|-|S|0,https://github.com/lucocozz/Argus/issues/59,-,S,0,R,CWE-789,A4
https://github.com/HDFGroup/hdf5/issues/6677|-|S|0,https://github.com/HDFGroup/hdf5/issues/6677,-,S,0,R,CWE-401,L1
https://github.com/HDFGroup/hdf5/issues/6677|5763791235|S|0,https://github.com/HDFGroup/hdf5/issues/6677,5763791235,S,0,R,CWE-401,T1
https://github.com/peryaudo/proskrnl/issues/141|-|S|0,https://github.com/peryaudo/proskrnl/issues/141,-,S,0,R,CWE-789,NA
https://github.com/OpenVisualCloud/SVT-HEVC/issues/632|-|S|0,https://github.com/OpenVisualCloud/SVT-HEVC/issues/632,-,S,0,R,CWE-789,T1
https://github.com/OpenVisualCloud/SVT-HEVC/issues/632|1419660581|S|0,https://github.com/OpenVisualCloud/SVT-HEVC/issues/632,1419660581,S,0,O,CWE-789,A4
