unit_key,thread_url,post_permalink,role,thread_cwe_signatures,codes
a3acd8e31cf8f483,https://stackoverflow.com/questions/25988153/definitely-lost-memory-leak-in-c-program,https://stackoverflow.com/questions/25988153/definitely-lost-memory-leak-in-c-program,asker,CWE-459;CWE-401,"R2,V1"
6886004a911d9f9f,https://stackoverflow.com/questions/25988153/definitely-lost-memory-leak-in-c-program,https://stackoverflow.com/questions/25988153/definitely-lost-memory-leak-in-c-program,asker,CWE-459;CWE-401,L1
e5187697c2428a0c,https://stackoverflow.com/questions/31061326/why-valgrind-report-my-memory-as-definitely-lost,https://stackoverflow.com/questions/31061326/why-valgrind-report-my-memory-as-definitely-lost,asker,CWE-459;CWE-401,R2
dcb94ee4371445e4,https://stackoverflow.com/questions/31061326/why-valgrind-report-my-memory-as-definitely-lost,https://stackoverflow.com/questions/31061326/why-valgrind-report-my-memory-as-definitely-lost,asker,CWE-459;CWE-401,R2
0ef0e40c1887f721,https://stackoverflow.com/questions/31061326/why-valgrind-report-my-memory-as-definitely-lost,https://stackoverflow.com/questions/31061326/why-valgrind-report-my-memory-as-definitely-lost,asker,CWE-459;CWE-401,R5
b7c9564281f660b6,https://stackoverflow.com/questions/51875536/how-to-let-valgrind-to-report-where-a-definitely-lost-happens,https://stackoverflow.com/questions/51875536/how-to-let-valgrind-to-report-where-a-definitely-lost-happens,asker,CWE-459;CWE-401,R4
c8238a55dd65bd28,https://stackoverflow.com/questions/10332561/valgrind-memcheck-tool-didnot-detect-memory-leak,https://stackoverflow.com/questions/10332561/valgrind-memcheck-tool-didnot-detect-memory-leak,asker,CWE-401,R5
cb6d5834d4b28c48,https://stackoverflow.com/questions/56057004/valgrind-shows-definitely-lost-bytes-but-should-be-free,https://stackoverflow.com/questions/56057004/valgrind-shows-definitely-lost-bytes-but-should-be-free,asker,CWE-459;CWE-401,V1
d11081e1389734b4,https://stackoverflow.com/questions/33178242/valgrind-and-pragma-pack2,https://stackoverflow.com/questions/33178242/valgrind-and-pragma-pack2,asker,CWE-459;CWE-401,R2
952d43be187345da,https://stackoverflow.com/questions/19390136/what-can-cause-a-java-native-function-in-c-to-segfault-upon-entry,https://stackoverflow.com/questions/19390136/what-can-cause-a-java-native-function-in-c-to-segfault-upon-entry,asker,CWE-459;CWE-401,NA
0760f05a6a9bbfc4,https://stackoverflow.com/questions/19390136/what-can-cause-a-java-native-function-in-c-to-segfault-upon-entry,https://stackoverflow.com/questions/19390136/what-can-cause-a-java-native-function-in-c-to-segfault-upon-entry,asker,CWE-459;CWE-401,NA
2e2b86d0428eefa5,https://stackoverflow.com/questions/8657337/what-do-the-suppressed-leaks-mean-in-valgrind,https://stackoverflow.com/questions/8657337/what-do-the-suppressed-leaks-mean-in-valgrind,asker,CWE-459;CWE-401,R2
b4cf17133feb8669,https://stackoverflow.com/questions/7886176/memory-not-freed-but-still-reachable-is-it-leaking,https://stackoverflow.com/questions/7886176/memory-not-freed-but-still-reachable-is-it-leaking,asker,CWE-459;CWE-401,"R2,V1"
e57ad5a774a54f9e,https://stackoverflow.com/questions/7886176/memory-not-freed-but-still-reachable-is-it-leaking,https://stackoverflow.com/questions/7886176/memory-not-freed-but-still-reachable-is-it-leaking,asker,CWE-459;CWE-401,D1
5002a1f64b465e79,https://stackoverflow.com/questions/11738938/valgrind-legitimate-possibly-lost-bytes-example,https://stackoverflow.com/questions/11738938/valgrind-legitimate-possibly-lost-bytes-example,asker,CWE-459;CWE-401,R2
0dbd5a9a89e1040e,https://stackoverflow.com/questions/14025613/is-getnameinfo-memory-leaking-confirmed,https://stackoverflow.com/questions/14025613/is-getnameinfo-memory-leaking-confirmed,asker,CWE-459;CWE-401,"V1,R3"
bf79ee90f9e8a339,https://stackoverflow.com/questions/43869559/openmp-has-definitely-lost-memory-leak-from-valgrind,https://stackoverflow.com/questions/43869559/openmp-has-definitely-lost-memory-leak-from-valgrind,asker,CWE-401,R3
79cf8b9229c02207,https://stackoverflow.com/questions/43869559/openmp-has-definitely-lost-memory-leak-from-valgrind,https://stackoverflow.com/questions/43869559/openmp-has-definitely-lost-memory-leak-from-valgrind,asker,CWE-401,R3
a03010e6f92d1820,https://stackoverflow.com/questions/22670130/confusing-output-from-valgrind-shows-indirectly-lost-memory-leaks-but-no-definit,https://stackoverflow.com/questions/22670130/confusing-output-from-valgrind-shows-indirectly-lost-memory-leaks-but-no-definit,asker,CWE-459;CWE-401,R3
731e5e47e42940f9,https://stackoverflow.com/questions/66364507/valgrind-false-memory-leak-for-a-pointer-stored-in-a-static-stdlist,https://stackoverflow.com/questions/66364507/valgrind-false-memory-leak-for-a-pointer-stored-in-a-static-stdlist,asker,CWE-459;CWE-401,R3
88ad37adc102e9ad,https://stackoverflow.com/questions/17357035/memory-leak-despite-using-unique-ptr,https://stackoverflow.com/questions/17357035/memory-leak-despite-using-unique-ptr,asker,CWE-401,G
dc244b93e8fba2b4,https://stackoverflow.com/questions/24201561/valgrind-memory-leak-log,https://stackoverflow.com/questions/24201561/valgrind-memory-leak-log,asker,CWE-401,R2
07d1b377716adffd,https://stackoverflow.com/questions/24201561/valgrind-memory-leak-log,https://stackoverflow.com/questions/24201561/valgrind-memory-leak-log,asker,CWE-401,R2
3aee415b26284442,https://stackoverflow.com/questions/34841678/memory-leak-cin-to-float-on-osx,https://stackoverflow.com/questions/34841678/memory-leak-cin-to-float-on-osx,asker,CWE-459;CWE-401,G
b67942c51dd42e6a,https://stackoverflow.com/questions/14952637/valgrind-conditional-jump-or-move-depends-on-uninitialised-values-does-this,https://stackoverflow.com/questions/14952637/valgrind-conditional-jump-or-move-depends-on-uninitialised-values-does-this,asker,CWE-401,R2
e85d94758cd84eac,https://stackoverflow.com/questions/14952637/valgrind-conditional-jump-or-move-depends-on-uninitialised-values-does-this,https://stackoverflow.com/questions/14952637/valgrind-conditional-jump-or-move-depends-on-uninitialised-values-does-this,asker,CWE-401,V1
eedac34f974cf3be,https://stackoverflow.com/questions/10750299/if-i-specify-a-default-value-for-an-argument-of-type-stdstring-in-c-cou,https://stackoverflow.com/questions/10750299/if-i-specify-a-default-value-for-an-argument-of-type-stdstring-in-c-cou,asker,CWE-401,V1
37ce09c49f38750f,https://stackoverflow.com/questions/10750299/if-i-specify-a-default-value-for-an-argument-of-type-stdstring-in-c-cou,https://stackoverflow.com/questions/10750299/if-i-specify-a-default-value-for-an-argument-of-type-stdstring-in-c-cou,asker,CWE-401,R2
89a220b646227e25,https://stackoverflow.com/questions/10750299/if-i-specify-a-default-value-for-an-argument-of-type-stdstring-in-c-cou,https://stackoverflow.com/questions/10750299/if-i-specify-a-default-value-for-an-argument-of-type-stdstring-in-c-cou,asker,CWE-401,V1
c16ae4dc8166e331,https://stackoverflow.com/questions/1997171/why-does-valgrind-say-basic-sdl-program-is-leaking-memory,https://stackoverflow.com/questions/1997171/why-does-valgrind-say-basic-sdl-program-is-leaking-memory,asker,CWE-459;CWE-401,R3
1bac3b3fac295118,https://stackoverflow.com/questions/1997171/why-does-valgrind-say-basic-sdl-program-is-leaking-memory,https://stackoverflow.com/questions/1997171/why-does-valgrind-say-basic-sdl-program-is-leaking-memory,asker,CWE-459;CWE-401,R3
7eabc6c6ba1e495a,https://stackoverflow.com/questions/15831029/not-using-stdstring-in-exceptions,https://stackoverflow.com/questions/15831029/not-using-stdstring-in-exceptions,asker,CWE-762;CWE-789;CWE-459;CWE-401,NA
b342113825c2d443,https://stackoverflow.com/questions/15831029/not-using-stdstring-in-exceptions,https://stackoverflow.com/questions/15831029/not-using-stdstring-in-exceptions,asker,CWE-762;CWE-789;CWE-459;CWE-401,R4
8e85d53733a8dfde,https://stackoverflow.com/questions/13490718/track-memory-usage-in-c-and-evaluate-memory-consumption,https://stackoverflow.com/questions/13490718/track-memory-usage-in-c-and-evaluate-memory-consumption,asker,CWE-401,R2
4f40aaf00e7e215d,https://stackoverflow.com/questions/6973489/valgrind-and-openmp-still-reachable-and-possibly-lost-is-that-bad,https://stackoverflow.com/questions/6973489/valgrind-and-openmp-still-reachable-and-possibly-lost-is-that-bad,asker,CWE-401,"R2,R3"
c42efa4c2983f7da,https://stackoverflow.com/questions/6973489/valgrind-and-openmp-still-reachable-and-possibly-lost-is-that-bad,https://stackoverflow.com/questions/6973489/valgrind-and-openmp-still-reachable-and-possibly-lost-is-that-bad,asker,CWE-401,R3
9c46f1038efe97f6,https://stackoverflow.com/questions/14073483/how-to-make-qt-gui-apps-in-c-without-memory-leaks,https://stackoverflow.com/questions/14073483/how-to-make-qt-gui-apps-in-c-without-memory-leaks,asker,CWE-401,R3
3fc7fa95cc8aac9b,https://stackoverflow.com/questions/45538993/why-dont-memory-allocators-actively-return-freed-memory-to-the-os,https://stackoverflow.com/questions/45538993/why-dont-memory-allocators-actively-return-freed-memory-to-the-os,asker,CWE-459;CWE-401,L3
8ca18aeed6e78d2c,https://stackoverflow.com/questions/45538993/why-dont-memory-allocators-actively-return-freed-memory-to-the-os,https://stackoverflow.com/questions/45538993/why-dont-memory-allocators-actively-return-freed-memory-to-the-os,asker,CWE-459;CWE-401,NA
f573d4e7d05ac0b6,https://stackoverflow.com/questions/45538993/why-dont-memory-allocators-actively-return-freed-memory-to-the-os,https://stackoverflow.com/questions/45538993/why-dont-memory-allocators-actively-return-freed-memory-to-the-os,asker,CWE-459;CWE-401,L1
cf41dc324e25417a,https://stackoverflow.com/questions/31091276/how-to-avoid-malloc-in-this-recursive-function,https://stackoverflow.com/questions/31091276/how-to-avoid-malloc-in-this-recursive-function,asker,CWE-401,P
0fc694b48e67bd11,https://stackoverflow.com/questions/31091276/how-to-avoid-malloc-in-this-recursive-function,https://stackoverflow.com/questions/31091276/how-to-avoid-malloc-in-this-recursive-function,asker,CWE-401,O1
884f664b8f90d0f0,https://stackoverflow.com/questions/8708758/can-i-force-a-numpy-ndarray-to-take-ownership-of-its-memory,https://stackoverflow.com/questions/8708758/can-i-force-a-numpy-ndarray-to-take-ownership-of-its-memory,asker,CWE-401,O2
e10047333d04e796,https://stackoverflow.com/questions/78170333/clang-leaksanitizer-memory-leak-detection-with-optimized-code,https://stackoverflow.com/questions/78170333/clang-leaksanitizer-memory-leak-detection-with-optimized-code,asker,CWE-401,R5
19f5df46f5ce95d3,https://stackoverflow.com/questions/76031197/why-does-this-function-cause-memory-leaks,https://stackoverflow.com/questions/76031197/why-does-this-function-cause-memory-leaks,asker,CWE-401,G
72cf61cf8507ba02,https://stackoverflow.com/questions/61320241/sanitizer-leak-is-not-detected-when-golang-using-cgo-to-call-c-library,https://stackoverflow.com/questions/61320241/sanitizer-leak-is-not-detected-when-golang-using-cgo-to-call-c-library,asker,CWE-401,X1
18005cfc61c71a91,https://stackoverflow.com/questions/31273016/how-can-i-know-if-leak-sanitizer-is-enabled-at-compile-time,https://stackoverflow.com/questions/31273016/how-can-i-know-if-leak-sanitizer-is-enabled-at-compile-time,asker,CWE-401,R5
cefc6fd7c893fd81,https://stackoverflow.com/questions/31273016/how-can-i-know-if-leak-sanitizer-is-enabled-at-compile-time,https://stackoverflow.com/questions/31273016/how-can-i-know-if-leak-sanitizer-is-enabled-at-compile-time,asker,CWE-401,R5
7f2c8dcf17f2e981,https://stackoverflow.com/questions/73797568/rust-library-returned-box-object-is-automatically-freed-in-c-edit-not-freed,https://stackoverflow.com/questions/73797568/rust-library-returned-box-object-is-automatically-freed-in-c-edit-not-freed,asker,CWE-401,L1
b818d0ddc6085e67,https://stackoverflow.com/questions/64405126/c-blocks-extension-libblocksruntime-use-custom-memory-allocator-boehm-gc-f,https://stackoverflow.com/questions/64405126/c-blocks-extension-libblocksruntime-use-custom-memory-allocator-boehm-gc-f,asker,CWE-401,NA
d2ca9c84f5857c50,https://stackoverflow.com/questions/79998945/leaks-in-papi-event-name-to-code-when-called-concurrently-from-multiple-thread,https://stackoverflow.com/questions/79998945/leaks-in-papi-event-name-to-code-when-called-concurrently-from-multiple-thread,asker,CWE-401,R3
604925af19f2aba2,https://stackoverflow.com/questions/79350384/why-clangs-sanitizer-doesnt-report-memory-leaks-for-global-scope-variables,https://stackoverflow.com/questions/79350384/why-clangs-sanitizer-doesnt-report-memory-leaks-for-global-scope-variables,asker,CWE-401,R2
02e0441b58fc184a,https://stackoverflow.com/questions/79350384/why-clangs-sanitizer-doesnt-report-memory-leaks-for-global-scope-variables,https://stackoverflow.com/questions/79350384/why-clangs-sanitizer-doesnt-report-memory-leaks-for-global-scope-variables,asker,CWE-401,L1
3652a18459deb20c,https://stackoverflow.com/questions/79350384/why-clangs-sanitizer-doesnt-report-memory-leaks-for-global-scope-variables,https://stackoverflow.com/questions/79350384/why-clangs-sanitizer-doesnt-report-memory-leaks-for-global-scope-variables,asker,CWE-401,L1
539389dd70177ed2,https://stackoverflow.com/questions/79350384/why-clangs-sanitizer-doesnt-report-memory-leaks-for-global-scope-variables,https://stackoverflow.com/questions/79350384/why-clangs-sanitizer-doesnt-report-memory-leaks-for-global-scope-variables,asker,CWE-401,R5
73b49026eab62705,https://stackoverflow.com/questions/66075705/suppress-indirect-leaks-caused-by-third-party-libraries,https://stackoverflow.com/questions/66075705/suppress-indirect-leaks-caused-by-third-party-libraries,asker,CWE-459;CWE-401,R3
a6cf37c7700e33e2,https://stackoverflow.com/questions/53404321/where-does-this-memory-leak-come-from,https://stackoverflow.com/questions/53404321/where-does-this-memory-leak-come-from,asker,CWE-401,R4
8e8c07ce582ce223,https://stackoverflow.com/questions/53404321/where-does-this-memory-leak-come-from,https://stackoverflow.com/questions/53404321/where-does-this-memory-leak-come-from,asker,CWE-401,G
844356ec4a1b002b,https://stackoverflow.com/questions/55398804/exception-in-constructor-and-memory-leaks,https://stackoverflow.com/questions/55398804/exception-in-constructor-and-memory-leaks,asker,CWE-401,P
3888cf349a76f676,https://stackoverflow.com/questions/55398804/exception-in-constructor-and-memory-leaks,https://stackoverflow.com/questions/55398804/exception-in-constructor-and-memory-leaks,asker,CWE-401,V1
6a1b1b72bab03ad2,https://stackoverflow.com/questions/55398804/exception-in-constructor-and-memory-leaks,https://stackoverflow.com/questions/55398804/exception-in-constructor-and-memory-leaks,asker,CWE-401,R5
6e3582d27477e3e6,https://stackoverflow.com/questions/55398804/exception-in-constructor-and-memory-leaks,https://stackoverflow.com/questions/55398804/exception-in-constructor-and-memory-leaks,asker,CWE-401,V1
49ddda5c8c972d6a,https://stackoverflow.com/questions/76108611/memory-leak-in-move-constructor,https://stackoverflow.com/questions/76108611/memory-leak-in-move-constructor,asker,CWE-459;CWE-401,P
46d3fca6cbd1d2b4,https://stackoverflow.com/questions/70678060/vulkan-physical-device-selection-causes-memory-leaks,https://stackoverflow.com/questions/70678060/vulkan-physical-device-selection-causes-memory-leaks,asker,CWE-401,R3
88bd2952bf849c19,https://stackoverflow.com/questions/70678060/vulkan-physical-device-selection-causes-memory-leaks,https://stackoverflow.com/questions/70678060/vulkan-physical-device-selection-causes-memory-leaks,asker,CWE-401,G
c491ec1e82435de5,https://stackoverflow.com/questions/30374655/using-address-sanitizer-with-opencv,https://stackoverflow.com/questions/30374655/using-address-sanitizer-with-opencv,asker,CWE-789;CWE-401,R5
93567abac41d0ff9,https://stackoverflow.com/questions/59306779/memory-leak-during-unordered-mapinsert-keyequal-exception-with-gcc-breaking,https://stackoverflow.com/questions/59306779/memory-leak-during-unordered-mapinsert-keyequal-exception-with-gcc-breaking,asker,CWE-459;CWE-401,C1
dccc6972c47c06c7,https://stackoverflow.com/questions/59306779/memory-leak-during-unordered-mapinsert-keyequal-exception-with-gcc-breaking,https://stackoverflow.com/questions/59306779/memory-leak-during-unordered-mapinsert-keyequal-exception-with-gcc-breaking,asker,CWE-459;CWE-401,C1
21b2f1eb25685932,https://stackoverflow.com/questions/57749945/leaksanitizer-and-leaky-libraries,https://stackoverflow.com/questions/57749945/leaksanitizer-and-leaky-libraries,asker,CWE-401,R5
c6a60dad1df0ea4a,https://stackoverflow.com/questions/66406763/c-coroutine-leaking-memory-and-frame,https://stackoverflow.com/questions/66406763/c-coroutine-leaking-memory-and-frame,asker,CWE-459;CWE-401,R2
163d59e65bb1e5ee,https://stackoverflow.com/questions/66406763/c-coroutine-leaking-memory-and-frame,https://stackoverflow.com/questions/66406763/c-coroutine-leaking-memory-and-frame,asker,CWE-459;CWE-401,G
2a4f523214ea1bce,https://stackoverflow.com/questions/75716112/does-qt-leak-memory,https://stackoverflow.com/questions/75716112/does-qt-leak-memory,asker,CWE-459;CWE-401,R3
cfe4304190fd6442,https://stackoverflow.com/questions/46575977/how-to-find-reason-of-memory-leak-with-leak-sanitizer,https://stackoverflow.com/questions/46575977/how-to-find-reason-of-memory-leak-with-leak-sanitizer,asker,CWE-401,R4
c8ffbd470fd4fb93,https://stackoverflow.com/questions/44627258/addresssanitizer-and-loading-of-dynamic-libraries-at-runtime-unknown-module,https://stackoverflow.com/questions/44627258/addresssanitizer-and-loading-of-dynamic-libraries-at-runtime-unknown-module,asker,CWE-401,R4
f43fc17d1f219751,https://stackoverflow.com/questions/20401823/memory-leak-realloc-function,https://stackoverflow.com/questions/20401823/memory-leak-realloc-function,asker,CWE-401,C2
018fafa43aa6d1ce,https://stackoverflow.com/questions/52479755/valgrind-memory-leak-during-realloc,https://stackoverflow.com/questions/52479755/valgrind-memory-leak-during-realloc,asker,CWE-401,R2
7e5bb6c9c6ddc09e,https://stackoverflow.com/questions/52479755/valgrind-memory-leak-during-realloc,https://stackoverflow.com/questions/52479755/valgrind-memory-leak-during-realloc,asker,CWE-401,R2
f47f150d0eb2d0db,https://stackoverflow.com/questions/28915036/realloc-strange-memory-leak,https://stackoverflow.com/questions/28915036/realloc-strange-memory-leak,asker,CWE-401,D1
4009f3220e865d87,https://stackoverflow.com/questions/58189961/why-doesnt-valgrind-detect-this-possible-memory-leak-due-to-realloc,https://stackoverflow.com/questions/58189961/why-doesnt-valgrind-detect-this-possible-memory-leak-due-to-realloc,asker,CWE-401,C2
6714898af39c051b,https://stackoverflow.com/questions/58189961/why-doesnt-valgrind-detect-this-possible-memory-leak-due-to-realloc,https://stackoverflow.com/questions/58189961/why-doesnt-valgrind-detect-this-possible-memory-leak-due-to-realloc,asker,CWE-401,C2
1c18d531a5b8bdc5,https://stackoverflow.com/questions/27589846/dynamic-arrays-using-realloc-without-memory-leaks,https://stackoverflow.com/questions/27589846/dynamic-arrays-using-realloc-without-memory-leaks,asker,CWE-401,D1
73063f5c79aa4b97,https://stackoverflow.com/questions/4548385/realloc-leaking-memory,https://stackoverflow.com/questions/4548385/realloc-leaking-memory,asker,CWE-459;CWE-401,C2
74a014164eb93682,https://stackoverflow.com/questions/7078019/using-realloc-to-shrink-the-allocated-memory,https://stackoverflow.com/questions/7078019/using-realloc-to-shrink-the-allocated-memory,asker,CWE-401,C2
c97e2d9157212cad,https://stackoverflow.com/questions/7078019/using-realloc-to-shrink-the-allocated-memory,https://stackoverflow.com/questions/7078019/using-realloc-to-shrink-the-allocated-memory,asker,CWE-401,C2
ed9d1ecd65035ed9,https://stackoverflow.com/questions/7078019/using-realloc-to-shrink-the-allocated-memory,https://stackoverflow.com/questions/7078019/using-realloc-to-shrink-the-allocated-memory,asker,CWE-401,V1
97ba309976132985,https://stackoverflow.com/questions/3317207/should-i-free-allocated-memory-on-abnormal-termination,https://stackoverflow.com/questions/3317207/should-i-free-allocated-memory-on-abnormal-termination,asker,CWE-763;CWE-401,L1
4f5fa3e47d105aef,https://stackoverflow.com/questions/3317207/should-i-free-allocated-memory-on-abnormal-termination,https://stackoverflow.com/questions/3317207/should-i-free-allocated-memory-on-abnormal-termination,asker,CWE-763;CWE-401,L1
f29b5145e3677687,https://stackoverflow.com/questions/40975450/using-fgetws-after-setting-a-utf-8-locale,https://stackoverflow.com/questions/40975450/using-fgetws-after-setting-a-utf-8-locale,asker,CWE-459;CWE-401,NA
a7e86a2c560a9725,https://stackoverflow.com/questions/40975450/using-fgetws-after-setting-a-utf-8-locale,https://stackoverflow.com/questions/40975450/using-fgetws-after-setting-a-utf-8-locale,asker,CWE-459;CWE-401,R3
23de9c2c340a9521,https://stackoverflow.com/questions/1611756/memory-management-and-realloc,https://stackoverflow.com/questions/1611756/memory-management-and-realloc,asker,CWE-401,D1
13920db1b50274da,https://stackoverflow.com/questions/32953397/why-does-valgrind-show-a-memory-leak-on-a-calloc-statement,https://stackoverflow.com/questions/32953397/why-does-valgrind-show-a-memory-leak-on-a-calloc-statement,asker,CWE-762;CWE-763;CWE-459;CWE-401,NA
c5e93c3c0795f6c4,https://stackoverflow.com/questions/32953397/why-does-valgrind-show-a-memory-leak-on-a-calloc-statement,https://stackoverflow.com/questions/32953397/why-does-valgrind-show-a-memory-leak-on-a-calloc-statement,asker,CWE-762;CWE-763;CWE-459;CWE-401,NA
986df37c5c2b0b0b,https://stackoverflow.com/questions/21000218/strdup-memory-leak-even-after-free,https://stackoverflow.com/questions/21000218/strdup-memory-leak-even-after-free,asker,CWE-401,E1
cb98714a7e99fbf9,https://stackoverflow.com/questions/5873029/questions-about-putenv-and-setenv,https://stackoverflow.com/questions/5873029/questions-about-putenv-and-setenv,asker,CWE-401,NA
054e4ffa76be9a18,https://stackoverflow.com/questions/5873029/questions-about-putenv-and-setenv,https://stackoverflow.com/questions/5873029/questions-about-putenv-and-setenv,asker,CWE-401,A2
356132dca55f82ca,https://stackoverflow.com/questions/63930204/is-file-reassignment-without-fclose-okay,https://stackoverflow.com/questions/63930204/is-file-reassignment-without-fclose-okay,asker,CWE-401,E1
f9bbbeb7308c0007,https://stackoverflow.com/questions/63930204/is-file-reassignment-without-fclose-okay,https://stackoverflow.com/questions/63930204/is-file-reassignment-without-fclose-okay,asker,CWE-401,V1
85184caa23b78856,https://stackoverflow.com/questions/29132197/is-it-safe-to-allocate-memory-from-with-a-c-function,https://stackoverflow.com/questions/29132197/is-it-safe-to-allocate-memory-from-with-a-c-function,asker,CWE-401,NA
98e3ca25092a2744,https://stackoverflow.com/questions/24865899/c-program-performance-depreciation-after-multiple-runs,https://stackoverflow.com/questions/24865899/c-program-performance-depreciation-after-multiple-runs,asker,CWE-401,G
60521ba849a15d2c,https://stackoverflow.com/questions/19826688/c-activex-replacing-realloc-with-malloc-memcpy-free-functional-and-performa,https://stackoverflow.com/questions/19826688/c-activex-replacing-realloc-with-malloc-memcpy-free-functional-and-performa,asker,CWE-401,NA
72cc7ad98311339a,https://stackoverflow.com/questions/25962716/constructor-finishes-by-throwing-an-exception-is-there-a-memory-leak,https://stackoverflow.com/questions/25962716/constructor-finishes-by-throwing-an-exception-is-there-a-memory-leak,asker,CWE-459;CWE-401,C1
5a3e40de8f16cf79,https://stackoverflow.com/questions/5776218/dynamic-allocated-linked-list-in-c-what-to-do-after-exception-to-prevent-memor,https://stackoverflow.com/questions/5776218/dynamic-allocated-linked-list-in-c-what-to-do-after-exception-to-prevent-memor,asker,CWE-762;CWE-459;CWE-401,C1
260e9944fcc2dbf5,https://stackoverflow.com/questions/5776218/dynamic-allocated-linked-list-in-c-what-to-do-after-exception-to-prevent-memor,https://stackoverflow.com/questions/5776218/dynamic-allocated-linked-list-in-c-what-to-do-after-exception-to-prevent-memor,asker,CWE-762;CWE-459;CWE-401,C1
6c21f51efe6d0f44,https://stackoverflow.com/questions/4094996/what-happens-to-the-memory-allocated-by-new-if-the-constructor-throws,https://stackoverflow.com/questions/4094996/what-happens-to-the-memory-allocated-by-new-if-the-constructor-throws,asker,CWE-401,C1
bf1737f547cb085d,https://stackoverflow.com/questions/4094996/what-happens-to-the-memory-allocated-by-new-if-the-constructor-throws,https://stackoverflow.com/questions/4094996/what-happens-to-the-memory-allocated-by-new-if-the-constructor-throws,asker,CWE-401,V1
944732a381e55a7a,https://stackoverflow.com/questions/4094996/what-happens-to-the-memory-allocated-by-new-if-the-constructor-throws,https://stackoverflow.com/questions/4094996/what-happens-to-the-memory-allocated-by-new-if-the-constructor-throws,asker,CWE-401,V1
1202e50478061b53,https://stackoverflow.com/questions/20067830/is-there-might-be-memory-leak-to-allocate-shared-ptr-on-the-heap,https://stackoverflow.com/questions/20067830/is-there-might-be-memory-leak-to-allocate-shared-ptr-on-the-heap,asker,CWE-789;CWE-401,V1
18b14c62255fcd61,https://stackoverflow.com/questions/20067830/is-there-might-be-memory-leak-to-allocate-shared-ptr-on-the-heap,https://stackoverflow.com/questions/20067830/is-there-might-be-memory-leak-to-allocate-shared-ptr-on-the-heap,asker,CWE-789;CWE-401,C1
2512d4ec5f9a3158,https://stackoverflow.com/questions/54340326/what-will-happens-if-before-freeing-memory-allocated-by-new-operator-exception,https://stackoverflow.com/questions/54340326/what-will-happens-if-before-freeing-memory-allocated-by-new-operator-exception,asker,CWE-762;CWE-401,C1
cfe95219b43c1375,https://stackoverflow.com/questions/54340326/what-will-happens-if-before-freeing-memory-allocated-by-new-operator-exception,https://stackoverflow.com/questions/54340326/what-will-happens-if-before-freeing-memory-allocated-by-new-operator-exception,asker,CWE-762;CWE-401,C1
d10eb595bdb07613,https://stackoverflow.com/questions/54340326/what-will-happens-if-before-freeing-memory-allocated-by-new-operator-exception,https://stackoverflow.com/questions/54340326/what-will-happens-if-before-freeing-memory-allocated-by-new-operator-exception,asker,CWE-762;CWE-401,V1
d50521101a51c68c,https://stackoverflow.com/questions/17804312/how-to-avoid-memory-leak-when-throwing-exception-between-a-c-non-clr-to-clr-dl,https://stackoverflow.com/questions/17804312/how-to-avoid-memory-leak-when-throwing-exception-between-a-c-non-clr-to-clr-dl,asker,CWE-401,X1
ce948286053e990e,https://stackoverflow.com/questions/17804312/how-to-avoid-memory-leak-when-throwing-exception-between-a-c-non-clr-to-clr-dl,https://stackoverflow.com/questions/17804312/how-to-avoid-memory-leak-when-throwing-exception-between-a-c-non-clr-to-clr-dl,asker,CWE-401,G
b1d0ab5280343c5b,https://stackoverflow.com/questions/5776206/dynamically-allocated-linked-list-in-c-what-to-do-after-exception-to-prevent-m,https://stackoverflow.com/questions/5776206/dynamically-allocated-linked-list-in-c-what-to-do-after-exception-to-prevent-m,asker,CWE-762;CWE-459;CWE-401,C1
3b9bd58efa840222,https://stackoverflow.com/questions/5776206/dynamically-allocated-linked-list-in-c-what-to-do-after-exception-to-prevent-m,https://stackoverflow.com/questions/5776206/dynamically-allocated-linked-list-in-c-what-to-do-after-exception-to-prevent-m,asker,CWE-762;CWE-459;CWE-401,C1
537a20ec4d0a0991,https://stackoverflow.com/questions/6783939/does-using-references-instead-of-pointers-resolve-memory-leaks-in-c,https://stackoverflow.com/questions/6783939/does-using-references-instead-of-pointers-resolve-memory-leaks-in-c,asker,CWE-762;CWE-401,P
dbb874e7b4b696e7,https://stackoverflow.com/questions/6783939/does-using-references-instead-of-pointers-resolve-memory-leaks-in-c,https://stackoverflow.com/questions/6783939/does-using-references-instead-of-pointers-resolve-memory-leaks-in-c,asker,CWE-762;CWE-401,P
bfdad52301e634b6,https://stackoverflow.com/questions/6783939/does-using-references-instead-of-pointers-resolve-memory-leaks-in-c,https://stackoverflow.com/questions/6783939/does-using-references-instead-of-pointers-resolve-memory-leaks-in-c,asker,CWE-762;CWE-401,P
ac7b31a5ee1accf2,https://stackoverflow.com/questions/6783939/does-using-references-instead-of-pointers-resolve-memory-leaks-in-c,https://stackoverflow.com/questions/6783939/does-using-references-instead-of-pointers-resolve-memory-leaks-in-c,asker,CWE-762;CWE-401,V1
dcd9a29751bd9326,https://stackoverflow.com/questions/500656/c-using-scoped-ptr-as-a-member-variable,https://stackoverflow.com/questions/500656/c-using-scoped-ptr-as-a-member-variable,asker,CWE-459;CWE-401,P
de68eac47dba0e71,https://stackoverflow.com/questions/19331396/how-does-qt-delete-objects-and-what-is-the-best-way-to-store-qobjects,https://stackoverflow.com/questions/19331396/how-does-qt-delete-objects-and-what-is-the-best-way-to-store-qobjects,asker,CWE-401,O2
2045e24ca51c9f80,https://stackoverflow.com/questions/19331396/how-does-qt-delete-objects-and-what-is-the-best-way-to-store-qobjects,https://stackoverflow.com/questions/19331396/how-does-qt-delete-objects-and-what-is-the-best-way-to-store-qobjects,asker,CWE-401,O2
7513c33e323c4a17,https://stackoverflow.com/questions/40991687/stdmake-uniquet-vs-resetnew-t,https://stackoverflow.com/questions/40991687/stdmake-uniquet-vs-resetnew-t,asker,CWE-459;CWE-401,G
185c3d3f018a4485,https://stackoverflow.com/questions/18478354/c-allocating-shared-ptr-with-c11-stdshared-ptr-is-it-still-bad-to-initi,https://stackoverflow.com/questions/18478354/c-allocating-shared-ptr-with-c11-stdshared-ptr-is-it-still-bad-to-initi,asker,CWE-401,C1
550f49df06706932,https://stackoverflow.com/questions/1089296/memory-leak-in-mixed-mode-c-clr-application,https://stackoverflow.com/questions/1089296/memory-leak-in-mixed-mode-c-clr-application,asker,CWE-401,R5
846f1e5e4d1a3721,https://stackoverflow.com/questions/1089296/memory-leak-in-mixed-mode-c-clr-application,https://stackoverflow.com/questions/1089296/memory-leak-in-mixed-mode-c-clr-application,asker,CWE-401,R2
a8927f163f23f1e9,https://stackoverflow.com/questions/1089296/memory-leak-in-mixed-mode-c-clr-application,https://stackoverflow.com/questions/1089296/memory-leak-in-mixed-mode-c-clr-application,asker,CWE-401,R5
ed8b8c10cdcfec3e,https://stackoverflow.com/questions/1089296/memory-leak-in-mixed-mode-c-clr-application,https://stackoverflow.com/questions/1089296/memory-leak-in-mixed-mode-c-clr-application,asker,CWE-401,R2
d03d25dd7eabaef0,https://stackoverflow.com/questions/1089296/memory-leak-in-mixed-mode-c-clr-application,https://stackoverflow.com/questions/1089296/memory-leak-in-mixed-mode-c-clr-application,asker,CWE-401,R5
ac2ca0575566e12c,https://stackoverflow.com/questions/273209/are-memory-leaks-ever-ok,https://stackoverflow.com/questions/273209/are-memory-leaks-ever-ok,asker,CWE-459;CWE-401,L1
24d4dbc82969417f,https://stackoverflow.com/questions/273209/are-memory-leaks-ever-ok,https://stackoverflow.com/questions/273209/are-memory-leaks-ever-ok,asker,CWE-459;CWE-401,L1
74def913eaa70d80,https://stackoverflow.com/questions/273209/are-memory-leaks-ever-ok,https://stackoverflow.com/questions/273209/are-memory-leaks-ever-ok,asker,CWE-459;CWE-401,L1
14ba6b50a0fe475a,https://stackoverflow.com/questions/273209/are-memory-leaks-ever-ok,https://stackoverflow.com/questions/273209/are-memory-leaks-ever-ok,asker,CWE-459;CWE-401,L1
09a19124ecb53aaf,https://stackoverflow.com/questions/273209/are-memory-leaks-ever-ok,https://stackoverflow.com/questions/273209/are-memory-leaks-ever-ok,asker,CWE-459;CWE-401,L1
e94bf95bc97e0a53,https://stackoverflow.com/questions/5134891/how-do-i-use-valgrind-to-find-memory-leaks,https://stackoverflow.com/questions/5134891/how-do-i-use-valgrind-to-find-memory-leaks,asker,CWE-401,R5
1b6e60ab2df46a80,https://stackoverflow.com/questions/5134891/how-do-i-use-valgrind-to-find-memory-leaks,https://stackoverflow.com/questions/5134891/how-do-i-use-valgrind-to-find-memory-leaks,asker,CWE-401,R5
c97a9341891ad519,https://stackoverflow.com/questions/17642433/why-pthread-causes-a-memory-leak,https://stackoverflow.com/questions/17642433/why-pthread-causes-a-memory-leak,asker,CWE-459;CWE-401,L4
51244998a3ca225f,https://stackoverflow.com/questions/45000938/is-it-a-memory-leak-in-c,https://stackoverflow.com/questions/45000938/is-it-a-memory-leak-in-c,asker,CWE-401,V1
23e46b04fe0bae17,https://stackoverflow.com/questions/45000938/is-it-a-memory-leak-in-c,https://stackoverflow.com/questions/45000938/is-it-a-memory-leak-in-c,asker,CWE-401,V1
10a20db2b23ff411,https://stackoverflow.com/questions/45000938/is-it-a-memory-leak-in-c,https://stackoverflow.com/questions/45000938/is-it-a-memory-leak-in-c,asker,CWE-401,V1
aee7c1ba8cde7425,https://stackoverflow.com/questions/28040438/create-a-memory-leak-under-linux,https://stackoverflow.com/questions/28040438/create-a-memory-leak-under-linux,asker,CWE-401,NA
4c7730a7632b0559,https://stackoverflow.com/questions/654754/what-really-happens-when-you-dont-free-after-malloc-before-program-termination,https://stackoverflow.com/questions/654754/what-really-happens-when-you-dont-free-after-malloc-before-program-termination,asker,CWE-401,L1
16cecbe689767c0a,https://stackoverflow.com/questions/654754/what-really-happens-when-you-dont-free-after-malloc-before-program-termination,https://stackoverflow.com/questions/654754/what-really-happens-when-you-dont-free-after-malloc-before-program-termination,asker,CWE-401,L1
3cf05e884ca34cbd,https://stackoverflow.com/questions/3840582/valgrind-still-reachable-leak-detected-by-valgrind,https://stackoverflow.com/questions/3840582/valgrind-still-reachable-leak-detected-by-valgrind,asker,CWE-401,G
5395341d9d6f9bea,https://stackoverflow.com/questions/3840582/valgrind-still-reachable-leak-detected-by-valgrind,https://stackoverflow.com/questions/3840582/valgrind-still-reachable-leak-detected-by-valgrind,asker,CWE-401,R2
fdcfa87311cd0631,https://stackoverflow.com/questions/3536153/c-dynamically-growing-array,https://stackoverflow.com/questions/3536153/c-dynamically-growing-array,asker,CWE-401,P
61cec13ea402b2ef,https://stackoverflow.com/questions/12825148/what-is-the-meaning-of-the-term-arena-in-relation-to-memory,https://stackoverflow.com/questions/12825148/what-is-the-meaning-of-the-term-arena-in-relation-to-memory,asker,CWE-401,NA
020fe1ec1e6a1d0c,https://stackoverflow.com/questions/45627/how-do-you-detect-avoid-memory-leaks-in-your-unmanaged-code,https://stackoverflow.com/questions/45627/how-do-you-detect-avoid-memory-leaks-in-your-unmanaged-code,asker,CWE-761;CWE-401,R5
071e40469b17e007,https://stackoverflow.com/questions/45627/how-do-you-detect-avoid-memory-leaks-in-your-unmanaged-code,https://stackoverflow.com/questions/45627/how-do-you-detect-avoid-memory-leaks-in-your-unmanaged-code,asker,CWE-761;CWE-401,R5
4ecc1f6721cfc0b8,https://stackoverflow.com/questions/15467298/how-far-can-memory-leaks-go,https://stackoverflow.com/questions/15467298/how-far-can-memory-leaks-go,asker,CWE-401,L1
8b12d5de433969b0,https://stackoverflow.com/questions/15467298/how-far-can-memory-leaks-go,https://stackoverflow.com/questions/15467298/how-far-can-memory-leaks-go,asker,CWE-401,L1
31f1dce73bad2565,https://stackoverflow.com/questions/8175827/what-happens-if-i-dont-call-fclose-in-a-c-program,https://stackoverflow.com/questions/8175827/what-happens-if-i-dont-call-fclose-in-a-c-program,asker,CWE-401,L1
3fb68d94a3b48116,https://stackoverflow.com/questions/8175827/what-happens-if-i-dont-call-fclose-in-a-c-program,https://stackoverflow.com/questions/8175827/what-happens-if-i-dont-call-fclose-in-a-c-program,asker,CWE-401,L1
99da2a5757198886,https://stackoverflow.com/questions/8175827/what-happens-if-i-dont-call-fclose-in-a-c-program,https://stackoverflow.com/questions/8175827/what-happens-if-i-dont-call-fclose-in-a-c-program,asker,CWE-401,L1
0ba4e41e821e78be,https://stackoverflow.com/questions/1008019/how-do-you-implement-the-singleton-design-pattern,https://stackoverflow.com/questions/1008019/how-do-you-implement-the-singleton-design-pattern,asker,CWE-401,NA
3f1874de1f80eeae,https://stackoverflow.com/questions/1008019/how-do-you-implement-the-singleton-design-pattern,https://stackoverflow.com/questions/1008019/how-do-you-implement-the-singleton-design-pattern,asker,CWE-401,L2
c79adc9a1865e3dc,https://stackoverflow.com/questions/1008019/how-do-you-implement-the-singleton-design-pattern,https://stackoverflow.com/questions/1008019/how-do-you-implement-the-singleton-design-pattern,asker,CWE-401,V1
9fbdd219bc01c5ad,https://stackoverflow.com/questions/6261201/how-to-find-memory-leak-in-a-c-code-project,https://stackoverflow.com/questions/6261201/how-to-find-memory-leak-in-a-c-code-project,asker,CWE-401,R5
98ffdaa47e4a7543,https://stackoverflow.com/questions/6261201/how-to-find-memory-leak-in-a-c-code-project,https://stackoverflow.com/questions/6261201/how-to-find-memory-leak-in-a-c-code-project,asker,CWE-401,P
4549ba3e68d350ea,https://stackoverflow.com/questions/6500313/why-should-c-programmers-minimize-use-of-new,https://stackoverflow.com/questions/6500313/why-should-c-programmers-minimize-use-of-new,asker,CWE-401,P
2416005631aa728c,https://stackoverflow.com/questions/2975831/is-leaked-memory-freed-up-when-the-program-exits,https://stackoverflow.com/questions/2975831/is-leaked-memory-freed-up-when-the-program-exits,asker,CWE-401,L1
152907c618a02ec8,https://stackoverflow.com/questions/2975831/is-leaked-memory-freed-up-when-the-program-exits,https://stackoverflow.com/questions/2975831/is-leaked-memory-freed-up-when-the-program-exits,asker,CWE-401,L1
a76584ec7271becb,https://stackoverflow.com/questions/53413647/is-this-a-c-memory-leak,https://stackoverflow.com/questions/53413647/is-this-a-c-memory-leak,asker,CWE-459;CWE-401,V1
02fd9fac53651aa4,https://stackoverflow.com/questions/53413647/is-this-a-c-memory-leak,https://stackoverflow.com/questions/53413647/is-this-a-c-memory-leak,asker,CWE-459;CWE-401,V1
9ed9fb7fbb17c764,https://stackoverflow.com/questions/6804849/c-is-not-deleting-an-object-always-a-memory-leak,https://stackoverflow.com/questions/6804849/c-is-not-deleting-an-object-always-a-memory-leak,asker,CWE-401,V1
f7d958c6b8a7dc2a,https://stackoverflow.com/questions/6804849/c-is-not-deleting-an-object-always-a-memory-leak,https://stackoverflow.com/questions/6804849/c-is-not-deleting-an-object-always-a-memory-leak,asker,CWE-401,V1
7b39ce8e5a9e4349,https://stackoverflow.com/questions/52262766/will-an-iterator-cause-a-memory-leak,https://stackoverflow.com/questions/52262766/will-an-iterator-cause-a-memory-leak,asker,CWE-401,V1
ae3da57577da0b64,https://stackoverflow.com/questions/52262766/will-an-iterator-cause-a-memory-leak,https://stackoverflow.com/questions/52262766/will-an-iterator-cause-a-memory-leak,asker,CWE-401,D1
455c5b5680590730,https://stackoverflow.com/questions/52262766/will-an-iterator-cause-a-memory-leak,https://stackoverflow.com/questions/52262766/will-an-iterator-cause-a-memory-leak,asker,CWE-401,V1
5ac9a482d0cd7050,https://stackoverflow.com/questions/53372775/why-is-this-not-a-memory-leak-in-c,https://stackoverflow.com/questions/53372775/why-is-this-not-a-memory-leak-in-c,asker,CWE-459;CWE-401,V1
8460700cf42e1ab6,https://stackoverflow.com/questions/53372775/why-is-this-not-a-memory-leak-in-c,https://stackoverflow.com/questions/53372775/why-is-this-not-a-memory-leak-in-c,asker,CWE-459;CWE-401,V1
577a8e21a4782fc5,https://stackoverflow.com/questions/78490933/why-is-this-a-potential-memory-leak,https://stackoverflow.com/questions/78490933/why-is-this-a-potential-memory-leak,asker,CWE-401,V1
9d30024f1076355b,https://stackoverflow.com/questions/78490933/why-is-this-a-potential-memory-leak,https://stackoverflow.com/questions/78490933/why-is-this-a-potential-memory-leak,asker,CWE-401,V1
cebf17938d4a95be,https://stackoverflow.com/questions/752658/is-the-practice-of-returning-a-c-reference-variable-evil,https://stackoverflow.com/questions/752658/is-the-practice-of-returning-a-c-reference-variable-evil,asker,CWE-401,L2
8f127887fb5b2190,https://stackoverflow.com/questions/655065/when-should-i-use-the-new-keyword-in-c,https://stackoverflow.com/questions/655065/when-should-i-use-the-new-keyword-in-c,asker,CWE-459;CWE-401,P
0269f566b39f7e50,https://stackoverflow.com/questions/37514509/advantages-of-using-stdmake-unique-over-new-operator,https://stackoverflow.com/questions/37514509/advantages-of-using-stdmake-unique-over-new-operator,asker,CWE-401,P
f69db9d4223681fa,https://stackoverflow.com/questions/37514509/advantages-of-using-stdmake-unique-over-new-operator,https://stackoverflow.com/questions/37514509/advantages-of-using-stdmake-unique-over-new-operator,asker,CWE-401,P
e6be5dbdc7ad82fb,https://stackoverflow.com/questions/37514509/advantages-of-using-stdmake-unique-over-new-operator,https://stackoverflow.com/questions/37514509/advantages-of-using-stdmake-unique-over-new-operator,asker,CWE-401,NA
4a453c39df21c7ed,https://stackoverflow.com/questions/53870522/why-use-stdmake-unique-in-c17,https://stackoverflow.com/questions/53870522/why-use-stdmake-unique-in-c17,asker,CWE-401,P
e8fe6f05ae79fbad,https://stackoverflow.com/questions/53870522/why-use-stdmake-unique-in-c17,https://stackoverflow.com/questions/53870522/why-use-stdmake-unique-in-c17,asker,CWE-401,P
758d97e890949802,https://stackoverflow.com/questions/67068436/example-of-valgrind-still-reachable-leak,https://stackoverflow.com/questions/67068436/example-of-valgrind-still-reachable-leak,asker,CWE-401,R2
66735624273049de,https://stackoverflow.com/questions/58926945/valgrind-reports-still-reachable-bytes-when-using-vfwprintf,https://stackoverflow.com/questions/58926945/valgrind-reports-still-reachable-bytes-when-using-vfwprintf,asker,CWE-459;CWE-401,"R2,V1"
bd2a488eb15081b3,https://stackoverflow.com/questions/58926945/valgrind-reports-still-reachable-bytes-when-using-vfwprintf,https://stackoverflow.com/questions/58926945/valgrind-reports-still-reachable-bytes-when-using-vfwprintf,asker,CWE-459;CWE-401,R2
2630adb20c1f7183,https://stackoverflow.com/questions/51702867/how-can-this-possibly-be-possibly-lost-memory-valgrind,https://stackoverflow.com/questions/51702867/how-can-this-possibly-be-possibly-lost-memory-valgrind,asker,CWE-459;CWE-401,R2
3537b2dd990f3364,https://stackoverflow.com/questions/51702867/how-can-this-possibly-be-possibly-lost-memory-valgrind,https://stackoverflow.com/questions/51702867/how-can-this-possibly-be-possibly-lost-memory-valgrind,asker,CWE-459;CWE-401,R2
1fa1ec10d6879bd9,https://stackoverflow.com/questions/8366172/would-still-reachable-valgrind-memory-leaks-linux-relate-to-prstat-memory-gr,https://stackoverflow.com/questions/8366172/would-still-reachable-valgrind-memory-leaks-linux-relate-to-prstat-memory-gr,asker,CWE-459;CWE-401,"L3,R2"
e2ab2423e4b7c48c,https://stackoverflow.com/questions/8366172/would-still-reachable-valgrind-memory-leaks-linux-relate-to-prstat-memory-gr,https://stackoverflow.com/questions/8366172/would-still-reachable-valgrind-memory-leaks-linux-relate-to-prstat-memory-gr,asker,CWE-459;CWE-401,L3
37ab4d3abfe76c4f,https://stackoverflow.com/questions/8366172/would-still-reachable-valgrind-memory-leaks-linux-relate-to-prstat-memory-gr,https://stackoverflow.com/questions/8366172/would-still-reachable-valgrind-memory-leaks-linux-relate-to-prstat-memory-gr,asker,CWE-459;CWE-401,R2
b70b37caca78ced6,https://stackoverflow.com/questions/8366172/would-still-reachable-valgrind-memory-leaks-linux-relate-to-prstat-memory-gr,https://stackoverflow.com/questions/8366172/would-still-reachable-valgrind-memory-leaks-linux-relate-to-prstat-memory-gr,asker,CWE-459;CWE-401,R3
caa15fbc0b727a14,https://stackoverflow.com/questions/8366172/would-still-reachable-valgrind-memory-leaks-linux-relate-to-prstat-memory-gr,https://stackoverflow.com/questions/8366172/would-still-reachable-valgrind-memory-leaks-linux-relate-to-prstat-memory-gr,asker,CWE-459;CWE-401,R4
4c9978ec060d2605,https://stackoverflow.com/questions/12434179/do-still-reachable-memory-need-to-be-tended-to-in-valgrind,https://stackoverflow.com/questions/12434179/do-still-reachable-memory-need-to-be-tended-to-in-valgrind,asker,CWE-401,R2
47f081e70bc0ef26,https://stackoverflow.com/questions/12434179/do-still-reachable-memory-need-to-be-tended-to-in-valgrind,https://stackoverflow.com/questions/12434179/do-still-reachable-memory-need-to-be-tended-to-in-valgrind,asker,CWE-401,R2
123d4b803807a5c4,https://stackoverflow.com/questions/25737661/valgrind-getting-still-reachable-blocks-with-libssh2,https://stackoverflow.com/questions/25737661/valgrind-getting-still-reachable-blocks-with-libssh2,asker,CWE-459;CWE-401,L3
296727cc02b781e5,https://stackoverflow.com/questions/3844678/pthread-exit-vs-return,https://stackoverflow.com/questions/3844678/pthread-exit-vs-return,asker,CWE-459;CWE-401,L4
fb1fa961ffc73547,https://stackoverflow.com/questions/3844678/pthread-exit-vs-return,https://stackoverflow.com/questions/3844678/pthread-exit-vs-return,asker,CWE-459;CWE-401,L4
7d6391cd1dcfc98f,https://stackoverflow.com/questions/10223677/when-a-program-terminates-what-happens-to-the-memory-allocated-using-malloc-that,https://stackoverflow.com/questions/10223677/when-a-program-terminates-what-happens-to-the-memory-allocated-using-malloc-that,asker,CWE-459;CWE-401,L1
aa50f3388b209b35,https://stackoverflow.com/questions/10223677/when-a-program-terminates-what-happens-to-the-memory-allocated-using-malloc-that,https://stackoverflow.com/questions/10223677/when-a-program-terminates-what-happens-to-the-memory-allocated-using-malloc-that,asker,CWE-459;CWE-401,L1
39b99a3985357fb9,https://stackoverflow.com/questions/10079843/c-struct-memory-management,https://stackoverflow.com/questions/10079843/c-struct-memory-management,asker,CWE-763;CWE-401,N3
f7e38387411f7fc3,https://stackoverflow.com/questions/67345194/dinamically-vs-static-memory-allocation-for-a-struct-array,https://stackoverflow.com/questions/67345194/dinamically-vs-static-memory-allocation-for-a-struct-array,asker,CWE-401,N1
e0bb775e42d4a567,https://stackoverflow.com/questions/67345194/dinamically-vs-static-memory-allocation-for-a-struct-array,https://stackoverflow.com/questions/67345194/dinamically-vs-static-memory-allocation-for-a-struct-array,asker,CWE-401,V1
6f914cafc411db5d,https://stackoverflow.com/questions/67345194/dinamically-vs-static-memory-allocation-for-a-struct-array,https://stackoverflow.com/questions/67345194/dinamically-vs-static-memory-allocation-for-a-struct-array,asker,CWE-401,D2
fa2d7f8bf5e4878a,https://stackoverflow.com/questions/67345194/dinamically-vs-static-memory-allocation-for-a-struct-array,https://stackoverflow.com/questions/67345194/dinamically-vs-static-memory-allocation-for-a-struct-array,asker,CWE-401,P
d69d4ee15ebc1827,https://stackoverflow.com/questions/41553309/libpcap-pcap-breakloop-causing-memory-leak,https://stackoverflow.com/questions/41553309/libpcap-pcap-breakloop-causing-memory-leak,asker,CWE-459;CWE-401,R3
b115d3556ae7a7ac,https://stackoverflow.com/questions/56809877/how-can-i-maintain-correlation-between-structure-definitions-and-their-construct,https://stackoverflow.com/questions/56809877/how-can-i-maintain-correlation-between-structure-definitions-and-their-construct,asker,CWE-401,N3
d36222b958a07853,https://stackoverflow.com/questions/26431573/freeing-a-mallocd-structure-containing-mallocd-strings,https://stackoverflow.com/questions/26431573/freeing-a-mallocd-structure-containing-mallocd-strings,asker,CWE-459;CWE-401,N1
6a17f7f9b9b67526,https://stackoverflow.com/questions/46486989/c-memory-leak-when-freeing-char-pointer-in-linked-list,https://stackoverflow.com/questions/46486989/c-memory-leak-when-freeing-char-pointer-in-linked-list,asker,CWE-459;CWE-401,N1
c233a68921bad5ae,https://stackoverflow.com/questions/72085495/linked-list-in-c-causing-a-memory-leak-upon-creation-and-insertion,https://stackoverflow.com/questions/72085495/linked-list-in-c-causing-a-memory-leak-upon-creation-and-insertion,asker,CWE-459;CWE-401,L1
05a2770043bfc184,https://stackoverflow.com/questions/72085495/linked-list-in-c-causing-a-memory-leak-upon-creation-and-insertion,https://stackoverflow.com/questions/72085495/linked-list-in-c-causing-a-memory-leak-upon-creation-and-insertion,asker,CWE-459;CWE-401,G
da3679c5dc1a277e,https://stackoverflow.com/questions/6972531/putting-nodes-into-the-parse-tree-which-shouldnt-be-there,https://stackoverflow.com/questions/6972531/putting-nodes-into-the-parse-tree-which-shouldnt-be-there,asker,CWE-401,L1
b77d73b19de05a05,https://stackoverflow.com/questions/24280361/detect-c-memory-leaks-that-are-freed-on-exit,https://stackoverflow.com/questions/24280361/detect-c-memory-leaks-that-are-freed-on-exit,asker,CWE-401,R5
e9c62d946af3cdfa,https://stackoverflow.com/questions/24280361/detect-c-memory-leaks-that-are-freed-on-exit,https://stackoverflow.com/questions/24280361/detect-c-memory-leaks-that-are-freed-on-exit,asker,CWE-401,G
07601b7edd976d76,https://stackoverflow.com/questions/24280361/detect-c-memory-leaks-that-are-freed-on-exit,https://stackoverflow.com/questions/24280361/detect-c-memory-leaks-that-are-freed-on-exit,asker,CWE-401,R5
84c10412717b5c3e,https://stackoverflow.com/questions/24280361/detect-c-memory-leaks-that-are-freed-on-exit,https://stackoverflow.com/questions/24280361/detect-c-memory-leaks-that-are-freed-on-exit,asker,CWE-401,R5
de7941a19746ab05,https://stackoverflow.com/questions/45256601/2d-array-using-pointers-memory-leakage,https://stackoverflow.com/questions/45256601/2d-array-using-pointers-memory-leakage,asker,CWE-401,N1
21915fefcd9dfa01,https://stackoverflow.com/questions/40926653/memory-leak-when-rewriteing-a-2d-array,https://stackoverflow.com/questions/40926653/memory-leak-when-rewriteing-a-2d-array,asker,CWE-401,G
93238123cf35322a,https://stackoverflow.com/questions/64597278/dynamic-allocation-for-a-2d-array-results-in-memory-leak,https://stackoverflow.com/questions/64597278/dynamic-allocation-for-a-2d-array-results-in-memory-leak,asker,CWE-763;CWE-401,G
3001e6d9909551fa,https://stackoverflow.com/questions/67174550/should-i-use-free-on-2d-array-when-i-used-realloc,https://stackoverflow.com/questions/67174550/should-i-use-free-on-2d-array-when-i-used-realloc,asker,CWE-459;CWE-401,"N1,C2"
03db54d207c8d997,https://stackoverflow.com/questions/76025633/c-memory-leak-despite-freeing-everything,https://stackoverflow.com/questions/76025633/c-memory-leak-despite-freeing-everything,asker,CWE-459;CWE-401,V1
8a95e8b1e245d1ce,https://stackoverflow.com/questions/19951190/scattered-2d-array-to-contiguous-2d-array-transformation-in-c,https://stackoverflow.com/questions/19951190/scattered-2d-array-to-contiguous-2d-array-transformation-in-c,asker,CWE-401,D2
2ccc2a32713e685a,https://stackoverflow.com/questions/19951190/scattered-2d-array-to-contiguous-2d-array-transformation-in-c,https://stackoverflow.com/questions/19951190/scattered-2d-array-to-contiguous-2d-array-transformation-in-c,asker,CWE-401,V1
17ce24dc04c21b29,https://stackoverflow.com/questions/3948412/problems-with-malloc-on-os-x,https://stackoverflow.com/questions/3948412/problems-with-malloc-on-os-x,asker,CWE-401,NA
b16ddfc9c24861a8,https://stackoverflow.com/questions/66652015/c-class-destructor-not-being-called-automatically-causes-memory-leak,https://stackoverflow.com/questions/66652015/c-class-destructor-not-being-called-automatically-causes-memory-leak,asker,CWE-762;CWE-459;CWE-401,L2
ed3880847d44cd02,https://stackoverflow.com/questions/35858184/raii-failure-why-does-this-c-code-leak-throw-in-ctor-in-try-block-prevent,https://stackoverflow.com/questions/35858184/raii-failure-why-does-this-c-code-leak-throw-in-ctor-in-try-block-prevent,asker,CWE-459;CWE-401,L2
2b2d43d87c1fcb53,https://stackoverflow.com/questions/35858184/raii-failure-why-does-this-c-code-leak-throw-in-ctor-in-try-block-prevent,https://stackoverflow.com/questions/35858184/raii-failure-why-does-this-c-code-leak-throw-in-ctor-in-try-block-prevent,asker,CWE-459;CWE-401,V1
119f545c7f400472,https://stackoverflow.com/questions/35858184/raii-failure-why-does-this-c-code-leak-throw-in-ctor-in-try-block-prevent,https://stackoverflow.com/questions/35858184/raii-failure-why-does-this-c-code-leak-throw-in-ctor-in-try-block-prevent,asker,CWE-459;CWE-401,"L2,C1"
e6ad18b76ceec43e,https://stackoverflow.com/questions/20132297/memory-leak-despite-destructor-call-using-static-unique-ptr,https://stackoverflow.com/questions/20132297/memory-leak-despite-destructor-call-using-static-unique-ptr,asker,CWE-459;CWE-401,L1
721e9e8957ab327e,https://stackoverflow.com/questions/20132297/memory-leak-despite-destructor-call-using-static-unique-ptr,https://stackoverflow.com/questions/20132297/memory-leak-despite-destructor-call-using-static-unique-ptr,asker,CWE-459;CWE-401,L2
a2fc423e08092f16,https://stackoverflow.com/questions/1913343/how-could-pairing-new-with-delete-possibly-lead-to-memory-leak-only,https://stackoverflow.com/questions/1913343/how-could-pairing-new-with-delete-possibly-lead-to-memory-leak-only,asker,CWE-459;CWE-401,D3
8b265f6eb93fbe53,https://stackoverflow.com/questions/1913343/how-could-pairing-new-with-delete-possibly-lead-to-memory-leak-only,https://stackoverflow.com/questions/1913343/how-could-pairing-new-with-delete-possibly-lead-to-memory-leak-only,asker,CWE-459;CWE-401,D3
d51eed68ffcbe6ae,https://stackoverflow.com/questions/30325372/memory-leaks-despite-destructor-call,https://stackoverflow.com/questions/30325372/memory-leaks-despite-destructor-call,asker,CWE-459;CWE-401,L2
f353813595b62668,https://stackoverflow.com/questions/5638761/qscopedarraypointer-guarding-my-data-but-it-is-still-leaking,https://stackoverflow.com/questions/5638761/qscopedarraypointer-guarding-my-data-but-it-is-still-leaking,asker,CWE-459;CWE-401,"L2,C1"
9858c9d84dadf989,https://stackoverflow.com/questions/5638761/qscopedarraypointer-guarding-my-data-but-it-is-still-leaking,https://stackoverflow.com/questions/5638761/qscopedarraypointer-guarding-my-data-but-it-is-still-leaking,asker,CWE-459;CWE-401,G
96d7bf9dd97c4a4d,https://stackoverflow.com/questions/42321912/memory-leaks-in-my-program-is-the-destructor-not-getting-called,https://stackoverflow.com/questions/42321912/memory-leaks-in-my-program-is-the-destructor-not-getting-called,asker,CWE-762;CWE-459;CWE-401,L2
e5d975bd26df690f,https://stackoverflow.com/questions/62878935/how-to-overcome-memory-leak-while-throwing-exception-from-constructor,https://stackoverflow.com/questions/62878935/how-to-overcome-memory-leak-while-throwing-exception-from-constructor,asker,CWE-459;CWE-401,C1
b717b667a6641b9f,https://stackoverflow.com/questions/62878935/how-to-overcome-memory-leak-while-throwing-exception-from-constructor,https://stackoverflow.com/questions/62878935/how-to-overcome-memory-leak-while-throwing-exception-from-constructor,asker,CWE-459;CWE-401,V1
0a83518d98fb146c,https://stackoverflow.com/questions/62878935/how-to-overcome-memory-leak-while-throwing-exception-from-constructor,https://stackoverflow.com/questions/62878935/how-to-overcome-memory-leak-while-throwing-exception-from-constructor,asker,CWE-459;CWE-401,"L2,C1"
91efd192db23420c,https://stackoverflow.com/questions/17702936/is-a-destructor-called-when-an-object-goes-out-of-scope,https://stackoverflow.com/questions/17702936/is-a-destructor-called-when-an-object-goes-out-of-scope,asker,CWE-459;CWE-401,L2
86eb1089be81f182,https://stackoverflow.com/questions/17702936/is-a-destructor-called-when-an-object-goes-out-of-scope,https://stackoverflow.com/questions/17702936/is-a-destructor-called-when-an-object-goes-out-of-scope,asker,CWE-459;CWE-401,L2
38501e14aa5aa4a6,https://stackoverflow.com/questions/15286450/lifetime-of-a-stdinitializer-list-return-value,https://stackoverflow.com/questions/15286450/lifetime-of-a-stdinitializer-list-return-value,asker,CWE-401,L2
a2f400edc1956305,https://stackoverflow.com/questions/40106941/is-a-union-members-destructor-called,https://stackoverflow.com/questions/40106941/is-a-union-members-destructor-called,asker,CWE-459;CWE-401,L2
34ae12fd904adec5,https://stackoverflow.com/questions/40106941/is-a-union-members-destructor-called,https://stackoverflow.com/questions/40106941/is-a-union-members-destructor-called,asker,CWE-459;CWE-401,L2
60d8dc302e3366f4,https://stackoverflow.com/questions/8918791/how-to-properly-free-the-memory-allocated-by-placement-new,https://stackoverflow.com/questions/8918791/how-to-properly-free-the-memory-allocated-by-placement-new,asker,CWE-459;CWE-401,"D3,L2"
4132fcb2e7865805,https://stackoverflow.com/questions/8918791/how-to-properly-free-the-memory-allocated-by-placement-new,https://stackoverflow.com/questions/8918791/how-to-properly-free-the-memory-allocated-by-placement-new,asker,CWE-459;CWE-401,D3
40e05305802ec6ae,https://stackoverflow.com/questions/8918791/how-to-properly-free-the-memory-allocated-by-placement-new,https://stackoverflow.com/questions/8918791/how-to-properly-free-the-memory-allocated-by-placement-new,asker,CWE-459;CWE-401,L2
ea8e1c9f4c3a747a,https://stackoverflow.com/questions/8918791/how-to-properly-free-the-memory-allocated-by-placement-new,https://stackoverflow.com/questions/8918791/how-to-properly-free-the-memory-allocated-by-placement-new,asker,CWE-459;CWE-401,V1
5de22a6f73b32890,https://stackoverflow.com/questions/6256492/if-i-delete-a-class-are-its-member-variables-automatically-deleted,https://stackoverflow.com/questions/6256492/if-i-delete-a-class-are-its-member-variables-automatically-deleted,asker,CWE-459;CWE-401,N1
56a35c6d799855fe,https://stackoverflow.com/questions/6256492/if-i-delete-a-class-are-its-member-variables-automatically-deleted,https://stackoverflow.com/questions/6256492/if-i-delete-a-class-are-its-member-variables-automatically-deleted,asker,CWE-459;CWE-401,N1
9c46848aac23fa8b,https://stackoverflow.com/questions/6256492/if-i-delete-a-class-are-its-member-variables-automatically-deleted,https://stackoverflow.com/questions/6256492/if-i-delete-a-class-are-its-member-variables-automatically-deleted,asker,CWE-459;CWE-401,N3
40fbf61433df6fa6,https://stackoverflow.com/questions/273720/singleton-destructors,https://stackoverflow.com/questions/273720/singleton-destructors,asker,CWE-459;CWE-401,L1
78d432444d8f2b37,https://stackoverflow.com/questions/273720/singleton-destructors,https://stackoverflow.com/questions/273720/singleton-destructors,asker,CWE-459;CWE-401,L1
9ab0df6af8ad7655,https://stackoverflow.com/questions/273720/singleton-destructors,https://stackoverflow.com/questions/273720/singleton-destructors,asker,CWE-459;CWE-401,L1
3dc596239e389996,https://stackoverflow.com/questions/273720/singleton-destructors,https://stackoverflow.com/questions/273720/singleton-destructors,asker,CWE-459;CWE-401,L1
daef33e5ac4b5f61,https://stackoverflow.com/questions/6966984/doesnt-putting-a-virtual-destructor-inside-an-interface-make-it-by-definitio,https://stackoverflow.com/questions/6966984/doesnt-putting-a-virtual-destructor-inside-an-interface-make-it-by-definitio,asker,CWE-459;CWE-401,NA
7856ad37f4d39ba1,https://stackoverflow.com/questions/6966984/doesnt-putting-a-virtual-destructor-inside-an-interface-make-it-by-definitio,https://stackoverflow.com/questions/6966984/doesnt-putting-a-virtual-destructor-inside-an-interface-make-it-by-definitio,asker,CWE-459;CWE-401,NA
e2075d8dd207e153,https://stackoverflow.com/questions/6966984/doesnt-putting-a-virtual-destructor-inside-an-interface-make-it-by-definitio,https://stackoverflow.com/questions/6966984/doesnt-putting-a-virtual-destructor-inside-an-interface-make-it-by-definitio,asker,CWE-459;CWE-401,NA
0c9aa02763583428,https://stackoverflow.com/questions/45628694/override-delete-operator-with-empty-implementation,https://stackoverflow.com/questions/45628694/override-delete-operator-with-empty-implementation,asker,CWE-459;CWE-401,L2
1e5ab1604c429d5f,https://stackoverflow.com/questions/28139509/c-virtual-destructor-memory-leak,https://stackoverflow.com/questions/28139509/c-virtual-destructor-memory-leak,asker,CWE-459;CWE-401,L2
f5bb26aba95b4a1c,https://stackoverflow.com/questions/56792856/why-absence-of-a-virtual-destructor-doesnt-cause-a-memory-leak,https://stackoverflow.com/questions/56792856/why-absence-of-a-virtual-destructor-doesnt-cause-a-memory-leak,asker,CWE-459;CWE-401,L2
c0b65071f5ddcf0c,https://stackoverflow.com/questions/56792856/why-absence-of-a-virtual-destructor-doesnt-cause-a-memory-leak,https://stackoverflow.com/questions/56792856/why-absence-of-a-virtual-destructor-doesnt-cause-a-memory-leak,asker,CWE-459;CWE-401,K
3b482ee8c62694f9,https://stackoverflow.com/questions/34493967/c-inheritance-does-lack-of-virtual-destructor-lead-to-memory-leak,https://stackoverflow.com/questions/34493967/c-inheritance-does-lack-of-virtual-destructor-lead-to-memory-leak,asker,CWE-459;CWE-401,L2
548e7733aca2e27e,https://stackoverflow.com/questions/34493967/c-inheritance-does-lack-of-virtual-destructor-lead-to-memory-leak,https://stackoverflow.com/questions/34493967/c-inheritance-does-lack-of-virtual-destructor-lead-to-memory-leak,asker,CWE-459;CWE-401,L2
7594e4bebd53cbf7,https://stackoverflow.com/questions/8752111/possible-memory-leak-without-a-virtual-destructor,https://stackoverflow.com/questions/8752111/possible-memory-leak-without-a-virtual-destructor,asker,CWE-459;CWE-401,L2
25bb369a54ea86ec,https://stackoverflow.com/questions/8752111/possible-memory-leak-without-a-virtual-destructor,https://stackoverflow.com/questions/8752111/possible-memory-leak-without-a-virtual-destructor,asker,CWE-459;CWE-401,L2
7c1311cfb45e84a2,https://stackoverflow.com/questions/42845059/would-it-lead-to-memory-leak-when-delete-base-class-pointer-without-virtual-dest,https://stackoverflow.com/questions/42845059/would-it-lead-to-memory-leak-when-delete-base-class-pointer-without-virtual-dest,asker,CWE-459;CWE-401,L2
dbb2cad80248ce0c,https://stackoverflow.com/questions/42845059/would-it-lead-to-memory-leak-when-delete-base-class-pointer-without-virtual-dest,https://stackoverflow.com/questions/42845059/would-it-lead-to-memory-leak-when-delete-base-class-pointer-without-virtual-dest,asker,CWE-459;CWE-401,L2
f7e8decf92f7c61a,https://stackoverflow.com/questions/42845059/would-it-lead-to-memory-leak-when-delete-base-class-pointer-without-virtual-dest,https://stackoverflow.com/questions/42845059/would-it-lead-to-memory-leak-when-delete-base-class-pointer-without-virtual-dest,asker,CWE-459;CWE-401,L2
28bc0b70556035fb,https://stackoverflow.com/questions/31664064/missing-virtual-destructor-memory-effects,https://stackoverflow.com/questions/31664064/missing-virtual-destructor-memory-effects,asker,CWE-459;CWE-401,L2
4379767257ae353b,https://stackoverflow.com/questions/31664064/missing-virtual-destructor-memory-effects,https://stackoverflow.com/questions/31664064/missing-virtual-destructor-memory-effects,asker,CWE-459;CWE-401,L2
b1c22ea82e59a7fd,https://stackoverflow.com/questions/31664064/missing-virtual-destructor-memory-effects,https://stackoverflow.com/questions/31664064/missing-virtual-destructor-memory-effects,asker,CWE-459;CWE-401,K
b76ce90745a4cfb7,https://stackoverflow.com/questions/10354866/why-isnt-this-a-memory-leak-or-is-it-deleting-base-class-pointer-without-virt,https://stackoverflow.com/questions/10354866/why-isnt-this-a-memory-leak-or-is-it-deleting-base-class-pointer-without-virt,asker,CWE-459;CWE-401,L2
94fc14f23a2f83c1,https://stackoverflow.com/questions/33957037/does-a-default-virtual-destructor-prevent-compiler-generated-move-operations,https://stackoverflow.com/questions/33957037/does-a-default-virtual-destructor-prevent-compiler-generated-move-operations,asker,CWE-459;CWE-401,NA
6cb538f6dff41de0,https://stackoverflow.com/questions/22124981/why-unique-ptr-doesnt-check-base-class-to-virtual-destructible,https://stackoverflow.com/questions/22124981/why-unique-ptr-doesnt-check-base-class-to-virtual-destructible,asker,CWE-762;CWE-459;CWE-401,L2
3e24eb2ecd499d8d,https://stackoverflow.com/questions/22124981/why-unique-ptr-doesnt-check-base-class-to-virtual-destructible,https://stackoverflow.com/questions/22124981/why-unique-ptr-doesnt-check-base-class-to-virtual-destructible,asker,CWE-762;CWE-459;CWE-401,L2
ee324170e34b5661,https://stackoverflow.com/questions/15474684/abstract-base-class-for-use-with-smart-pointers-intrusive-ptr-handling-inher,https://stackoverflow.com/questions/15474684/abstract-base-class-for-use-with-smart-pointers-intrusive-ptr-handling-inher,asker,CWE-401,D3
63b5efaf518f1322,https://stackoverflow.com/questions/15474684/abstract-base-class-for-use-with-smart-pointers-intrusive-ptr-handling-inher,https://stackoverflow.com/questions/15474684/abstract-base-class-for-use-with-smart-pointers-intrusive-ptr-handling-inher,asker,CWE-401,NA
68a932a6b2171d95,https://stackoverflow.com/questions/6966328/why-doesnt-deleting-a-pointer-make-it-unusable,https://stackoverflow.com/questions/6966328/why-doesnt-deleting-a-pointer-make-it-unusable,asker,CWE-401,D4
ba1d153f008094a6,https://stackoverflow.com/questions/6966328/why-doesnt-deleting-a-pointer-make-it-unusable,https://stackoverflow.com/questions/6966328/why-doesnt-deleting-a-pointer-make-it-unusable,asker,CWE-401,D4
2247fb3c4db65690,https://stackoverflow.com/questions/10546695/do-we-need-to-explicitly-call-the-destructor-for-the-simple-pod-classes-alloca,https://stackoverflow.com/questions/10546695/do-we-need-to-explicitly-call-the-destructor-for-the-simple-pod-classes-alloca,asker,CWE-459;CWE-401,L2
2874884b2477c213,https://stackoverflow.com/questions/10546695/do-we-need-to-explicitly-call-the-destructor-for-the-simple-pod-classes-alloca,https://stackoverflow.com/questions/10546695/do-we-need-to-explicitly-call-the-destructor-for-the-simple-pod-classes-alloca,asker,CWE-459;CWE-401,L2
9aacfbb6df60c3b3,https://stackoverflow.com/questions/2597116/is-extending-a-base-class-with-non-virtual-destructor-dangerous,https://stackoverflow.com/questions/2597116/is-extending-a-base-class-with-non-virtual-destructor-dangerous,asker,CWE-459;CWE-401,L2
186cfca72f5e7f5b,https://stackoverflow.com/questions/2597116/is-extending-a-base-class-with-non-virtual-destructor-dangerous,https://stackoverflow.com/questions/2597116/is-extending-a-base-class-with-non-virtual-destructor-dangerous,asker,CWE-459;CWE-401,L2
31c5c7a5e7e9add2,https://stackoverflow.com/questions/2597116/is-extending-a-base-class-with-non-virtual-destructor-dangerous,https://stackoverflow.com/questions/2597116/is-extending-a-base-class-with-non-virtual-destructor-dangerous,asker,CWE-459;CWE-401,L2
3b49ef5f32f4b17c,https://stackoverflow.com/questions/2597116/is-extending-a-base-class-with-non-virtual-destructor-dangerous,https://stackoverflow.com/questions/2597116/is-extending-a-base-class-with-non-virtual-destructor-dangerous,asker,CWE-459;CWE-401,L2
a309e0de6eebda81,https://stackoverflow.com/questions/2597116/is-extending-a-base-class-with-non-virtual-destructor-dangerous,https://stackoverflow.com/questions/2597116/is-extending-a-base-class-with-non-virtual-destructor-dangerous,asker,CWE-459;CWE-401,NA
820e79bb63c3d59e,https://stackoverflow.com/questions/2597116/is-extending-a-base-class-with-non-virtual-destructor-dangerous,https://stackoverflow.com/questions/2597116/is-extending-a-base-class-with-non-virtual-destructor-dangerous,asker,CWE-459;CWE-401,L2
42b43c1dddcce64b,https://stackoverflow.com/questions/30082821/can-a-class-hierarchy-be-safe-and-trivially-copyable,https://stackoverflow.com/questions/30082821/can-a-class-hierarchy-be-safe-and-trivially-copyable,asker,CWE-459;CWE-401,NA
1aff04e0b6c516b8,https://stackoverflow.com/questions/30082821/can-a-class-hierarchy-be-safe-and-trivially-copyable,https://stackoverflow.com/questions/30082821/can-a-class-hierarchy-be-safe-and-trivially-copyable,asker,CWE-459;CWE-401,L2
403286ff1b5ca724,https://stackoverflow.com/questions/57851897/about-circular-reference-i-used-weak-ptr-but-memory-leak-still-happened,https://stackoverflow.com/questions/57851897/about-circular-reference-i-used-weak-ptr-but-memory-leak-still-happened,asker,CWE-459;CWE-401,N2
8601686f1a088cd6,https://stackoverflow.com/questions/31487981/why-memory-leak-when-use-circular-reference-in-boostshared-ptr,https://stackoverflow.com/questions/31487981/why-memory-leak-when-use-circular-reference-in-boostshared-ptr,asker,CWE-459;CWE-401,N2
f69f97fdc4fac992,https://stackoverflow.com/questions/77459620/why-does-circular-reference-cause-indirect-leak,https://stackoverflow.com/questions/77459620/why-does-circular-reference-cause-indirect-leak,asker,CWE-459;CWE-401,"N2,R2"
5efe6f94634b3f37,https://stackoverflow.com/questions/77459620/why-does-circular-reference-cause-indirect-leak,https://stackoverflow.com/questions/77459620/why-does-circular-reference-cause-indirect-leak,asker,CWE-459;CWE-401,"N2,O2"
a1fa7db2ec379ce7,https://stackoverflow.com/questions/77459620/why-does-circular-reference-cause-indirect-leak,https://stackoverflow.com/questions/77459620/why-does-circular-reference-cause-indirect-leak,asker,CWE-459;CWE-401,O1
383e0e286ba605d2,https://stackoverflow.com/questions/77459620/why-does-circular-reference-cause-indirect-leak,https://stackoverflow.com/questions/77459620/why-does-circular-reference-cause-indirect-leak,asker,CWE-459;CWE-401,N2
be08bef908f6a644,https://stackoverflow.com/questions/63098785/is-there-a-way-to-track-memory-leaks,https://stackoverflow.com/questions/63098785/is-there-a-way-to-track-memory-leaks,asker,CWE-459;CWE-401,R5
5bca381d377897dd,https://stackoverflow.com/questions/39962705/is-there-a-valgrind-for-detecting-memory-leaks-with-smart-pointers,https://stackoverflow.com/questions/39962705/is-there-a-valgrind-for-detecting-memory-leaks-with-smart-pointers,asker,CWE-459;CWE-401,"R5,L3"
3eac165b6228c289,https://stackoverflow.com/questions/8835729/realloc-causes-memory-leak-according-to-valgrind,https://stackoverflow.com/questions/8835729/realloc-causes-memory-leak-according-to-valgrind,asker,CWE-401,R4
b50e37c2a43f4b74,https://stackoverflow.com/questions/27593184/how-does-valgrind-calculate-my-example-memory-leak,https://stackoverflow.com/questions/27593184/how-does-valgrind-calculate-my-example-memory-leak,asker,CWE-459;CWE-401,R2
731d878630597339,https://stackoverflow.com/questions/27593184/how-does-valgrind-calculate-my-example-memory-leak,https://stackoverflow.com/questions/27593184/how-does-valgrind-calculate-my-example-memory-leak,asker,CWE-459;CWE-401,R2
a5545c24940ed898,https://stackoverflow.com/questions/33392649/valgrind-memory-leak-what-error-is-this,https://stackoverflow.com/questions/33392649/valgrind-memory-leak-what-error-is-this,asker,CWE-459;CWE-401,R2
2e87ebdeab4379a8,https://stackoverflow.com/questions/21233891/tracking-down-a-memory-leak-with-valgrind,https://stackoverflow.com/questions/21233891/tracking-down-a-memory-leak-with-valgrind,asker,CWE-459;CWE-401,R4
e3277bc57f144a4b,https://stackoverflow.com/questions/70982490/how-to-solve-the-memory-leak-error-shown-by-valgrind,https://stackoverflow.com/questions/70982490/how-to-solve-the-memory-leak-error-shown-by-valgrind,asker,CWE-590;CWE-459;CWE-401,G
23d4eacda4b07af5,https://stackoverflow.com/questions/78851746/valgrind-shows-weird-results-when-using-it-with-sdl2,https://stackoverflow.com/questions/78851746/valgrind-shows-weird-results-when-using-it-with-sdl2,asker,CWE-459;CWE-401,R3
c122f614d25ba852,https://stackoverflow.com/questions/6463053/setpwent-shows-memory-leak-in-valgrind,https://stackoverflow.com/questions/6463053/setpwent-shows-memory-leak-in-valgrind,asker,CWE-459;CWE-401,"R3,V1"
65129dba0bdd5417,https://stackoverflow.com/questions/67226661/simple-shell-in-c-valgrind-shows-memorry-leaks-for-sort-command,https://stackoverflow.com/questions/67226661/simple-shell-in-c-valgrind-shows-memorry-leaks-for-sort-command,asker,CWE-459;CWE-401,R3
d841bc4f21076e20,https://stackoverflow.com/questions/43389411/how-does-one-correctly-avoid-the-avcodec-alloc-context3-leak-from-avformat-new-s,https://stackoverflow.com/questions/43389411/how-does-one-correctly-avoid-the-avcodec-alloc-context3-leak-from-avformat-new-s,asker,CWE-401,O1
29943eef3392ffd2,https://stackoverflow.com/questions/27839959/libssh-memory-lost-in-simple-implementation,https://stackoverflow.com/questions/27839959/libssh-memory-lost-in-simple-implementation,asker,CWE-459;CWE-401,D1
059276b8c3c2f842,https://stackoverflow.com/questions/27839959/libssh-memory-lost-in-simple-implementation,https://stackoverflow.com/questions/27839959/libssh-memory-lost-in-simple-implementation,asker,CWE-459;CWE-401,G
80d6d7e04e021b79,https://stackoverflow.com/questions/8179958/how-to-find-remove-memory-leaks-and-errors-in-my-c-program-after-checked-it-wi,https://stackoverflow.com/questions/8179958/how-to-find-remove-memory-leaks-and-errors-in-my-c-program-after-checked-it-wi,asker,CWE-459;CWE-401,R5
8cc64769fdbbfc56,https://stackoverflow.com/questions/8179958/how-to-find-remove-memory-leaks-and-errors-in-my-c-program-after-checked-it-wi,https://stackoverflow.com/questions/8179958/how-to-find-remove-memory-leaks-and-errors-in-my-c-program-after-checked-it-wi,asker,CWE-459;CWE-401,G
7ea3851fa54c3669,https://stackoverflow.com/questions/8179958/how-to-find-remove-memory-leaks-and-errors-in-my-c-program-after-checked-it-wi,https://stackoverflow.com/questions/8179958/how-to-find-remove-memory-leaks-and-errors-in-my-c-program-after-checked-it-wi,asker,CWE-459;CWE-401,G
4c32acd57e608df8,https://stackoverflow.com/questions/1447018/getpwnam-r-memory-leak,https://stackoverflow.com/questions/1447018/getpwnam-r-memory-leak,asker,CWE-459;CWE-401,R3
350c9565ea5caf6e,https://stackoverflow.com/questions/1447018/getpwnam-r-memory-leak,https://stackoverflow.com/questions/1447018/getpwnam-r-memory-leak,asker,CWE-459;CWE-401,R3
09f32a9d9d349eb8,https://stackoverflow.com/questions/19519364/why-does-this-rule-of-three-failure-actually-fail,https://stackoverflow.com/questions/19519364/why-does-this-rule-of-three-failure-actually-fail,asker,CWE-762;CWE-459;CWE-401,E3
8d3df0f937016c1c,https://stackoverflow.com/questions/19519364/why-does-this-rule-of-three-failure-actually-fail,https://stackoverflow.com/questions/19519364/why-does-this-rule-of-three-failure-actually-fail,asker,CWE-762;CWE-459;CWE-401,E3
c0b8cd8c629ab6a3,https://stackoverflow.com/questions/12828091/is-an-overloaded-operator-required-at-this-example,https://stackoverflow.com/questions/12828091/is-an-overloaded-operator-required-at-this-example,asker,CWE-459;CWE-401,E3
8484bbcdd68374d9,https://stackoverflow.com/questions/12828091/is-an-overloaded-operator-required-at-this-example,https://stackoverflow.com/questions/12828091/is-an-overloaded-operator-required-at-this-example,asker,CWE-459;CWE-401,E3
dd44edfbd3409348,https://stackoverflow.com/questions/12828091/is-an-overloaded-operator-required-at-this-example,https://stackoverflow.com/questions/12828091/is-an-overloaded-operator-required-at-this-example,asker,CWE-459;CWE-401,V1
6bc65d872db72d3e,https://stackoverflow.com/questions/49667744/memory-leaks-on-a-templated-dynamic-array,https://stackoverflow.com/questions/49667744/memory-leaks-on-a-templated-dynamic-array,asker,CWE-762;CWE-459;CWE-401,N3
1652aa2b0d76043f,https://stackoverflow.com/questions/46800987/destructor-called-on-stdvectorclass-type-invalidating-for-each,https://stackoverflow.com/questions/46800987/destructor-called-on-stdvectorclass-type-invalidating-for-each,asker,CWE-762;CWE-459;CWE-401,G
e86d1230d5128ad9,https://stackoverflow.com/questions/19606963/how-to-return-dynamic-structure-without-pointer,https://stackoverflow.com/questions/19606963/how-to-return-dynamic-structure-without-pointer,asker,CWE-459;CWE-401,O1
bbec582725e885e5,https://stackoverflow.com/questions/19606963/how-to-return-dynamic-structure-without-pointer,https://stackoverflow.com/questions/19606963/how-to-return-dynamic-structure-without-pointer,asker,CWE-459;CWE-401,O1
f29bb45dd6ea5f96,https://stackoverflow.com/questions/19606963/how-to-return-dynamic-structure-without-pointer,https://stackoverflow.com/questions/19606963/how-to-return-dynamic-structure-without-pointer,asker,CWE-459;CWE-401,NA
ada319ae7aa655e1,https://stackoverflow.com/questions/35937148/management-of-a-vector-of-pointers-as-a-class-member,https://stackoverflow.com/questions/35937148/management-of-a-vector-of-pointers-as-a-class-member,asker,CWE-459;CWE-401,N3
ab5b70c77372709a,https://stackoverflow.com/questions/956611/unique-ptr-major-improvement,https://stackoverflow.com/questions/956611/unique-ptr-major-improvement,asker,CWE-459;CWE-401,P
d8b8064de3dbd0f9,https://stackoverflow.com/questions/956611/unique-ptr-major-improvement,https://stackoverflow.com/questions/956611/unique-ptr-major-improvement,asker,CWE-459;CWE-401,P
3ea4264182b073a1,https://stackoverflow.com/questions/956611/unique-ptr-major-improvement,https://stackoverflow.com/questions/956611/unique-ptr-major-improvement,asker,CWE-459;CWE-401,P
3b49ddbc84c31b5e,https://stackoverflow.com/questions/31528824/no-backtrace-from-sigabrt-signal-on-arm-platform,https://stackoverflow.com/questions/31528824/no-backtrace-from-sigabrt-signal-on-arm-platform,asker,CWE-763,NA
b15c7d31e55410b2,https://stackoverflow.com/questions/7577976/how-are-heaps-created-in-mixed-language-applications,https://stackoverflow.com/questions/7577976/how-are-heaps-created-in-mixed-language-applications,asker,CWE-762,X1
166bf5034419733a,https://stackoverflow.com/questions/73209678/when-to-convert-a-local-array-to-a-malloc-in-c,https://stackoverflow.com/questions/73209678/when-to-convert-a-local-array-to-a-malloc-in-c,asker,CWE-401,A1
9f847d27732fce01,https://stackoverflow.com/questions/73209678/when-to-convert-a-local-array-to-a-malloc-in-c,https://stackoverflow.com/questions/73209678/when-to-convert-a-local-array-to-a-malloc-in-c,asker,CWE-401,D1
49c04ca67b3d419b,https://stackoverflow.com/questions/73209678/when-to-convert-a-local-array-to-a-malloc-in-c,https://stackoverflow.com/questions/73209678/when-to-convert-a-local-array-to-a-malloc-in-c,asker,CWE-401,L4
51a59c38f283ffa9,https://stackoverflow.com/questions/73209678/when-to-convert-a-local-array-to-a-malloc-in-c,https://stackoverflow.com/questions/73209678/when-to-convert-a-local-array-to-a-malloc-in-c,asker,CWE-401,A1
0b91e2bda044dcbd,https://stackoverflow.com/questions/29070751/calling-free-in-a-procedure-in-c,https://stackoverflow.com/questions/29070751/calling-free-in-a-procedure-in-c,asker,CWE-401,D1
432592e7077355f5,https://stackoverflow.com/questions/10939158/openmp-performance,https://stackoverflow.com/questions/10939158/openmp-performance,asker,CWE-762,NA
9bc26aa42f5dfae1,https://stackoverflow.com/questions/36563103/why-does-the-o4-compiler-directive-give-unexpected-results,https://stackoverflow.com/questions/36563103/why-does-the-o4-compiler-directive-give-unexpected-results,asker,CWE-459;CWE-401,NA
6ec22996f9f62a6a,https://stackoverflow.com/questions/9504588/should-i-free-char-initialized-using-string-literals,https://stackoverflow.com/questions/9504588/should-i-free-char-initialized-using-string-literals,asker,CWE-590;CWE-763,A1
5c752af5b8aae733,https://stackoverflow.com/questions/9504588/should-i-free-char-initialized-using-string-literals,https://stackoverflow.com/questions/9504588/should-i-free-char-initialized-using-string-literals,asker,CWE-590;CWE-763,A1
3605a1c0a266d384,https://stackoverflow.com/questions/9504588/should-i-free-char-initialized-using-string-literals,https://stackoverflow.com/questions/9504588/should-i-free-char-initialized-using-string-literals,asker,CWE-590;CWE-763,A1
88e230d206b0a800,https://stackoverflow.com/questions/33281700/how-do-i-free-up-the-memory-consumed-by-a-string-literal,https://stackoverflow.com/questions/33281700/how-do-i-free-up-the-memory-consumed-by-a-string-literal,asker,CWE-590,A1
5f57790fc4975b80,https://stackoverflow.com/questions/33281700/how-do-i-free-up-the-memory-consumed-by-a-string-literal,https://stackoverflow.com/questions/33281700/how-do-i-free-up-the-memory-consumed-by-a-string-literal,asker,CWE-590,A1
c83da5b36b16b8c6,https://stackoverflow.com/questions/33281700/how-do-i-free-up-the-memory-consumed-by-a-string-literal,https://stackoverflow.com/questions/33281700/how-do-i-free-up-the-memory-consumed-by-a-string-literal,asker,CWE-590,A1
e881fb36ffe455cd,https://stackoverflow.com/questions/32663893/avoiding-freeing-a-string-literal,https://stackoverflow.com/questions/32663893/avoiding-freeing-a-string-literal,asker,CWE-590,A1
cf7dc900a59c5709,https://stackoverflow.com/questions/29793157/how-does-memory-gets-allocated-for-string-literal-in-c-and-do-we-need-to-free-it,https://stackoverflow.com/questions/29793157/how-does-memory-gets-allocated-for-string-literal-in-c-and-do-we-need-to-free-it,asker,CWE-590,A1
c15cc5a218a6ff56,https://stackoverflow.com/questions/29793157/how-does-memory-gets-allocated-for-string-literal-in-c-and-do-we-need-to-free-it,https://stackoverflow.com/questions/29793157/how-does-memory-gets-allocated-for-string-literal-in-c-and-do-we-need-to-free-it,asker,CWE-590,A1
a6fa20572c015b99,https://stackoverflow.com/questions/29793157/how-does-memory-gets-allocated-for-string-literal-in-c-and-do-we-need-to-free-it,https://stackoverflow.com/questions/29793157/how-does-memory-gets-allocated-for-string-literal-in-c-and-do-we-need-to-free-it,asker,CWE-590,A1
1f69e7e64fc61392,https://stackoverflow.com/questions/23418728/freeing-an-array-of-character-pointers-string-literals,https://stackoverflow.com/questions/23418728/freeing-an-array-of-character-pointers-string-literals,asker,CWE-590,A1
9a3dd5d5c137c48f,https://stackoverflow.com/questions/23418728/freeing-an-array-of-character-pointers-string-literals,https://stackoverflow.com/questions/23418728/freeing-an-array-of-character-pointers-string-literals,asker,CWE-590,A1
2fda1de5ffb4e917,https://stackoverflow.com/questions/26950411/how-to-distinguish-a-malloced-string-from-a-string-literal,https://stackoverflow.com/questions/26950411/how-to-distinguish-a-malloced-string-from-a-string-literal,asker,CWE-590,A1
6677c01c0c41268c,https://stackoverflow.com/questions/26950411/how-to-distinguish-a-malloced-string-from-a-string-literal,https://stackoverflow.com/questions/26950411/how-to-distinguish-a-malloced-string-from-a-string-literal,asker,CWE-590,A1
7919815f46fe46ac,https://stackoverflow.com/questions/6447376/can-you-determine-if-a-string-if-freeable-in-c,https://stackoverflow.com/questions/6447376/can-you-determine-if-a-string-if-freeable-in-c,asker,CWE-590;CWE-763,A1
6ab1022c2089133e,https://stackoverflow.com/questions/6058909/catching-delete-of-a-stack-object,https://stackoverflow.com/questions/6058909/catching-delete-of-a-stack-object,asker,CWE-590,A1
52b50dfef02efd2c,https://stackoverflow.com/questions/6058909/catching-delete-of-a-stack-object,https://stackoverflow.com/questions/6058909/catching-delete-of-a-stack-object,asker,CWE-590,"A1,R5"
6737e1412c6c56ae,https://stackoverflow.com/questions/21547180/what-is-the-behavior-of-delete-with-stack-objects,https://stackoverflow.com/questions/21547180/what-is-the-behavior-of-delete-with-stack-objects,asker,CWE-590,A1
21e428f988938f18,https://stackoverflow.com/questions/21547180/what-is-the-behavior-of-delete-with-stack-objects,https://stackoverflow.com/questions/21547180/what-is-the-behavior-of-delete-with-stack-objects,asker,CWE-590,A1
d407853fb6901795,https://stackoverflow.com/questions/21547180/what-is-the-behavior-of-delete-with-stack-objects,https://stackoverflow.com/questions/21547180/what-is-the-behavior-of-delete-with-stack-objects,asker,CWE-590,A1
95262343e21d8d1d,https://stackoverflow.com/questions/18017074/illegal-deletion-of-a-stack-object,https://stackoverflow.com/questions/18017074/illegal-deletion-of-a-stack-object,asker,CWE-590;CWE-459,A1
c7b4032263101527,https://stackoverflow.com/questions/38855343/create-shared-ptr-to-stack-object,https://stackoverflow.com/questions/38855343/create-shared-ptr-to-stack-object,asker,CWE-590,"A1,O2"
2540f7d353bcbb7d,https://stackoverflow.com/questions/38855343/create-shared-ptr-to-stack-object,https://stackoverflow.com/questions/38855343/create-shared-ptr-to-stack-object,asker,CWE-590,"A1,L2"
b83abd12fac50e2e,https://stackoverflow.com/questions/38855343/create-shared-ptr-to-stack-object,https://stackoverflow.com/questions/38855343/create-shared-ptr-to-stack-object,asker,CWE-590,"A1,O2"
b2700448de600c01,https://stackoverflow.com/questions/47371101/is-a-pointer-to-a-stack-object-deleted-when-out-of-scope,https://stackoverflow.com/questions/47371101/is-a-pointer-to-a-stack-object-deleted-when-out-of-scope,asker,CWE-762,"A1,L2"
5b06dba89157ff60,https://stackoverflow.com/questions/47371101/is-a-pointer-to-a-stack-object-deleted-when-out-of-scope,https://stackoverflow.com/questions/47371101/is-a-pointer-to-a-stack-object-deleted-when-out-of-scope,asker,CWE-762,A1
0b6671c761c370f8,https://stackoverflow.com/questions/47371101/is-a-pointer-to-a-stack-object-deleted-when-out-of-scope,https://stackoverflow.com/questions/47371101/is-a-pointer-to-a-stack-object-deleted-when-out-of-scope,asker,CWE-762,A1
eb3da2f750941e02,https://stackoverflow.com/questions/47371101/is-a-pointer-to-a-stack-object-deleted-when-out-of-scope,https://stackoverflow.com/questions/47371101/is-a-pointer-to-a-stack-object-deleted-when-out-of-scope,asker,CWE-762,A1
709648f71fa15f10,https://stackoverflow.com/questions/47371101/is-a-pointer-to-a-stack-object-deleted-when-out-of-scope,https://stackoverflow.com/questions/47371101/is-a-pointer-to-a-stack-object-deleted-when-out-of-scope,asker,CWE-762,A1
83024d771fbc4194,https://stackoverflow.com/questions/47371101/is-a-pointer-to-a-stack-object-deleted-when-out-of-scope,https://stackoverflow.com/questions/47371101/is-a-pointer-to-a-stack-object-deleted-when-out-of-scope,asker,CWE-762,A1
6d7cfbc5848fef20,https://stackoverflow.com/questions/12513426/what-happens-when-delete-pointer-to-stack-object,https://stackoverflow.com/questions/12513426/what-happens-when-delete-pointer-to-stack-object,asker,CWE-590,A1
b5ace0575f09bd6f,https://stackoverflow.com/questions/3788005/deleting-object-from-a-stack,https://stackoverflow.com/questions/3788005/deleting-object-from-a-stack,asker,CWE-590,A1
0fb23ea32c846730,https://stackoverflow.com/questions/3788005/deleting-object-from-a-stack,https://stackoverflow.com/questions/3788005/deleting-object-from-a-stack,asker,CWE-590,A1
b0a85ca305471ce1,https://stackoverflow.com/questions/10836591/class-members-and-explicit-stack-heap-allocation,https://stackoverflow.com/questions/10836591/class-members-and-explicit-stack-heap-allocation,asker,CWE-459;CWE-401,A1
05463dd9a06daa58,https://stackoverflow.com/questions/10836591/class-members-and-explicit-stack-heap-allocation,https://stackoverflow.com/questions/10836591/class-members-and-explicit-stack-heap-allocation,asker,CWE-459;CWE-401,A1
49fdc4ffaaceb953,https://stackoverflow.com/questions/10836591/class-members-and-explicit-stack-heap-allocation,https://stackoverflow.com/questions/10836591/class-members-and-explicit-stack-heap-allocation,asker,CWE-459;CWE-401,A1
3631306cc5f3d661,https://stackoverflow.com/questions/10836591/class-members-and-explicit-stack-heap-allocation,https://stackoverflow.com/questions/10836591/class-members-and-explicit-stack-heap-allocation,asker,CWE-459;CWE-401,N3
491257854af7eb51,https://stackoverflow.com/questions/447379/what-is-the-use-of-delete-this,https://stackoverflow.com/questions/447379/what-is-the-use-of-delete-this,asker,CWE-459,L2
96aae2803e506997,https://stackoverflow.com/questions/75966130/moving-a-unique-pointer-undefined-behavior-on-cppreference,https://stackoverflow.com/questions/75966130/moving-a-unique-pointer-undefined-behavior-on-cppreference,asker,CWE-459,O2
73957ba35e27eb8f,https://stackoverflow.com/questions/75966130/moving-a-unique-pointer-undefined-behavior-on-cppreference,https://stackoverflow.com/questions/75966130/moving-a-unique-pointer-undefined-behavior-on-cppreference,asker,CWE-459,O2
5ce4ff4ea63984ab,https://stackoverflow.com/questions/14199689/how-can-i-handle-exit-calls-in-3rd-party-library-code,https://stackoverflow.com/questions/14199689/how-can-i-handle-exit-calls-in-3rd-party-library-code,asker,CWE-459,L1
801a242de1db1a00,https://stackoverflow.com/questions/14199689/how-can-i-handle-exit-calls-in-3rd-party-library-code,https://stackoverflow.com/questions/14199689/how-can-i-handle-exit-calls-in-3rd-party-library-code,asker,CWE-459,L1
4717461f48e7920c,https://stackoverflow.com/questions/14199689/how-can-i-handle-exit-calls-in-3rd-party-library-code,https://stackoverflow.com/questions/14199689/how-can-i-handle-exit-calls-in-3rd-party-library-code,asker,CWE-459,L1
956e3e57636be1e5,https://stackoverflow.com/questions/3802454/can-c0x-still-explicitly-allocate-with-global-operator-new,https://stackoverflow.com/questions/3802454/can-c0x-still-explicitly-allocate-with-global-operator-new,asker,CWE-401,NA
eab502b5f8bb58c8,https://stackoverflow.com/questions/3802454/can-c0x-still-explicitly-allocate-with-global-operator-new,https://stackoverflow.com/questions/3802454/can-c0x-still-explicitly-allocate-with-global-operator-new,asker,CWE-401,NA
ef077bb7d09f7d60,https://stackoverflow.com/questions/10716013/can-i-free-static-and-automatic-variables-in-c,https://stackoverflow.com/questions/10716013/can-i-free-static-and-automatic-variables-in-c,asker,CWE-590,A1
52d1104c82ad1f77,https://stackoverflow.com/questions/10716013/can-i-free-static-and-automatic-variables-in-c,https://stackoverflow.com/questions/10716013/can-i-free-static-and-automatic-variables-in-c,asker,CWE-590,A1
701c514592505c87,https://stackoverflow.com/questions/75315299/memory-leak-in-c-with-static-variable-and-i-dont-know-how-to-fix-it,https://stackoverflow.com/questions/75315299/memory-leak-in-c-with-static-variable-and-i-dont-know-how-to-fix-it,asker,CWE-401,A1
75e78d660f349377,https://stackoverflow.com/questions/437279/is-it-safe-to-use-getenv-in-static-initializers-that-is-before-main,https://stackoverflow.com/questions/437279/is-it-safe-to-use-getenv-in-static-initializers-that-is-before-main,asker,CWE-763,NA
858d3a32762cfbd5,https://stackoverflow.com/questions/5316379/can-threads-write-to-different-elements-of-same-array-of-structures-without-lock,https://stackoverflow.com/questions/5316379/can-threads-write-to-different-elements-of-same-array-of-structures-without-lock,asker,CWE-590,NA
64a7b2a031634b72,https://stackoverflow.com/questions/65847255/asan-not-properly-intercepting-alloc-free-in-stdostringstreams-str-when-overr,https://stackoverflow.com/questions/65847255/asan-not-properly-intercepting-alloc-free-in-stdostringstreams-str-when-overr,asker,CWE-590;CWE-761,"X1,R3"
ea6f48f166493a30,https://stackoverflow.com/questions/65847255/asan-not-properly-intercepting-alloc-free-in-stdostringstreams-str-when-overr,https://stackoverflow.com/questions/65847255/asan-not-properly-intercepting-alloc-free-in-stdostringstreams-str-when-overr,asker,CWE-590;CWE-761,R3
0afce672783943b5,https://stackoverflow.com/questions/17440621/freeing-memory-after-you-have-incremented-the-pointer,https://stackoverflow.com/questions/17440621/freeing-memory-after-you-have-incremented-the-pointer,asker,CWE-590;CWE-761;CWE-763,D2
536a7f3f7cab0d96,https://stackoverflow.com/questions/32849739/understanding-malloc-and-pointer-incrementation-with-free,https://stackoverflow.com/questions/32849739/understanding-malloc-and-pointer-incrementation-with-free,asker,CWE-761,D2
28be538b82882f53,https://stackoverflow.com/questions/32849739/understanding-malloc-and-pointer-incrementation-with-free,https://stackoverflow.com/questions/32849739/understanding-malloc-and-pointer-incrementation-with-free,asker,CWE-761,NA
afae1e2ee6b8a0cf,https://stackoverflow.com/questions/5414549/c-free-routine-and-incremented-array-pointers,https://stackoverflow.com/questions/5414549/c-free-routine-and-incremented-array-pointers,asker,CWE-761,D2
27d34708dacc89d6,https://stackoverflow.com/questions/5414549/c-free-routine-and-incremented-array-pointers,https://stackoverflow.com/questions/5414549/c-free-routine-and-incremented-array-pointers,asker,CWE-761,D2
90f7528581604472,https://stackoverflow.com/questions/1963745/how-does-free-know-how-much-memory-to-deallocate,https://stackoverflow.com/questions/1963745/how-does-free-know-how-much-memory-to-deallocate,asker,CWE-761,K
a51248a38f7757d6,https://stackoverflow.com/questions/1963745/how-does-free-know-how-much-memory-to-deallocate,https://stackoverflow.com/questions/1963745/how-does-free-know-how-much-memory-to-deallocate,asker,CWE-761,K
6ea3c79d173757b3,https://stackoverflow.com/questions/1963745/how-does-free-know-how-much-memory-to-deallocate,https://stackoverflow.com/questions/1963745/how-does-free-know-how-much-memory-to-deallocate,asker,CWE-761,K
f801823fcd38c433,https://stackoverflow.com/questions/38385176/is-this-custom-malloc-ok,https://stackoverflow.com/questions/38385176/is-this-custom-malloc-ok,asker,CWE-761,NA
c5c35807db6c660b,https://stackoverflow.com/questions/8466743/c-code-malloc-and-free,https://stackoverflow.com/questions/8466743/c-code-malloc-and-free,asker,CWE-761;CWE-459;CWE-401,K
48ab829549aab5a0,https://stackoverflow.com/questions/8466743/c-code-malloc-and-free,https://stackoverflow.com/questions/8466743/c-code-malloc-and-free,asker,CWE-761;CWE-459;CWE-401,K
7b4f9a6c73d19280,https://stackoverflow.com/questions/8466743/c-code-malloc-and-free,https://stackoverflow.com/questions/8466743/c-code-malloc-and-free,asker,CWE-761;CWE-459;CWE-401,K
3d0e97fcb5f5a07a,https://stackoverflow.com/questions/8466743/c-code-malloc-and-free,https://stackoverflow.com/questions/8466743/c-code-malloc-and-free,asker,CWE-761;CWE-459;CWE-401,K
f72c8c341d0e065c,https://stackoverflow.com/questions/8466743/c-code-malloc-and-free,https://stackoverflow.com/questions/8466743/c-code-malloc-and-free,asker,CWE-761;CWE-459;CWE-401,K
5c6b417c2dbe9e93,https://stackoverflow.com/questions/10608781/how-to-implement-reference-counting-in-c,https://stackoverflow.com/questions/10608781/how-to-implement-reference-counting-in-c,asker,CWE-761,N2
7e7ea63fd2fa3f6a,https://stackoverflow.com/questions/10608781/how-to-implement-reference-counting-in-c,https://stackoverflow.com/questions/10608781/how-to-implement-reference-counting-in-c,asker,CWE-761,N2
ed326bbf60d495f5,https://stackoverflow.com/questions/19779846/how-are-char-deallocated-in-c,https://stackoverflow.com/questions/19779846/how-are-char-deallocated-in-c,asker,CWE-401,"D2,E1"
afeb4eb4a8cf665d,https://stackoverflow.com/questions/58530570/memory-leakage-when-accessing-using-pointer-elements-from-a-struct-received-by,https://stackoverflow.com/questions/58530570/memory-leakage-when-accessing-using-pointer-elements-from-a-struct-received-by,asker,CWE-401,V1
8886214fb22418ff,https://stackoverflow.com/questions/58530570/memory-leakage-when-accessing-using-pointer-elements-from-a-struct-received-by,https://stackoverflow.com/questions/58530570/memory-leakage-when-accessing-using-pointer-elements-from-a-struct-received-by,asker,CWE-401,L2
3fe9bf4cc5441e41,https://stackoverflow.com/questions/58530570/memory-leakage-when-accessing-using-pointer-elements-from-a-struct-received-by,https://stackoverflow.com/questions/58530570/memory-leakage-when-accessing-using-pointer-elements-from-a-struct-received-by,asker,CWE-401,V1
10b51fd1b332f289,https://stackoverflow.com/questions/58530570/memory-leakage-when-accessing-using-pointer-elements-from-a-struct-received-by,https://stackoverflow.com/questions/58530570/memory-leakage-when-accessing-using-pointer-elements-from-a-struct-received-by,asker,CWE-401,NA
84e69b516b5a2eec,https://stackoverflow.com/questions/54333382/double-free-or-corruption-when-using-char,https://stackoverflow.com/questions/54333382/double-free-or-corruption-when-using-char,asker,CWE-763;CWE-789,C2
c9f7782f9f352adb,https://stackoverflow.com/questions/44293723/how-can-i-implement-two-node-arrays-statically-and-also-efficiently,https://stackoverflow.com/questions/44293723/how-can-i-implement-two-node-arrays-statically-and-also-efficiently,asker,CWE-459,NA
4746b0b6997226ff,https://stackoverflow.com/questions/39282669/can-i-should-i-free-pointer-returned-by-strtok,https://stackoverflow.com/questions/39282669/can-i-should-i-free-pointer-returned-by-strtok,asker,CWE-763,"C2,D1"
3440856b2618a611,https://stackoverflow.com/questions/59593891/error-munmap-chunk-invalid-pointer-in-c-program,https://stackoverflow.com/questions/59593891/error-munmap-chunk-invalid-pointer-in-c-program,asker,CWE-590;CWE-763,D1
f123a604f563e392,https://stackoverflow.com/questions/59593891/error-munmap-chunk-invalid-pointer-in-c-program,https://stackoverflow.com/questions/59593891/error-munmap-chunk-invalid-pointer-in-c-program,asker,CWE-590;CWE-763,O1
a03c2a039b54c110,https://stackoverflow.com/questions/32415774/freeing-an-invalid-pointer,https://stackoverflow.com/questions/32415774/freeing-an-invalid-pointer,asker,CWE-763,D4
0af3f7cfad388559,https://stackoverflow.com/questions/41070416/unexpected-free-behavior,https://stackoverflow.com/questions/41070416/unexpected-free-behavior,asker,CWE-763;CWE-401,"N1,A2"
f0903c84096064c7,https://stackoverflow.com/questions/7875764/using-qsharedpointer-with-new-yields-mismatched-free-delete-delete-i,https://stackoverflow.com/questions/7875764/using-qsharedpointer-with-new-yields-mismatched-free-delete-delete-i,asker,CWE-762,"O2,V1"
f9a17f20e9793130,https://stackoverflow.com/questions/53922209/how-to-invoke-aligned-new-delete-properly,https://stackoverflow.com/questions/53922209/how-to-invoke-aligned-new-delete-properly,asker,CWE-762,D3
6f7ddf2d868a9737,https://stackoverflow.com/questions/53922209/how-to-invoke-aligned-new-delete-properly,https://stackoverflow.com/questions/53922209/how-to-invoke-aligned-new-delete-properly,asker,CWE-762,D3
107c26e324a6176a,https://stackoverflow.com/questions/53922209/how-to-invoke-aligned-new-delete-properly,https://stackoverflow.com/questions/53922209/how-to-invoke-aligned-new-delete-properly,asker,CWE-762,D3
c73af78b37f923b4,https://stackoverflow.com/questions/33063463/using-freeconst-char-in-c-11,https://stackoverflow.com/questions/33063463/using-freeconst-char-in-c-11,asker,CWE-762,D3
ad4944d6ab768ca1,https://stackoverflow.com/questions/21377360/proper-way-to-create-unique-ptr-that-holds-an-allocated-array,https://stackoverflow.com/questions/21377360/proper-way-to-create-unique-ptr-that-holds-an-allocated-array,asker,CWE-762;CWE-401,D3
20a19bc27fbd6599,https://stackoverflow.com/questions/9238731/how-serious-is-the-new-delete-operator-mismatch-error,https://stackoverflow.com/questions/9238731/how-serious-is-the-new-delete-operator-mismatch-error,asker,CWE-762;CWE-401,D3
b165f79d86199c85,https://stackoverflow.com/questions/9238731/how-serious-is-the-new-delete-operator-mismatch-error,https://stackoverflow.com/questions/9238731/how-serious-is-the-new-delete-operator-mismatch-error,asker,CWE-762;CWE-401,D3
eb6acb8e3356c9fb,https://stackoverflow.com/questions/9238731/how-serious-is-the-new-delete-operator-mismatch-error,https://stackoverflow.com/questions/9238731/how-serious-is-the-new-delete-operator-mismatch-error,asker,CWE-762;CWE-401,D3
081df2b275224503,https://stackoverflow.com/questions/58110985/valgrind-errors-with-boostthread-specific-ptr-on-gcc-8-3-linux,https://stackoverflow.com/questions/58110985/valgrind-errors-with-boostthread-specific-ptr-on-gcc-8-3-linux,asker,CWE-762;CWE-763;CWE-401,D4
5023d5ca179fe036,https://stackoverflow.com/questions/3872290/how-to-locate-a-free-delete-mismatch-reported-by-valgrind-in-a-multithreaded-pro,https://stackoverflow.com/questions/3872290/how-to-locate-a-free-delete-mismatch-reported-by-valgrind-in-a-multithreaded-pro,asker,CWE-762;CWE-763,R4
a379aa9068da349f,https://stackoverflow.com/questions/42663978/correct-way-to-allocate-memory-to-stdshared-ptr,https://stackoverflow.com/questions/42663978/correct-way-to-allocate-memory-to-stdshared-ptr,asker,CWE-762;CWE-459,D3
79c9513d4043378d,https://stackoverflow.com/questions/75526643/how-to-suppress-alloc-dealloc-mismatch-in-leaksanatizer,https://stackoverflow.com/questions/75526643/how-to-suppress-alloc-dealloc-mismatch-in-leaksanatizer,asker,CWE-762;CWE-401,R5
b0e40a43edc82f34,https://stackoverflow.com/questions/79224819/addresssanitizer-alloc-dealloc-mismatch-operator-new-vs-free-on-exception,https://stackoverflow.com/questions/79224819/addresssanitizer-alloc-dealloc-mismatch-operator-new-vs-free-on-exception,asker,CWE-762;CWE-761,D3
ca6899a993c1f730,https://stackoverflow.com/questions/7647964/how-to-check-consequence-of-using-free-with-new,https://stackoverflow.com/questions/7647964/how-to-check-consequence-of-using-free-with-new,asker,CWE-762;CWE-459,D3
7a495c510f2e99d2,https://stackoverflow.com/questions/240212/what-is-the-difference-between-new-delete-and-malloc-free,https://stackoverflow.com/questions/240212/what-is-the-difference-between-new-delete-and-malloc-free,asker,CWE-762,D3
757ebaea9f8320f9,https://stackoverflow.com/questions/240212/what-is-the-difference-between-new-delete-and-malloc-free,https://stackoverflow.com/questions/240212/what-is-the-difference-between-new-delete-and-malloc-free,asker,CWE-762,D3
775534e3f700b791,https://stackoverflow.com/questions/240212/what-is-the-difference-between-new-delete-and-malloc-free,https://stackoverflow.com/questions/240212/what-is-the-difference-between-new-delete-and-malloc-free,asker,CWE-762,A3
21c12d2b65398f9e,https://stackoverflow.com/questions/370195/when-and-why-will-a-compiler-initialise-memory-to-0xcd-0xdd-etc-on-malloc-fre,https://stackoverflow.com/questions/370195/when-and-why-will-a-compiler-initialise-memory-to-0xcd-0xdd-etc-on-malloc-fre,asker,CWE-762,NA
eab36f4fd87ffbee,https://stackoverflow.com/questions/370195/when-and-why-will-a-compiler-initialise-memory-to-0xcd-0xdd-etc-on-malloc-fre,https://stackoverflow.com/questions/370195/when-and-why-will-a-compiler-initialise-memory-to-0xcd-0xdd-etc-on-malloc-fre,asker,CWE-762,D3
324862f483fc5a5e,https://stackoverflow.com/questions/21374891/c-explicit-destructor-call-through-base-pointer,https://stackoverflow.com/questions/21374891/c-explicit-destructor-call-through-base-pointer,asker,CWE-459,L2
a6c34a43ded350d5,https://stackoverflow.com/questions/21374891/c-explicit-destructor-call-through-base-pointer,https://stackoverflow.com/questions/21374891/c-explicit-destructor-call-through-base-pointer,asker,CWE-459,D3
c71e21e2bdd9a218,https://stackoverflow.com/questions/2570552/why-are-new-delete-slower-than-malloc-free,https://stackoverflow.com/questions/2570552/why-are-new-delete-slower-than-malloc-free,asker,CWE-762,NA
c8d4bfbc7710d4dd,https://stackoverflow.com/questions/2570552/why-are-new-delete-slower-than-malloc-free,https://stackoverflow.com/questions/2570552/why-are-new-delete-slower-than-malloc-free,asker,CWE-762,NA
1b197b144d19956e,https://stackoverflow.com/questions/2983182/new-delete-malloc-free,https://stackoverflow.com/questions/2983182/new-delete-malloc-free,asker,CWE-762,NA
921d2ee0ba363d7b,https://stackoverflow.com/questions/19154980/malloc-free-and-new-delete-compatibility-in-c,https://stackoverflow.com/questions/19154980/malloc-free-and-new-delete-compatibility-in-c,asker,CWE-762,D3
7c073e389665efd3,https://stackoverflow.com/questions/19154980/malloc-free-and-new-delete-compatibility-in-c,https://stackoverflow.com/questions/19154980/malloc-free-and-new-delete-compatibility-in-c,asker,CWE-762,D3
53521a9d748cd47b,https://stackoverflow.com/questions/1232262/memory-leak-in-c-c-forgot-to-do-free-delete,https://stackoverflow.com/questions/1232262/memory-leak-in-c-c-forgot-to-do-free-delete,asker,CWE-401,L1
379daa7e22f8fc9d,https://stackoverflow.com/questions/1232262/memory-leak-in-c-c-forgot-to-do-free-delete,https://stackoverflow.com/questions/1232262/memory-leak-in-c-c-forgot-to-do-free-delete,asker,CWE-401,V1
5578e67cb708e881,https://stackoverflow.com/questions/1232262/memory-leak-in-c-c-forgot-to-do-free-delete,https://stackoverflow.com/questions/1232262/memory-leak-in-c-c-forgot-to-do-free-delete,asker,CWE-401,L1
36b42593a6c3f2ba,https://stackoverflow.com/questions/1232262/memory-leak-in-c-c-forgot-to-do-free-delete,https://stackoverflow.com/questions/1232262/memory-leak-in-c-c-forgot-to-do-free-delete,asker,CWE-401,L1
15c2e81a05d4d3b2,https://stackoverflow.com/questions/1232262/memory-leak-in-c-c-forgot-to-do-free-delete,https://stackoverflow.com/questions/1232262/memory-leak-in-c-c-forgot-to-do-free-delete,asker,CWE-401,R5
4536e3195e8e574a,https://stackoverflow.com/questions/6727383/dynamically-allocated-memory-after-program-termination,https://stackoverflow.com/questions/6727383/dynamically-allocated-memory-after-program-termination,asker,CWE-762,L1
22c4585e8bf2e18c,https://stackoverflow.com/questions/6727383/dynamically-allocated-memory-after-program-termination,https://stackoverflow.com/questions/6727383/dynamically-allocated-memory-after-program-termination,asker,CWE-762,L1
6b3f7d114c70713a,https://stackoverflow.com/questions/993590/should-i-delete-vectorstring,https://stackoverflow.com/questions/993590/should-i-delete-vectorstring,asker,CWE-762;CWE-789;CWE-401,D1
769a86b42b016185,https://stackoverflow.com/questions/49651149/memory-consumption-after-new-then-delete,https://stackoverflow.com/questions/49651149/memory-consumption-after-new-then-delete,asker,CWE-762;CWE-401,"V1,L3"
b44fdb61c214aeb2,https://stackoverflow.com/questions/49651149/memory-consumption-after-new-then-delete,https://stackoverflow.com/questions/49651149/memory-consumption-after-new-then-delete,asker,CWE-762;CWE-401,D1
bc14a5fe012adea3,https://stackoverflow.com/questions/16714937/what-is-c-version-of-realloc-to-allocate-the-new-buffer-and-copy-the-conten,https://stackoverflow.com/questions/16714937/what-is-c-version-of-realloc-to-allocate-the-new-buffer-and-copy-the-conten,asker,CWE-762,NA
5e2d22e3bd2d68f0,https://stackoverflow.com/questions/16714937/what-is-c-version-of-realloc-to-allocate-the-new-buffer-and-copy-the-conten,https://stackoverflow.com/questions/16714937/what-is-c-version-of-realloc-to-allocate-the-new-buffer-and-copy-the-conten,asker,CWE-762,NA
5dd9c3e90276d476,https://stackoverflow.com/questions/2677097/can-i-free-memory-passed-to-sysallocstring,https://stackoverflow.com/questions/2677097/can-i-free-memory-passed-to-sysallocstring,asker,CWE-762,O2
bc5e1cb201d61596,https://stackoverflow.com/questions/2677097/can-i-free-memory-passed-to-sysallocstring,https://stackoverflow.com/questions/2677097/can-i-free-memory-passed-to-sysallocstring,asker,CWE-762,O2
c68108cc03eba751,https://stackoverflow.com/questions/2677097/can-i-free-memory-passed-to-sysallocstring,https://stackoverflow.com/questions/2677097/can-i-free-memory-passed-to-sysallocstring,asker,CWE-762,O2
4567da41770624cf,https://stackoverflow.com/questions/2677097/can-i-free-memory-passed-to-sysallocstring,https://stackoverflow.com/questions/2677097/can-i-free-memory-passed-to-sysallocstring,asker,CWE-762,O2
4c7093e21c531417,https://stackoverflow.com/questions/33718268/c-free-crashes-on-reassigned-pointer-of-pointer,https://stackoverflow.com/questions/33718268/c-free-crashes-on-reassigned-pointer-of-pointer,asker,CWE-762;CWE-459,D4
83b24f09b8fd84fc,https://stackoverflow.com/questions/33718268/c-free-crashes-on-reassigned-pointer-of-pointer,https://stackoverflow.com/questions/33718268/c-free-crashes-on-reassigned-pointer-of-pointer,asker,CWE-762;CWE-459,D4
2e4177d61874dbe2,https://stackoverflow.com/questions/67578185/why-does-the-delete-syntax-exist-in-c,https://stackoverflow.com/questions/67578185/why-does-the-delete-syntax-exist-in-c,asker,CWE-762,D3
8107f89fa557ecc2,https://stackoverflow.com/questions/1917411/whats-the-result-if-i-use-delete-p-instead-of-delete-p-for-an-array,https://stackoverflow.com/questions/1917411/whats-the-result-if-i-use-delete-p-instead-of-delete-p-for-an-array,asker,CWE-762,D3
81720b57bb5806f1,https://stackoverflow.com/questions/1917411/whats-the-result-if-i-use-delete-p-instead-of-delete-p-for-an-array,https://stackoverflow.com/questions/1917411/whats-the-result-if-i-use-delete-p-instead-of-delete-p-for-an-array,asker,CWE-762,D3
03e87580f145f355,https://stackoverflow.com/questions/1612031/is-there-any-danger-in-calling-free-or-delete-instead-of-delete,https://stackoverflow.com/questions/1612031/is-there-any-danger-in-calling-free-or-delete-instead-of-delete,asker,CWE-762;CWE-459,D3
c6910daad3fb386c,https://stackoverflow.com/questions/1612031/is-there-any-danger-in-calling-free-or-delete-instead-of-delete,https://stackoverflow.com/questions/1612031/is-there-any-danger-in-calling-free-or-delete-instead-of-delete,asker,CWE-762;CWE-459,D3
220042d3ddbe2eef,https://stackoverflow.com/questions/1612031/is-there-any-danger-in-calling-free-or-delete-instead-of-delete,https://stackoverflow.com/questions/1612031/is-there-any-danger-in-calling-free-or-delete-instead-of-delete,asker,CWE-762;CWE-459,D3
2c29edcbd1042425,https://stackoverflow.com/questions/1612031/is-there-any-danger-in-calling-free-or-delete-instead-of-delete,https://stackoverflow.com/questions/1612031/is-there-any-danger-in-calling-free-or-delete-instead-of-delete,asker,CWE-762;CWE-459,D3
dafd25ead13adbc6,https://stackoverflow.com/questions/1612031/is-there-any-danger-in-calling-free-or-delete-instead-of-delete,https://stackoverflow.com/questions/1612031/is-there-any-danger-in-calling-free-or-delete-instead-of-delete,asker,CWE-762;CWE-459,K
01c6b1da7a899116,https://stackoverflow.com/questions/1612031/is-there-any-danger-in-calling-free-or-delete-instead-of-delete,https://stackoverflow.com/questions/1612031/is-there-any-danger-in-calling-free-or-delete-instead-of-delete,asker,CWE-762;CWE-459,K
9b689652e559c1cd,https://stackoverflow.com/questions/1612031/is-there-any-danger-in-calling-free-or-delete-instead-of-delete,https://stackoverflow.com/questions/1612031/is-there-any-danger-in-calling-free-or-delete-instead-of-delete,asker,CWE-762;CWE-459,D3
6874d8c35a648ac3,https://stackoverflow.com/questions/59151808/is-it-safe-to-use-delete-instead-of-delete-on-a-pod-array,https://stackoverflow.com/questions/59151808/is-it-safe-to-use-delete-instead-of-delete-on-a-pod-array,asker,CWE-762,D3
3eb1747476fd76fd,https://stackoverflow.com/questions/59151808/is-it-safe-to-use-delete-instead-of-delete-on-a-pod-array,https://stackoverflow.com/questions/59151808/is-it-safe-to-use-delete-instead-of-delete-on-a-pod-array,asker,CWE-762,D3
e66ff378689d09ad,https://stackoverflow.com/questions/9327003/boostptr-vector-with-arrays-can-i-be-sure-that-its-destructor-calls-delete,https://stackoverflow.com/questions/9327003/boostptr-vector-with-arrays-can-i-be-sure-that-its-destructor-calls-delete,asker,CWE-762;CWE-459,D3
8faf210e66085718,https://stackoverflow.com/questions/15073970/why-does-calling-delete-instead-of-delete-on-an-array-of-class-objects-cause-h,https://stackoverflow.com/questions/15073970/why-does-calling-delete-instead-of-delete-on-an-array-of-class-objects-cause-h,asker,CWE-762;CWE-459,D3
429ebeefc58a8766,https://stackoverflow.com/questions/15073970/why-does-calling-delete-instead-of-delete-on-an-array-of-class-objects-cause-h,https://stackoverflow.com/questions/15073970/why-does-calling-delete-instead-of-delete-on-an-array-of-class-objects-cause-h,asker,CWE-762;CWE-459,D3
939077de01af97bd,https://stackoverflow.com/questions/8405099/why-cant-the-runtime-environment-decide-to-apply-delete-or-delete-instead-of,https://stackoverflow.com/questions/8405099/why-cant-the-runtime-environment-decide-to-apply-delete-or-delete-instead-of,asker,CWE-762;CWE-459,D3
87e7f1e1ebc99b7a,https://stackoverflow.com/questions/8405099/why-cant-the-runtime-environment-decide-to-apply-delete-or-delete-instead-of,https://stackoverflow.com/questions/8405099/why-cant-the-runtime-environment-decide-to-apply-delete-or-delete-instead-of,asker,CWE-762;CWE-459,D3
f1ee707bcc03867d,https://stackoverflow.com/questions/703691/how-does-delete-know-its-an-array,https://stackoverflow.com/questions/703691/how-does-delete-know-its-an-array,asker,CWE-762,K
5e1506ff180f5cde,https://stackoverflow.com/questions/703691/how-does-delete-know-its-an-array,https://stackoverflow.com/questions/703691/how-does-delete-know-its-an-array,asker,CWE-762,K
a207e68bc3bafe57,https://stackoverflow.com/questions/4255598/delete-vs-delete,https://stackoverflow.com/questions/4255598/delete-vs-delete,asker,CWE-762,D3
c3d5256dfcc3972e,https://stackoverflow.com/questions/33321056/diagnosing-memory-leaks-in-windows-with-umdh,https://stackoverflow.com/questions/33321056/diagnosing-memory-leaks-in-windows-with-umdh,asker,CWE-459;CWE-401,R5
979eb5c22a5c5074,https://stackoverflow.com/questions/494530/why-does-microquill-smartheap-throw-mem-bad-pointer-errors-after-i-embed-perl,https://stackoverflow.com/questions/494530/why-does-microquill-smartheap-throw-mem-bad-pointer-errors-after-i-embed-perl,asker,CWE-763,X1
bfabfd2224b6f7f4,https://stackoverflow.com/questions/494530/why-does-microquill-smartheap-throw-mem-bad-pointer-errors-after-i-embed-perl,https://stackoverflow.com/questions/494530/why-does-microquill-smartheap-throw-mem-bad-pointer-errors-after-i-embed-perl,asker,CWE-763,X1
3286e330c5d28aa6,https://stackoverflow.com/questions/73973154/c-test-if-two-dlls-share-the-same-heap,https://stackoverflow.com/questions/73973154/c-test-if-two-dlls-share-the-same-heap,asker,CWE-762;CWE-459,X1
7b706df42332640d,https://stackoverflow.com/questions/512841/any-improvements-on-the-gcc-windows-dlls-c-stl-front,https://stackoverflow.com/questions/512841/any-improvements-on-the-gcc-windows-dlls-c-stl-front,asker,CWE-762,X1
a853a53377fdc238,https://stackoverflow.com/questions/1635869/using-free-inside-the-destructor-of-an-object-freed-with-delete,https://stackoverflow.com/questions/1635869/using-free-inside-the-destructor-of-an-object-freed-with-delete,asker,CWE-459,X1
27cc001d557f8cdb,https://stackoverflow.com/questions/65677448/using-strdup-pointer-as-map-key-causes-to-a-memory-leak,https://stackoverflow.com/questions/65677448/using-strdup-pointer-as-map-key-causes-to-a-memory-leak,asker,CWE-401,"R2,A2"
b8be93c7d47e76c9,https://stackoverflow.com/questions/39935218/how-to-free-memory-after-strdup,https://stackoverflow.com/questions/39935218/how-to-free-memory-after-strdup,asker,CWE-401,A2
9fbdfc346541ad9b,https://stackoverflow.com/questions/39935218/how-to-free-memory-after-strdup,https://stackoverflow.com/questions/39935218/how-to-free-memory-after-strdup,asker,CWE-401,A2
1f76c87fbd747fd7,https://stackoverflow.com/questions/35166218/what-does-copy-constructor-do-for-dynamic-allocations,https://stackoverflow.com/questions/35166218/what-does-copy-constructor-do-for-dynamic-allocations,asker,CWE-762;CWE-763,"E3,D4"
2f8839d63376c4ef,https://stackoverflow.com/questions/44370580/c-when-to-use-delete-and-properly-deallocate-memory,https://stackoverflow.com/questions/44370580/c-when-to-use-delete-and-properly-deallocate-memory,asker,CWE-762,D3
600a8712190b9054,https://stackoverflow.com/questions/44370580/c-when-to-use-delete-and-properly-deallocate-memory,https://stackoverflow.com/questions/44370580/c-when-to-use-delete-and-properly-deallocate-memory,asker,CWE-762,D1
50f61721d3f681cf,https://stackoverflow.com/questions/33378180/c-dynamic-allocation-is-my-use-of-new-correct,https://stackoverflow.com/questions/33378180/c-dynamic-allocation-is-my-use-of-new-correct,asker,CWE-762,G
d8fdd17f056fc840,https://stackoverflow.com/questions/33378180/c-dynamic-allocation-is-my-use-of-new-correct,https://stackoverflow.com/questions/33378180/c-dynamic-allocation-is-my-use-of-new-correct,asker,CWE-762,G
6b9b4ea5c806f03b,https://stackoverflow.com/questions/47236570/empty-an-array-of-struct-containing-char,https://stackoverflow.com/questions/47236570/empty-an-array-of-struct-containing-char,asker,CWE-762;CWE-401,D3
de08462e8a6f73c7,https://stackoverflow.com/questions/551069/testing-pointers-for-validity-c-c,https://stackoverflow.com/questions/551069/testing-pointers-for-validity-c-c,asker,CWE-763,D4
037e71811d6cfe4b,https://stackoverflow.com/questions/551069/testing-pointers-for-validity-c-c,https://stackoverflow.com/questions/551069/testing-pointers-for-validity-c-c,asker,CWE-763,D4
b2cd3ba1d890a55f,https://stackoverflow.com/questions/9419370/invalid-pointer-crash-on-delete-but-different-pointer,https://stackoverflow.com/questions/9419370/invalid-pointer-crash-on-delete-but-different-pointer,asker,CWE-763,D4
59469beb15241cc2,https://stackoverflow.com/questions/35163015/invalid-pointer,https://stackoverflow.com/questions/35163015/invalid-pointer,asker,CWE-762,D4
f3c4b73bfe8370f0,https://stackoverflow.com/questions/18160776/does-freeing-an-uninitialized-pointer-result-in-undefined-behavior,https://stackoverflow.com/questions/18160776/does-freeing-an-uninitialized-pointer-result-in-undefined-behavior,asker,CWE-763,D4
d62d396e14699c6d,https://stackoverflow.com/questions/18160776/does-freeing-an-uninitialized-pointer-result-in-undefined-behavior,https://stackoverflow.com/questions/18160776/does-freeing-an-uninitialized-pointer-result-in-undefined-behavior,asker,CWE-763,D4
62ebd41e21736f6a,https://stackoverflow.com/questions/77773950/pointer-may-be-used-after-free-error-doesnt-see-that-i-am-allocating-memory-t,https://stackoverflow.com/questions/77773950/pointer-may-be-used-after-free-error-doesnt-see-that-i-am-allocating-memory-t,asker,CWE-763,D4
cd70423076444537,https://stackoverflow.com/questions/8999994/freeing-potentially-uninitialized-struct-members,https://stackoverflow.com/questions/8999994/freeing-potentially-uninitialized-struct-members,asker,CWE-763;CWE-459,D4
b2e937c01297f6b3,https://stackoverflow.com/questions/13238192/global-pyobject-variable-in-c-python-extension,https://stackoverflow.com/questions/13238192/global-pyobject-variable-in-c-python-extension,asker,CWE-763,D4
671806c14915729b,https://stackoverflow.com/questions/13238192/global-pyobject-variable-in-c-python-extension,https://stackoverflow.com/questions/13238192/global-pyobject-variable-in-c-python-extension,asker,CWE-763,E2
dde30faa098ebf90,https://stackoverflow.com/questions/72331609/why-is-my-setenv-implementation-not-permanently-setting-the-environment-variable,https://stackoverflow.com/questions/72331609/why-is-my-setenv-implementation-not-permanently-setting-the-environment-variable,asker,CWE-763,NA
2b3aa37719fbd3ff,https://stackoverflow.com/questions/37988849/safer-way-to-expose-a-c-allocated-memory-buffer-using-numpy-ctypes,https://stackoverflow.com/questions/37988849/safer-way-to-expose-a-c-allocated-memory-buffer-using-numpy-ctypes,asker,CWE-459,"X1,O2"
0c0113494d61788a,https://stackoverflow.com/questions/4237812/should-i-free-delete-char-returned-by-getenv,https://stackoverflow.com/questions/4237812/should-i-free-delete-char-returned-by-getenv,asker,CWE-763;CWE-401,A2
14466b485b80d339,https://stackoverflow.com/questions/4237812/should-i-free-delete-char-returned-by-getenv,https://stackoverflow.com/questions/4237812/should-i-free-delete-char-returned-by-getenv,asker,CWE-763;CWE-401,A2
6799aebf6999f1f9,https://stackoverflow.com/questions/32177183/what-kind-of-returned-value-from-glibc-functions-needs-to-be-freed,https://stackoverflow.com/questions/32177183/what-kind-of-returned-value-from-glibc-functions-needs-to-be-freed,asker,CWE-763,A2
749ceb9ab35afad3,https://stackoverflow.com/questions/32177183/what-kind-of-returned-value-from-glibc-functions-needs-to-be-freed,https://stackoverflow.com/questions/32177183/what-kind-of-returned-value-from-glibc-functions-needs-to-be-freed,asker,CWE-763,A2
b2a5d77902389a48,https://stackoverflow.com/questions/70799842/in-c-why-is-the-pointer-returned-by-getenv-automatically-reclaimed,https://stackoverflow.com/questions/70799842/in-c-why-is-the-pointer-returned-by-getenv-automatically-reclaimed,asker,CWE-401,A2
a68a3192e27c2095,https://stackoverflow.com/questions/70799842/in-c-why-is-the-pointer-returned-by-getenv-automatically-reclaimed,https://stackoverflow.com/questions/70799842/in-c-why-is-the-pointer-returned-by-getenv-automatically-reclaimed,asker,CWE-401,A2
0d65eaf557c67c23,https://stackoverflow.com/questions/70799842/in-c-why-is-the-pointer-returned-by-getenv-automatically-reclaimed,https://stackoverflow.com/questions/70799842/in-c-why-is-the-pointer-returned-by-getenv-automatically-reclaimed,asker,CWE-401,A2
172e93a7be04460d,https://stackoverflow.com/questions/2902064/how-to-track-down-a-double-free-or-corruption-error,https://stackoverflow.com/questions/2902064/how-to-track-down-a-double-free-or-corruption-error,asker,CWE-763,R4
b57674e11b8774d6,https://stackoverflow.com/questions/1879550/should-one-really-set-pointers-to-null-after-freeing-them,https://stackoverflow.com/questions/1879550/should-one-really-set-pointers-to-null-after-freeing-them,asker,CWE-763,D4
3c7789f08d055c2e,https://stackoverflow.com/questions/9646608/use-a-heap-overflow-to-write-arbitrary-data,https://stackoverflow.com/questions/9646608/use-a-heap-overflow-to-write-arbitrary-data,asker,CWE-763,NA
ed74070014e009cc,https://stackoverflow.com/questions/1145/why-am-i-getting-a-double-free-or-corruption-error-with-realloc,https://stackoverflow.com/questions/1145/why-am-i-getting-a-double-free-or-corruption-error-with-realloc,asker,CWE-763,"C2,D4"
43c9fa38f45534ea,https://stackoverflow.com/questions/29335795/what-can-explain-heap-corruption-on-a-call-to-free,https://stackoverflow.com/questions/29335795/what-can-explain-heap-corruption-on-a-call-to-free,asker,CWE-401,D4
e417fe1e46a375d9,https://stackoverflow.com/questions/29335795/what-can-explain-heap-corruption-on-a-call-to-free,https://stackoverflow.com/questions/29335795/what-can-explain-heap-corruption-on-a-call-to-free,asker,CWE-401,R2
f356b2c70e9cb09c,https://stackoverflow.com/questions/29335795/what-can-explain-heap-corruption-on-a-call-to-free,https://stackoverflow.com/questions/29335795/what-can-explain-heap-corruption-on-a-call-to-free,asker,CWE-401,D4
36aa8493176c4f95,https://stackoverflow.com/questions/12548868/why-am-i-getting-this-memory-access-error-double-free-or-corruption,https://stackoverflow.com/questions/12548868/why-am-i-getting-this-memory-access-error-double-free-or-corruption,asker,CWE-763,D4
c099320a24940793,https://stackoverflow.com/questions/21438154/what-does-fasttop-mean,https://stackoverflow.com/questions/21438154/what-does-fasttop-mean,asker,CWE-763,R2
f7716abdccd5bdee,https://stackoverflow.com/questions/21438154/what-does-fasttop-mean,https://stackoverflow.com/questions/21438154/what-does-fasttop-mean,asker,CWE-763,R2
7cff8983420a74c7,https://stackoverflow.com/questions/13148119/what-does-pointer-being-freed-was-not-allocated-mean-exactly,https://stackoverflow.com/questions/13148119/what-does-pointer-being-freed-was-not-allocated-mean-exactly,asker,CWE-763,R2
7d4dbef09421f819,https://stackoverflow.com/questions/23223476/c-pointer-being-freed-was-not-allocated-error,https://stackoverflow.com/questions/23223476/c-pointer-being-freed-was-not-allocated-error,asker,CWE-763,D4
6dae1ced85e678c8,https://stackoverflow.com/questions/35859579/pointer-being-freed-was-not-allocated-cannot-be-solved,https://stackoverflow.com/questions/35859579/pointer-being-freed-was-not-allocated-cannot-be-solved,asker,CWE-763,D4
d5397864a5be7134,https://stackoverflow.com/questions/35859579/pointer-being-freed-was-not-allocated-cannot-be-solved,https://stackoverflow.com/questions/35859579/pointer-being-freed-was-not-allocated-cannot-be-solved,asker,CWE-763,R2
790cf6aa5701bfe9,https://stackoverflow.com/questions/32025292/memory-not-requested-being-allocated,https://stackoverflow.com/questions/32025292/memory-not-requested-being-allocated,asker,CWE-401,R3
18dfafa995d9b4a7,https://stackoverflow.com/questions/32025292/memory-not-requested-being-allocated,https://stackoverflow.com/questions/32025292/memory-not-requested-being-allocated,asker,CWE-401,R3
7642c0840e6da42b,https://stackoverflow.com/questions/39368659/what-is-the-cause-of-sigabrt-error-in-my-c-code-and-how-to-overcome-this,https://stackoverflow.com/questions/39368659/what-is-the-cause-of-sigabrt-error-in-my-c-code-and-how-to-overcome-this,asker,CWE-763,G
f88abbb60914f115,https://stackoverflow.com/questions/62110270/cant-find-memory-leak-in-c,https://stackoverflow.com/questions/62110270/cant-find-memory-leak-in-c,asker,CWE-401,R4
54193babc9c9c1f9,https://stackoverflow.com/questions/17925771/what-happens-when-we-call-malloc-with-negative-parameter,https://stackoverflow.com/questions/17925771/what-happens-when-we-call-malloc-with-negative-parameter,asker,CWE-789,A4
d0bdd0d6c95bca5a,https://stackoverflow.com/questions/17925771/what-happens-when-we-call-malloc-with-negative-parameter,https://stackoverflow.com/questions/17925771/what-happens-when-we-call-malloc-with-negative-parameter,asker,CWE-789,A4
4839dc9f62934f60,https://stackoverflow.com/questions/69771578/how-can-i-define-limit-of-an-array-by-the-quantity-of-numbers-put-in-scanf,https://stackoverflow.com/questions/69771578/how-can-i-define-limit-of-an-array-by-the-quantity-of-numbers-put-in-scanf,asker,CWE-789,A4
8aa27afd41e5c4cd,https://stackoverflow.com/questions/51175664/c-creating-huge-vector,https://stackoverflow.com/questions/51175664/c-creating-huge-vector,asker,CWE-789,A4
4b541668d2c69a22,https://stackoverflow.com/questions/45538993/why-dont-memory-allocators-actively-return-freed-memory-to-the-os,https://stackoverflow.com/a/45539066,responder,CWE-459;CWE-401,L1
4ea3788df9caa823,https://stackoverflow.com/questions/45538993/why-dont-memory-allocators-actively-return-freed-memory-to-the-os,https://stackoverflow.com/a/45539066,responder,CWE-459;CWE-401,NA
bd84e45adbe68a41,https://stackoverflow.com/questions/45538993/why-dont-memory-allocators-actively-return-freed-memory-to-the-os,https://stackoverflow.com/a/45539066,responder,CWE-459;CWE-401,NA
c1e4df2a9f18ed26,https://stackoverflow.com/questions/45538993/why-dont-memory-allocators-actively-return-freed-memory-to-the-os,https://stackoverflow.com/a/45539066,responder,CWE-459;CWE-401,L3
a1e7a39b0b6f9563,https://stackoverflow.com/questions/10332561/valgrind-memcheck-tool-didnot-detect-memory-leak,https://stackoverflow.com/a/10332612,responder,CWE-401,R2
af41ea80c3da2a90,https://stackoverflow.com/questions/79549625/leak-errors-in-fifo-application-in-c,https://stackoverflow.com/a/79549723,responder,CWE-459;CWE-401,L4
fb8c141b284326ca,https://stackoverflow.com/questions/4833747/unable-to-nail-memory-leak-detected-by-valgrind,https://stackoverflow.com/a/4833819,responder,CWE-401,L2
a636828c98d72864,https://stackoverflow.com/questions/13490718/track-memory-usage-in-c-and-evaluate-memory-consumption,https://stackoverflow.com/a/13490876,responder,CWE-401,R5
3ea2c3150bb10e3b,https://stackoverflow.com/questions/79941820/addresssanitizer-128-bytes-leaked-in-1-allocations-in-sdl-createwindowandr,https://stackoverflow.com/a/79966184,responder,CWE-401,V1
1a39d15df9a9afb5,https://stackoverflow.com/questions/1008019/how-do-you-implement-the-singleton-design-pattern,https://stackoverflow.com/a/1008289,responder,CWE-401,L2
d83ab9835c86d7cf,https://stackoverflow.com/questions/5134891/how-do-i-use-valgrind-to-find-memory-leaks,https://stackoverflow.com/a/44989219,responder,CWE-401,R4
623baa0e9f5c3440,https://stackoverflow.com/questions/5134891/how-do-i-use-valgrind-to-find-memory-leaks,https://stackoverflow.com/a/44989219,responder,CWE-401,R3
b69d68e6fb4de48d,https://stackoverflow.com/questions/5134891/how-do-i-use-valgrind-to-find-memory-leaks,https://stackoverflow.com/a/44989219,responder,CWE-401,R3
c675200400f04cc5,https://stackoverflow.com/questions/5134891/how-do-i-use-valgrind-to-find-memory-leaks,https://stackoverflow.com/a/44989219,responder,CWE-401,R3
57c7d9d03e2508d8,https://stackoverflow.com/questions/5134891/how-do-i-use-valgrind-to-find-memory-leaks,https://stackoverflow.com/a/44989219,responder,CWE-401,K
53e02936f1eb9ecd,https://stackoverflow.com/questions/5134891/how-do-i-use-valgrind-to-find-memory-leaks,https://stackoverflow.com/a/44989219,responder,CWE-401,V1
27cc7d56508069e0,https://stackoverflow.com/questions/5134891/how-do-i-use-valgrind-to-find-memory-leaks,https://stackoverflow.com/a/44989219,responder,CWE-401,R2
779e34369875e629,https://stackoverflow.com/questions/655065/when-should-i-use-the-new-keyword-in-c,https://stackoverflow.com/a/655206,responder,CWE-459;CWE-401,A1
8f53d9f7296eba9c,https://stackoverflow.com/questions/6500313/why-should-c-programmers-minimize-use-of-new,https://stackoverflow.com/a/6500374,responder,CWE-401,O1
cea4c7d4c03e55a0,https://stackoverflow.com/questions/6500313/why-should-c-programmers-minimize-use-of-new,https://stackoverflow.com/a/6500374,responder,CWE-401,O1
b9b9a6b4eac7a3c3,https://stackoverflow.com/questions/37514509/advantages-of-using-stdmake-unique-over-new-operator,https://stackoverflow.com/a/37514627,responder,CWE-401,C1
0adfe68a910db474,https://stackoverflow.com/questions/654754/what-really-happens-when-you-dont-free-after-malloc-before-program-termination,https://stackoverflow.com/a/657384,responder,CWE-401,L1
ce6690776fe43b59,https://stackoverflow.com/questions/53870522/why-use-stdmake-unique-in-c17,https://stackoverflow.com/a/53871964,responder,CWE-401,D1
f71024f2ff567564,https://stackoverflow.com/questions/6261201/how-to-find-memory-leak-in-a-c-code-project,https://stackoverflow.com/a/57877190,responder,CWE-401,R5
b29a4b32a06af908,https://stackoverflow.com/questions/6261201/how-to-find-memory-leak-in-a-c-code-project,https://stackoverflow.com/a/57877190,responder,CWE-401,R5
93cbb2407f1bdacb,https://stackoverflow.com/questions/6261201/how-to-find-memory-leak-in-a-c-code-project,https://stackoverflow.com/a/57877190,responder,CWE-401,R5
022b3ab5bdeaf274,https://stackoverflow.com/questions/20297524/c-free-invalid-pointer,https://stackoverflow.com/a/20297567,asker,CWE-762;CWE-763;CWE-401,D1
5ea4070188aee270,https://stackoverflow.com/questions/4548385/realloc-leaking-memory,https://stackoverflow.com/a/4548414,responder,CWE-459;CWE-401,V1
64f69a573c87b861,https://stackoverflow.com/questions/7078019/using-realloc-to-shrink-the-allocated-memory,https://stackoverflow.com/a/7079042,responder,CWE-401,NA
84580c86fe9ab61c,https://stackoverflow.com/questions/7078019/using-realloc-to-shrink-the-allocated-memory,https://stackoverflow.com/a/7079042,responder,CWE-401,E3
91aad370c31f62bf,https://stackoverflow.com/questions/1089296/memory-leak-in-mixed-mode-c-clr-application,https://stackoverflow.com/a/1131138,responder,CWE-401,R5
06571ccf979a9865,https://stackoverflow.com/questions/6783939/does-using-references-instead-of-pointers-resolve-memory-leaks-in-c,https://stackoverflow.com/a/6783982,responder,CWE-762;CWE-401,O1
22b6f506b8f4ba76,https://stackoverflow.com/questions/37042076/debugging-a-memory-leak,https://stackoverflow.com/a/37042492,responder,CWE-459;CWE-401,R4
5fdc93b3a54eca3f,https://stackoverflow.com/questions/45627/how-do-you-detect-avoid-memory-leaks-in-your-unmanaged-code,https://stackoverflow.com/a/45639,responder,CWE-761;CWE-401,R5
dce97f46696e3239,https://stackoverflow.com/questions/45627/how-do-you-detect-avoid-memory-leaks-in-your-unmanaged-code,https://stackoverflow.com/a/45963,responder,CWE-761;CWE-401,A3
5ebdc10ebc12f4b3,https://stackoverflow.com/questions/45627/how-do-you-detect-avoid-memory-leaks-in-your-unmanaged-code,https://stackoverflow.com/a/45963,responder,CWE-761;CWE-401,R5
b6538db7ec0f916a,https://stackoverflow.com/questions/273209/are-memory-leaks-ever-ok,https://stackoverflow.com/a/273245,responder,CWE-459;CWE-401,L1
64b2cd73ccbbf00d,https://stackoverflow.com/questions/273209/are-memory-leaks-ever-ok,https://stackoverflow.com/a/273827,responder,CWE-459;CWE-401,R3
fb159c8cab07d210,https://stackoverflow.com/questions/273209/are-memory-leaks-ever-ok,https://stackoverflow.com/a/273827,responder,CWE-459;CWE-401,NA
af99c465b0838be5,https://stackoverflow.com/questions/273209/are-memory-leaks-ever-ok,https://stackoverflow.com/a/273830,responder,CWE-459;CWE-401,L1
1709e4e566a50021,https://stackoverflow.com/questions/273209/are-memory-leaks-ever-ok,https://stackoverflow.com/a/273830,responder,CWE-459;CWE-401,L1
0c9fed4cd729b1f4,https://stackoverflow.com/questions/273209/are-memory-leaks-ever-ok,https://stackoverflow.com/a/273830,responder,CWE-459;CWE-401,L1
704aed4cce1ce0f3,https://stackoverflow.com/questions/13546650/valgrind-invalid-read-of-size-4-sigsegv-works-fine-without-valgrind-and-in,https://stackoverflow.com/a/13546733,responder,CWE-762;CWE-763;CWE-459;CWE-401,A4
4b666b0b6d3a2374,https://stackoverflow.com/questions/13546650/valgrind-invalid-read-of-size-4-sigsegv-works-fine-without-valgrind-and-in,https://stackoverflow.com/a/13546733,responder,CWE-762;CWE-763;CWE-459;CWE-401,A4
9bde882390835dd2,https://stackoverflow.com/questions/13546650/valgrind-invalid-read-of-size-4-sigsegv-works-fine-without-valgrind-and-in,https://stackoverflow.com/a/13546733,responder,CWE-762;CWE-763;CWE-459;CWE-401,A4
748a4572af7de58a,https://stackoverflow.com/questions/19826688/c-activex-replacing-realloc-with-malloc-memcpy-free-functional-and-performa,https://stackoverflow.com/a/19833997,responder,CWE-401,NA
d1511040069eb877,https://stackoverflow.com/questions/45627/how-do-you-detect-avoid-memory-leaks-in-your-unmanaged-code,https://stackoverflow.com/a/1021266,responder,CWE-761;CWE-401,R5
4bc9b14dde0f6c4a,https://stackoverflow.com/questions/53372775/why-is-this-not-a-memory-leak-in-c,https://stackoverflow.com/a/53374447,responder,CWE-459;CWE-401,K
e10e6b39c3483bb7,https://stackoverflow.com/questions/5339282/realloc-memory-leak,https://stackoverflow.com/a/5340017,responder,CWE-401,C1
e8b4c07a447bda08,https://stackoverflow.com/questions/9033931/memory-leak-c,https://stackoverflow.com/a/9041275,responder,CWE-401,L1
cd296a2523eed645,https://stackoverflow.com/questions/46695254/memory-leak-in-c-most-likely-due-to-realloc,https://stackoverflow.com/a/46695892,responder,CWE-401,V1
bd18ec151258ee9b,https://stackoverflow.com/questions/1913343/how-could-pairing-new-with-delete-possibly-lead-to-memory-leak-only,https://stackoverflow.com/a/1913393,responder,CWE-459;CWE-401,K
eeb44210c855ed77,https://stackoverflow.com/questions/6966984/doesnt-putting-a-virtual-destructor-inside-an-interface-make-it-by-definitio,https://stackoverflow.com/a/6967022,responder,CWE-459;CWE-401,L2
77c28e430a8898f7,https://stackoverflow.com/questions/45628694/override-delete-operator-with-empty-implementation,https://stackoverflow.com/a/45628896,responder,CWE-459;CWE-401,NA
22a717932450067f,https://stackoverflow.com/questions/2597116/is-extending-a-base-class-with-non-virtual-destructor-dangerous,https://stackoverflow.com/a/2597128,responder,CWE-459;CWE-401,NA
e2a4513d47bdbc75,https://stackoverflow.com/questions/10546695/do-we-need-to-explicitly-call-the-destructor-for-the-simple-pod-classes-alloca,https://stackoverflow.com/a/10546801,responder,CWE-459;CWE-401,N3
868d97916f1f493e,https://stackoverflow.com/questions/1913343/how-could-pairing-new-with-delete-possibly-lead-to-memory-leak-only,https://stackoverflow.com/a/1913701,responder,CWE-459;CWE-401,D3
66cd59ef0f5e9546,https://stackoverflow.com/questions/56792856/why-absence-of-a-virtual-destructor-doesnt-cause-a-memory-leak,https://stackoverflow.com/a/56792996,responder,CWE-459;CWE-401,D3
c02ad386cc201650,https://stackoverflow.com/questions/40106941/is-a-union-members-destructor-called,https://stackoverflow.com/a/40107227,responder,CWE-459;CWE-401,L2
d7f96ac1ff9ea181,https://stackoverflow.com/questions/48198166/unexpected-result-when-saving-struct-members-to-txt-file-in-c,https://stackoverflow.com/a/48198388,responder,CWE-401,NA
26d028af339bf25f,https://stackoverflow.com/questions/56792856/why-absence-of-a-virtual-destructor-doesnt-cause-a-memory-leak,https://stackoverflow.com/a/56792909,responder,CWE-459;CWE-401,V1
51b4771909c24c7e,https://stackoverflow.com/questions/8918791/how-to-properly-free-the-memory-allocated-by-placement-new,https://stackoverflow.com/a/8919369,responder,CWE-459;CWE-401,A1
66717ce0a0c710a3,https://stackoverflow.com/questions/35420629/c-linked-list-memory-leak,https://stackoverflow.com/a/35420725,responder,CWE-401,"E2,D1"
9149127350317f4b,https://stackoverflow.com/questions/15474684/abstract-base-class-for-use-with-smart-pointers-intrusive-ptr-handling-inher,https://stackoverflow.com/a/15475430,responder,CWE-401,O2
bffe6a08f3c40d75,https://stackoverflow.com/questions/48198166/unexpected-result-when-saving-struct-members-to-txt-file-in-c,https://stackoverflow.com/a/48198371,responder,CWE-401,R5
808fe42958879a91,https://stackoverflow.com/questions/24280361/detect-c-memory-leaks-that-are-freed-on-exit,https://stackoverflow.com/a/24282199,responder,CWE-401,R5
c5670913b75da65f,https://stackoverflow.com/questions/1913343/how-could-pairing-new-with-delete-possibly-lead-to-memory-leak-only,https://stackoverflow.com/a/28331644,responder,CWE-459;CWE-401,D3
3837b2fd02b86742,https://stackoverflow.com/questions/62878935/how-to-overcome-memory-leak-while-throwing-exception-from-constructor,https://stackoverflow.com/a/62879195,responder,CWE-459;CWE-401,C1
a7e296616f04b8fd,https://stackoverflow.com/questions/21233891/tracking-down-a-memory-leak-with-valgrind,https://stackoverflow.com/a/21234531,responder,CWE-459;CWE-401,R5
cf8dcfd7a15c232b,https://stackoverflow.com/questions/27593184/how-does-valgrind-calculate-my-example-memory-leak,https://stackoverflow.com/a/27593231,responder,CWE-459;CWE-401,NA
f1e52a93e72d889c,https://stackoverflow.com/questions/14069536/memory-leaks-in-c-linked-list,https://stackoverflow.com/a/14069797,responder,CWE-459;CWE-401,N1
1e22bd8ba4f4c382,https://stackoverflow.com/questions/39962705/is-there-a-valgrind-for-detecting-memory-leaks-with-smart-pointers,https://stackoverflow.com/a/39962863,responder,CWE-459;CWE-401,N2
875cbf4ff87e608d,https://stackoverflow.com/questions/2525136/my-program-is-good-enough-for-my-assignment-but-i-know-its-not-good,https://stackoverflow.com/a/2525147,responder,CWE-401,NA
5fb7853147890cba,https://stackoverflow.com/questions/10466819/invalid-pointer-free,https://stackoverflow.com/a/10466958,responder,CWE-763,E3
cb381056241c862f,https://stackoverflow.com/questions/10466819/invalid-pointer-free,https://stackoverflow.com/a/10466958,responder,CWE-763,NA
bb511bbe28f39ecb,https://stackoverflow.com/questions/26950411/how-to-distinguish-a-malloced-string-from-a-string-literal,https://stackoverflow.com/a/26950586,responder,CWE-590,O1
9854117167d343ee,https://stackoverflow.com/questions/26950411/how-to-distinguish-a-malloced-string-from-a-string-literal,https://stackoverflow.com/a/26950586,responder,CWE-590,O1
c92f0cb53fde4942,https://stackoverflow.com/questions/2426277/how-free-works-when-pointer-is-incremented,https://stackoverflow.com/a/2426426,responder,CWE-761,D2
5634bd3ae156c132,https://stackoverflow.com/questions/25922895/clang-link-time-optimization-with-replaced-operator-new-causes-mismatched-free,https://stackoverflow.com/a/25923677,responder,CWE-762;CWE-789,NA
dfd6fe4c47035ef4,https://stackoverflow.com/questions/59593891/error-munmap-chunk-invalid-pointer-in-c-program,https://stackoverflow.com/a/59593920,responder,CWE-590;CWE-763,A2
753f84eee41d1ff8,https://stackoverflow.com/questions/703691/how-does-delete-know-its-an-array,https://stackoverflow.com/a/703755,responder,CWE-762,D3
9d7050acd6e78043,https://stackoverflow.com/questions/703691/how-does-delete-know-its-an-array,https://stackoverflow.com/a/703755,responder,CWE-762,D3
adda6c55711948c6,https://stackoverflow.com/questions/16714937/what-is-c-version-of-realloc-to-allocate-the-new-buffer-and-copy-the-conten,https://stackoverflow.com/a/16715066,responder,CWE-762,NA
8f1eeb90b835e97e,https://stackoverflow.com/questions/1612031/is-there-any-danger-in-calling-free-or-delete-instead-of-delete,https://stackoverflow.com/a/1612052,responder,CWE-762;CWE-459,D3
d5badb00ae09af34,https://stackoverflow.com/questions/1612031/is-there-any-danger-in-calling-free-or-delete-instead-of-delete,https://stackoverflow.com/a/1612052,responder,CWE-762;CWE-459,D3
68ad2f51d3f0df93,https://stackoverflow.com/questions/703691/how-does-delete-know-its-an-array,https://stackoverflow.com/a/2151526,responder,CWE-762,D3
5e8853a57f10e546,https://stackoverflow.com/questions/993590/should-i-delete-vectorstring,https://stackoverflow.com/a/993620,responder,CWE-762;CWE-789;CWE-401,V1
7051e888d75cda9b,https://stackoverflow.com/questions/16714937/what-is-c-version-of-realloc-to-allocate-the-new-buffer-and-copy-the-conten,https://stackoverflow.com/a/16715012,responder,CWE-762,C1
4f0e7249000f66ac,https://stackoverflow.com/questions/8405099/why-cant-the-runtime-environment-decide-to-apply-delete-or-delete-instead-of,https://stackoverflow.com/a/8405385,responder,CWE-762;CWE-459,NA
c6038aefe38a1852,https://stackoverflow.com/questions/55289824/which-of-these-pointer-need-free-or-delete,https://stackoverflow.com/a/55290109,responder,CWE-762,O1
dadfa29758aea4b1,https://stackoverflow.com/questions/55289824/which-of-these-pointer-need-free-or-delete,https://stackoverflow.com/a/55290109,responder,CWE-762,A2
9bc084fd76c8c7cc,https://stackoverflow.com/questions/993590/should-i-delete-vectorstring,https://stackoverflow.com/a/993610,responder,CWE-762;CWE-789;CWE-401,O2
7e248583cfa65bdd,https://stackoverflow.com/questions/1007188/rtlvalidateheap-problem,https://stackoverflow.com/a/1007327,responder,CWE-401,X1
756b7862199d6680,https://stackoverflow.com/questions/2902064/how-to-track-down-a-double-free-or-corruption-error,https://stackoverflow.com/a/2903709,responder,CWE-763,O2
7111b832c3277a09,https://stackoverflow.com/questions/17925771/what-happens-when-we-call-malloc-with-negative-parameter,https://stackoverflow.com/a/28500774,responder,CWE-789,A4
f6ce72f952837977,https://stackoverflow.com/questions/62110270/cant-find-memory-leak-in-c,https://stackoverflow.com/a/62111191,responder,CWE-401,NA
4f6bba29943d43ca,https://stackoverflow.com/questions/79350384/why-clangs-sanitizer-doesnt-report-memory-leaks-for-global-scope-variables,https://stackoverflow.com/questions/79350384/#comment139930558_79350384,responder,CWE-401,E1
aaf158531a2c9a8f,https://stackoverflow.com/questions/76108611/memory-leak-in-move-constructor,https://stackoverflow.com/questions/76108611/#comment134224087_76108611,asker,CWE-459;CWE-401,O2
baf887e8c965cf17,https://stackoverflow.com/questions/73563370/problem-with-c-program-with-dynamic-memory-has-memory-leaks-dynamic-array-of,https://stackoverflow.com/questions/73563370/#comment129905981_73563370,asker,CWE-762;CWE-459;CWE-401,N3
1e4b4dec1d424740,https://stackoverflow.com/questions/73563370/problem-with-c-program-with-dynamic-memory-has-memory-leaks-dynamic-array-of,https://stackoverflow.com/questions/73563370/#comment129905979_73563370,responder,CWE-762;CWE-459;CWE-401,A1
ee8e456e07ce76d5,https://stackoverflow.com/questions/66075705/suppress-indirect-leaks-caused-by-third-party-libraries,https://stackoverflow.com/questions/66075705/#comment125617609_66075705,responder,CWE-459;CWE-401,R4
ad700ce0b22d1e50,https://stackoverflow.com/questions/69532644/error-leaksanitizer-detected-memory-leaks,https://stackoverflow.com/questions/69532644/#comment122901784_69532644,asker,CWE-401,L2
bff4c19f0e72cbb7,https://stackoverflow.com/questions/69227316/leaksanitizer-detected-memory-leaks,https://stackoverflow.com/questions/69227316/#comment122360173_69227316,responder,CWE-401,D1
d4bcf01aff381167,https://stackoverflow.com/questions/66645743/still-getting-memory-leak-errors-when-trying-to-free-malloced-pointer-of-struct,https://stackoverflow.com/questions/66645743/#comment117814790_66645743,responder,CWE-401,T1
ca7e274e6d064f0b,https://stackoverflow.com/questions/66406763/c-coroutine-leaking-memory-and-frame,https://stackoverflow.com/questions/66406763/#comment117427516_66406763,asker,CWE-459;CWE-401,V1
9a967319aad28234,https://stackoverflow.com/questions/66364507/valgrind-false-memory-leak-for-a-pointer-stored-in-a-static-stdlist,https://stackoverflow.com/questions/66364507/#comment117327252_66364507,responder,CWE-459;CWE-401,R2
efcb67fa8bd899e4,https://stackoverflow.com/questions/66364507/valgrind-false-memory-leak-for-a-pointer-stored-in-a-static-stdlist,https://stackoverflow.com/questions/66364507/#comment117326646_66364507,asker,CWE-459;CWE-401,R2
d1977515ff96b17b,https://stackoverflow.com/questions/66075705/suppress-indirect-leaks-caused-by-third-party-libraries,https://stackoverflow.com/questions/66075705/#comment116842566_66075705,responder,CWE-459;CWE-401,R3
84b9dbc96ef65319,https://stackoverflow.com/questions/65280097/getting-leaksanitizer-detected-memory-leaks-with-gcc-but-valgrind-shows-ever,https://stackoverflow.com/questions/65280097/#comment115409025_65280097,asker,CWE-401,D1
366387c2e629c09f,https://stackoverflow.com/questions/65280097/getting-leaksanitizer-detected-memory-leaks-with-gcc-but-valgrind-shows-ever,https://stackoverflow.com/questions/65280097/#comment115409025_65280097,asker,CWE-401,O1
58bf9b1e1e903492,https://stackoverflow.com/questions/65280097/getting-leaksanitizer-detected-memory-leaks-with-gcc-but-valgrind-shows-ever,https://stackoverflow.com/questions/65280097/#comment115409025_65280097,asker,CWE-401,NA
c485c1953f815656,https://stackoverflow.com/questions/56057004/valgrind-shows-definitely-lost-bytes-but-should-be-free,https://stackoverflow.com/questions/56057004/#comment98757930_56057004,responder,CWE-459;CWE-401,NA
b279ab0118b4c9e8,https://stackoverflow.com/questions/56057004/valgrind-shows-definitely-lost-bytes-but-should-be-free,https://stackoverflow.com/questions/56057004/#comment98754969_56057004,responder,CWE-459;CWE-401,T1
743040488104f244,https://stackoverflow.com/questions/55398804/exception-in-constructor-and-memory-leaks,https://stackoverflow.com/questions/55398804/#comment97519281_55398804,responder,CWE-401,NA
f7c7ebbfb4264336,https://stackoverflow.com/questions/55398804/exception-in-constructor-and-memory-leaks,https://stackoverflow.com/questions/55398804/#comment97518044_55398804,responder,CWE-401,C1
f4e89ad065fb1eeb,https://stackoverflow.com/questions/53486637/methods-to-wrap-getenv-and-similar-without-leaks-or-race-conditions-in-c,https://stackoverflow.com/questions/53486637/#comment93846996_53486637,responder,CWE-401,NA
62605242bb3bd023,https://stackoverflow.com/questions/53404321/where-does-this-memory-leak-come-from,https://stackoverflow.com/questions/53404321/#comment93701249_53404321,responder,CWE-401,D4
6b0483a0c3204fe3,https://stackoverflow.com/questions/53404321/where-does-this-memory-leak-come-from,https://stackoverflow.com/questions/53404321/#comment93683672_53404321,responder,CWE-401,V1
6ba30e9cfc6f0b1b,https://stackoverflow.com/questions/53404321/where-does-this-memory-leak-come-from,https://stackoverflow.com/questions/53404321/#comment93683672_53404321,responder,CWE-401,C2
4a229de555601571,https://stackoverflow.com/questions/52479755/valgrind-memory-leak-during-realloc,https://stackoverflow.com/questions/52479755/#comment91905583_52479755,responder,CWE-401,NA
f27177120853b043,https://stackoverflow.com/questions/52479755/valgrind-memory-leak-during-realloc,https://stackoverflow.com/questions/52479755/#comment91900636_52479755,responder,CWE-401,V1
8b943c2ab3181870,https://stackoverflow.com/questions/52479755/valgrind-memory-leak-during-realloc,https://stackoverflow.com/questions/52479755/#comment91900636_52479755,responder,CWE-401,V1
dedddabcdbf98b90,https://stackoverflow.com/questions/49536956/memory-leak-when-shutting-down-embedded-pyside-pyqt4-python-code,https://stackoverflow.com/questions/49536956/#comment86082203_49536956,responder,CWE-459;CWE-401,R4
5072bfda9f3fa333,https://stackoverflow.com/questions/49394746/valgrind-reporting-memory-definitely-lost-without-errors,https://stackoverflow.com/questions/49394746/#comment85791493_49394746,responder,CWE-459;CWE-401,R5
5b87d0c3bdd5f4ed,https://stackoverflow.com/questions/49394746/valgrind-reporting-memory-definitely-lost-without-errors,https://stackoverflow.com/questions/49394746/#comment85791493_49394746,responder,CWE-459;CWE-401,R5
5ea43269159e6168,https://stackoverflow.com/questions/49394746/valgrind-reporting-memory-definitely-lost-without-errors,https://stackoverflow.com/questions/49394746/#comment85791187_49394746,responder,CWE-459;CWE-401,T1
6204a42d1e693aef,https://stackoverflow.com/questions/47362651/valgrind-definitely-lost-memory-leak-in-c-program,https://stackoverflow.com/questions/47362651/#comment81678252_47362651,responder,CWE-459;CWE-401,D1
d6d82da7878c0304,https://stackoverflow.com/questions/34841678/memory-leak-cin-to-float-on-osx,https://stackoverflow.com/questions/34841678/#comment57424067_34841678,responder,CWE-459;CWE-401,R5
edf5b92100abb988,https://stackoverflow.com/questions/28915036/realloc-strange-memory-leak,https://stackoverflow.com/questions/28915036/#comment46088867_28915036,responder,CWE-401,R4
21fe560b4a7cfb3e,https://stackoverflow.com/questions/28915036/realloc-strange-memory-leak,https://stackoverflow.com/questions/28915036/#comment46088268_28915036,responder,CWE-401,N1
b49ba46114a30348,https://stackoverflow.com/questions/25988153/definitely-lost-memory-leak-in-c-program,https://stackoverflow.com/questions/25988153/#comment40696782_25988153,responder,CWE-459;CWE-401,T1
fec1f702fba3bba4,https://stackoverflow.com/questions/22670130/confusing-output-from-valgrind-shows-indirectly-lost-memory-leaks-but-no-definit,https://stackoverflow.com/questions/22670130/#comment34534018_22670130,responder,CWE-459;CWE-401,R2
6da9ac45cc4caa08,https://stackoverflow.com/questions/17357035/memory-leak-despite-using-unique-ptr,https://stackoverflow.com/questions/17357035/#comment25187270_17357035,asker,CWE-401,R2
4a3b14fb541f112f,https://stackoverflow.com/questions/17357035/memory-leak-despite-using-unique-ptr,https://stackoverflow.com/questions/17357035/#comment25187192_17357035,responder,CWE-401,L2
71fa284f702a5eee,https://stackoverflow.com/questions/14025613/is-getnameinfo-memory-leaking-confirmed,https://stackoverflow.com/questions/14025613/#comment19394792_14025613,asker,CWE-459;CWE-401,NA
691fa078e3125101,https://stackoverflow.com/questions/14025613/is-getnameinfo-memory-leaking-confirmed,https://stackoverflow.com/questions/14025613/#comment19373891_14025613,responder,CWE-459;CWE-401,R3
8b780529b07779e9,https://stackoverflow.com/questions/13490718/track-memory-usage-in-c-and-evaluate-memory-consumption,https://stackoverflow.com/questions/13490718/#comment18460912_13490718,responder,CWE-401,L3
1bb367cb449f77b8,https://stackoverflow.com/questions/13490718/track-memory-usage-in-c-and-evaluate-memory-consumption,https://stackoverflow.com/questions/13490718/#comment18460509_13490718,responder,CWE-401,R3
66b2300556128387,https://stackoverflow.com/questions/12084404/using-r-alloc-in-c,https://stackoverflow.com/questions/12084404/#comment16158457_12084404,responder,CWE-459;CWE-401,R2
d2d8dd3385533319,https://stackoverflow.com/questions/10332561/valgrind-memcheck-tool-didnot-detect-memory-leak,https://stackoverflow.com/questions/10332561/#comment13306392_10332561,responder,CWE-401,L1
950f51e6fa42c659,https://stackoverflow.com/questions/78490933/why-is-this-a-potential-memory-leak,https://stackoverflow.com/questions/78490933/#comment138377458_78490933,responder,CWE-401,NA
e74cff19bdcd041e,https://stackoverflow.com/questions/78490933/why-is-this-a-potential-memory-leak,https://stackoverflow.com/questions/78490933/#comment138376661_78490933,asker,CWE-401,A4
636bd6cf3b9054c0,https://stackoverflow.com/questions/78490933/why-is-this-a-potential-memory-leak,https://stackoverflow.com/questions/78490933/#comment138376609_78490933,responder,CWE-401,D1
612f0254be4d3524,https://stackoverflow.com/questions/53870522/why-use-stdmake-unique-in-c17,https://stackoverflow.com/questions/53870522/#comment94588454_53870522,responder,CWE-401,NA
98b77af9c72e4695,https://stackoverflow.com/questions/53413647/is-this-a-c-memory-leak,https://stackoverflow.com/questions/53413647/#comment93702183_53413647,asker,CWE-459;CWE-401,N3
ac755b90b92d4bdd,https://stackoverflow.com/questions/52262766/will-an-iterator-cause-a-memory-leak,https://stackoverflow.com/questions/52262766/#comment91475538_52262766,responder,CWE-401,R2
bf9592d058c51dfe,https://stackoverflow.com/questions/52262766/will-an-iterator-cause-a-memory-leak,https://stackoverflow.com/questions/52262766/#comment91473344_52262766,responder,CWE-401,A3
adc5849ac3f4d696,https://stackoverflow.com/questions/52262766/will-an-iterator-cause-a-memory-leak,https://stackoverflow.com/questions/52262766/#comment91473327_52262766,responder,CWE-401,V1
f80bfba8dcb2d48c,https://stackoverflow.com/questions/273209/are-memory-leaks-ever-ok,https://stackoverflow.com/questions/273209/#comment90824886_273209,responder,CWE-459;CWE-401,L3
531254cfbdad0380,https://stackoverflow.com/questions/46695254/memory-leak-in-c-most-likely-due-to-realloc,https://stackoverflow.com/questions/46695254/#comment80339024_46695254,asker,CWE-401,D1
779ab8cf620726e5,https://stackoverflow.com/questions/46695254/memory-leak-in-c-most-likely-due-to-realloc,https://stackoverflow.com/questions/46695254/#comment80338867_46695254,responder,CWE-401,V1
01e09fb8c99a29d1,https://stackoverflow.com/questions/46695254/memory-leak-in-c-most-likely-due-to-realloc,https://stackoverflow.com/questions/46695254/#comment80338342_46695254,responder,CWE-401,NA
375cd0fdddba5675,https://stackoverflow.com/questions/40975450/using-fgetws-after-setting-a-utf-8-locale,https://stackoverflow.com/questions/40975450/#comment69165059_40975450,asker,CWE-459;CWE-401,NA
85d2210582cfa20a,https://stackoverflow.com/questions/37042076/debugging-a-memory-leak,https://stackoverflow.com/questions/37042076/#comment61633596_37042076,responder,CWE-459;CWE-401,NA
3e0176a957df4c10,https://stackoverflow.com/questions/29132197/is-it-safe-to-allocate-memory-from-with-a-c-function,https://stackoverflow.com/questions/29132197/#comment46490579_29132197,responder,CWE-401,D4
84fac1affe061cf4,https://stackoverflow.com/questions/24865899/c-program-performance-depreciation-after-multiple-runs,https://stackoverflow.com/questions/24865899/#comment38617555_24865899,responder,CWE-401,D1
67fd44564f8a10ab,https://stackoverflow.com/questions/20067830/is-there-might-be-memory-leak-to-allocate-shared-ptr-on-the-heap,https://stackoverflow.com/questions/20067830/#comment29892623_20067830,responder,CWE-789;CWE-401,NA
9e47465762c6206a,https://stackoverflow.com/questions/19826688/c-activex-replacing-realloc-with-malloc-memcpy-free-functional-and-performa,https://stackoverflow.com/questions/19826688/#comment29483457_19826688,responder,CWE-401,R5
92cce8ce214ad35c,https://stackoverflow.com/questions/19826688/c-activex-replacing-realloc-with-malloc-memcpy-free-functional-and-performa,https://stackoverflow.com/questions/19826688/#comment29481316_19826688,responder,CWE-401,NA
27d934044bff3549,https://stackoverflow.com/questions/18138509/how-to-allow-global-functions-access-to-private-members,https://stackoverflow.com/questions/18138509/#comment26564654_18138509,responder,CWE-401,E2
b8cedaee6e9de147,https://stackoverflow.com/questions/17804312/how-to-avoid-memory-leak-when-throwing-exception-between-a-c-non-clr-to-clr-dl,https://stackoverflow.com/questions/17804312/#comment25977063_17804312,responder,CWE-401,NA
5de7267d6e0f7150,https://stackoverflow.com/questions/17071460/best-practice-for-returning-a-variable-length-string-in-c,https://stackoverflow.com/questions/17071460/#comment24689074_17071460,asker,CWE-401,"C2,A4"
f69a1635abfa7cb3,https://stackoverflow.com/questions/15467298/how-far-can-memory-leaks-go,https://stackoverflow.com/questions/15467298/#comment21889084_15467298,responder,CWE-401,L1
52b8eec6d7b84533,https://stackoverflow.com/questions/5339282/realloc-memory-leak,https://stackoverflow.com/questions/5339282/#comment20171126_5339282,responder,CWE-401,V1
1c684f385d2b30e9,https://stackoverflow.com/questions/9033931/memory-leak-c,https://stackoverflow.com/questions/9033931/#comment11339874_9033931,responder,CWE-401,R5
94dbbb384d05786d,https://stackoverflow.com/questions/1008019/how-do-you-implement-the-singleton-design-pattern,https://stackoverflow.com/questions/1008019/#comment8166124_1008019,responder,CWE-401,L1
bf5825d348d1acda,https://stackoverflow.com/questions/6804849/c-is-not-deleting-an-object-always-a-memory-leak,https://stackoverflow.com/questions/6804849/#comment8079818_6804849,asker,CWE-401,NA
2076fa3fd8c25735,https://stackoverflow.com/questions/6804849/c-is-not-deleting-an-object-always-a-memory-leak,https://stackoverflow.com/questions/6804849/#comment8079818_6804849,asker,CWE-401,D4
530e2307015f6c33,https://stackoverflow.com/questions/6804849/c-is-not-deleting-an-object-always-a-memory-leak,https://stackoverflow.com/questions/6804849/#comment8079760_6804849,responder,CWE-401,NA
14784a18b0974c61,https://stackoverflow.com/questions/6503661/dlopen-dlsym-dlclose-dlfcn-h-causes-memory-leak,https://stackoverflow.com/questions/6503661/#comment7651805_6503661,responder,CWE-459;CWE-401,R3
774de576f7c57200,https://stackoverflow.com/questions/5339282/realloc-memory-leak,https://stackoverflow.com/questions/5339282/#comment6028053_5339282,responder,CWE-401,V1
7bd2c5d2016b05f1,https://stackoverflow.com/questions/5339282/realloc-memory-leak,https://stackoverflow.com/questions/5339282/#comment6028001_5339282,responder,CWE-401,C2
ab6229e346407515,https://stackoverflow.com/questions/4548385/realloc-leaking-memory,https://stackoverflow.com/questions/4548385/#comment4985684_4548385,responder,CWE-459;CWE-401,NA
7e92dd7980a5dc61,https://stackoverflow.com/questions/3317207/should-i-free-allocated-memory-on-abnormal-termination,https://stackoverflow.com/questions/3317207/#comment3438305_3317207,responder,CWE-763;CWE-401,L1
d064c7a605389527,https://stackoverflow.com/questions/655065/when-should-i-use-the-new-keyword-in-c,https://stackoverflow.com/questions/655065/#comment2747496_655065,responder,CWE-459;CWE-401,C1
86195b1cd0853290,https://stackoverflow.com/questions/77459620/why-does-circular-reference-cause-indirect-leak,https://stackoverflow.com/questions/77459620/#comment136565864_77459620,asker,CWE-459;CWE-401,L2
2e2d248a459f97cf,https://stackoverflow.com/questions/77459620/why-does-circular-reference-cause-indirect-leak,https://stackoverflow.com/questions/77459620/#comment136558850_77459620,responder,CWE-459;CWE-401,N2
fc79345fc02a1e43,https://stackoverflow.com/questions/77459620/why-does-circular-reference-cause-indirect-leak,https://stackoverflow.com/questions/77459620/#comment136558850_77459620,responder,CWE-459;CWE-401,N2
cf7eb841598e03df,https://stackoverflow.com/questions/77349868/i-have-freed-dynamically-allocated-memory-but-i-am-still-getting-memory-leaks,https://stackoverflow.com/questions/77349868/#comment136388571_77349868,responder,CWE-459;CWE-401,N1
1def6b1e589db897,https://stackoverflow.com/questions/75885820/how-to-free-memories-in-the-heap-without-getting-memory-leak-in-linked-list,https://stackoverflow.com/questions/75885820/#comment133852584_75885820,responder,CWE-459;CWE-401,N1
c9c635dd55d9b11c,https://stackoverflow.com/questions/67345194/dinamically-vs-static-memory-allocation-for-a-struct-array,https://stackoverflow.com/questions/67345194/#comment119072738_67345194,asker,CWE-401,A1
db6c5eaeef65d346,https://stackoverflow.com/questions/66652015/c-class-destructor-not-being-called-automatically-causes-memory-leak,https://stackoverflow.com/questions/66652015/#comment117823673_66652015,responder,CWE-762;CWE-459;CWE-401,L2
1b138db7f7ff8bc3,https://stackoverflow.com/questions/62878935/how-to-overcome-memory-leak-while-throwing-exception-from-constructor,https://stackoverflow.com/questions/62878935/#comment111193933_62878935,asker,CWE-459;CWE-401,C1
af0abc1267e9021a,https://stackoverflow.com/questions/62878935/how-to-overcome-memory-leak-while-throwing-exception-from-constructor,https://stackoverflow.com/questions/62878935/#comment111193757_62878935,asker,CWE-459;CWE-401,L2
e061b4d5ab4190f7,https://stackoverflow.com/questions/62878935/how-to-overcome-memory-leak-while-throwing-exception-from-constructor,https://stackoverflow.com/questions/62878935/#comment111193389_62878935,asker,CWE-459;CWE-401,L2
0ecd3c7520535bef,https://stackoverflow.com/questions/61446459/problem-with-free-function-in-c-and-memory-leaks,https://stackoverflow.com/questions/61446459/#comment108697283_61446459,responder,CWE-459;CWE-401,A4
b509db18871e6db2,https://stackoverflow.com/questions/61446459/problem-with-free-function-in-c-and-memory-leaks,https://stackoverflow.com/questions/61446459/#comment108697011_61446459,asker,CWE-459;CWE-401,D1
e12fdf61ec1b738b,https://stackoverflow.com/questions/61446459/problem-with-free-function-in-c-and-memory-leaks,https://stackoverflow.com/questions/61446459/#comment108696655_61446459,responder,CWE-459;CWE-401,E1
270ce6d23616d413,https://stackoverflow.com/questions/57851897/about-circular-reference-i-used-weak-ptr-but-memory-leak-still-happened,https://stackoverflow.com/questions/57851897/#comment102130376_57851897,responder,CWE-459;CWE-401,NA
440849493b04f108,https://stackoverflow.com/questions/56809877/how-can-i-maintain-correlation-between-structure-definitions-and-their-construct,https://stackoverflow.com/questions/56809877/#comment100192045_56809877,asker,CWE-401,NA
703582fca5fe7178,https://stackoverflow.com/questions/55957454/heapusage-detects-memory-leak-possibly-caused-by-printf,https://stackoverflow.com/questions/55957454/#comment98567108_55957454,responder,CWE-401,R2
a4183109e9bcd886,https://stackoverflow.com/questions/55957454/heapusage-detects-memory-leak-possibly-caused-by-printf,https://stackoverflow.com/questions/55957454/#comment98567108_55957454,responder,CWE-401,R3
63b0f58d3085b287,https://stackoverflow.com/questions/55957454/heapusage-detects-memory-leak-possibly-caused-by-printf,https://stackoverflow.com/questions/55957454/#comment98567108_55957454,responder,CWE-401,R3
64ccbe139b7f86f7,https://stackoverflow.com/questions/55957454/heapusage-detects-memory-leak-possibly-caused-by-printf,https://stackoverflow.com/questions/55957454/#comment98566666_55957454,responder,CWE-401,R3
3e33f3aab898214b,https://stackoverflow.com/questions/48198166/unexpected-result-when-saving-struct-members-to-txt-file-in-c,https://stackoverflow.com/questions/48198166/#comment83377682_48198166,asker,CWE-401,NA
1fe5f00990e1c9f9,https://stackoverflow.com/questions/46486989/c-memory-leak-when-freeing-char-pointer-in-linked-list,https://stackoverflow.com/questions/46486989/#comment79931077_46486989,responder,CWE-459;CWE-401,N1
441313e10d5e955f,https://stackoverflow.com/questions/45256601/2d-array-using-pointers-memory-leakage,https://stackoverflow.com/questions/45256601/#comment77476827_45256601,asker,CWE-401,N1
a20ee57d52cc6659,https://stackoverflow.com/questions/35420629/c-linked-list-memory-leak,https://stackoverflow.com/questions/35420629/#comment58541938_35420629,responder,CWE-401,N1
ce391d4c7bfda5e6,https://stackoverflow.com/questions/30308992/zmq-ctx-term-blocks-while-sockets-closed,https://stackoverflow.com/questions/30308992/#comment49009165_30308992,responder,CWE-401,T1
68a7ae941bacd26e,https://stackoverflow.com/questions/30325372/memory-leaks-despite-destructor-call,https://stackoverflow.com/questions/30325372/#comment48745203_30325372,responder,CWE-459;CWE-401,T1
4a641c79e64198df,https://stackoverflow.com/questions/29076516/two-printfs-print-the-same-string-differently,https://stackoverflow.com/questions/29076516/#comment46388433_29076516,responder,CWE-401,NA
5d2d8b03e52b9cb8,https://stackoverflow.com/questions/26431573/freeing-a-mallocd-structure-containing-mallocd-strings,https://stackoverflow.com/questions/26431573/#comment41508263_26431573,asker,CWE-459;CWE-401,X1
a44b9cddc01ebd15,https://stackoverflow.com/questions/24280361/detect-c-memory-leaks-that-are-freed-on-exit,https://stackoverflow.com/questions/24280361/#comment37516537_24280361,responder,CWE-401,V1
19c6a9fe398773bb,https://stackoverflow.com/questions/20132297/memory-leak-despite-destructor-call-using-static-unique-ptr,https://stackoverflow.com/questions/20132297/#comment30004723_20132297,asker,CWE-459;CWE-401,R5
fc8511a330cef1d2,https://stackoverflow.com/questions/20132297/memory-leak-despite-destructor-call-using-static-unique-ptr,https://stackoverflow.com/questions/20132297/#comment30003915_20132297,responder,CWE-459;CWE-401,R5
7623fcee4fd77bde,https://stackoverflow.com/questions/10546695/do-we-need-to-explicitly-call-the-destructor-for-the-simple-pod-classes-alloca,https://stackoverflow.com/questions/10546695/#comment13647097_10546695,responder,CWE-459;CWE-401,L2
f028b9a3fa9b9df1,https://stackoverflow.com/questions/10354866/why-isnt-this-a-memory-leak-or-is-it-deleting-base-class-pointer-without-virt,https://stackoverflow.com/questions/10354866/#comment13341266_10354866,responder,CWE-459;CWE-401,NA
d0ad9e7301db0a1f,https://stackoverflow.com/questions/10354866/why-isnt-this-a-memory-leak-or-is-it-deleting-base-class-pointer-without-virt,https://stackoverflow.com/questions/10354866/#comment13341266_10354866,responder,CWE-459;CWE-401,NA
13dea4100d1ca01b,https://stackoverflow.com/questions/10223677/when-a-program-terminates-what-happens-to-the-memory-allocated-using-malloc-that,https://stackoverflow.com/questions/10223677/#comment13133953_10223677,responder,CWE-459;CWE-401,L1
2c2d1c463bbb8b2e,https://stackoverflow.com/questions/10223677/when-a-program-terminates-what-happens-to-the-memory-allocated-using-malloc-that,https://stackoverflow.com/questions/10223677/#comment13133843_10223677,responder,CWE-459;CWE-401,L1
616edff7b49bb2ea,https://stackoverflow.com/questions/8752111/possible-memory-leak-without-a-virtual-destructor,https://stackoverflow.com/questions/8752111/#comment10904847_8752111,asker,CWE-459;CWE-401,L2
ce8971d74b6d4b38,https://stackoverflow.com/questions/6966328/why-doesnt-deleting-a-pointer-make-it-unusable,https://stackoverflow.com/questions/6966328/#comment8307980_6966328,asker,CWE-401,A1
2e3b3c4f5852d351,https://stackoverflow.com/questions/6966328/why-doesnt-deleting-a-pointer-make-it-unusable,https://stackoverflow.com/questions/6966328/#comment8307980_6966328,asker,CWE-401,L2
12ecd55121ae1d44,https://stackoverflow.com/questions/5638761/qscopedarraypointer-guarding-my-data-but-it-is-still-leaking,https://stackoverflow.com/questions/5638761/#comment6428143_5638761,asker,CWE-459;CWE-401,C1
7fe92751d4309938,https://stackoverflow.com/questions/78851746/valgrind-shows-weird-results-when-using-it-with-sdl2,https://stackoverflow.com/questions/78851746/#comment139035620_78851746,asker,CWE-459;CWE-401,R3
9c91352909e36847,https://stackoverflow.com/questions/73209678/when-to-convert-a-local-array-to-a-malloc-in-c,https://stackoverflow.com/questions/73209678/#comment129295638_73209678,responder,CWE-401,L1
e27dea902965c514,https://stackoverflow.com/questions/72217371/can-i-add-a-local-instance-of-a-pointer-to-a-struct-with-memory-allocated-with-m,https://stackoverflow.com/questions/72217371/#comment127595815_72217371,responder,CWE-401,E1
fcaee83845878520,https://stackoverflow.com/questions/72217371/can-i-add-a-local-instance-of-a-pointer-to-a-struct-with-memory-allocated-with-m,https://stackoverflow.com/questions/72217371/#comment127594062_72217371,responder,CWE-401,A3
595d1f266235c4f4,https://stackoverflow.com/questions/72217371/can-i-add-a-local-instance-of-a-pointer-to-a-struct-with-memory-allocated-with-m,https://stackoverflow.com/questions/72217371/#comment127593739_72217371,asker,CWE-401,N1
64e2a0ca5cdcd241,https://stackoverflow.com/questions/72217371/can-i-add-a-local-instance-of-a-pointer-to-a-struct-with-memory-allocated-with-m,https://stackoverflow.com/questions/72217371/#comment127593425_72217371,responder,CWE-401,D1
04725d9f9744afc0,https://stackoverflow.com/questions/72217371/can-i-add-a-local-instance-of-a-pointer-to-a-struct-with-memory-allocated-with-m,https://stackoverflow.com/questions/72217371/#comment127593147_72217371,responder,CWE-401,E1
30eab8b706a54a81,https://stackoverflow.com/questions/49667744/memory-leaks-on-a-templated-dynamic-array,https://stackoverflow.com/questions/49667744/#comment86347325_49667744,responder,CWE-762;CWE-459;CWE-401,V1
e22787bfe5ea8d84,https://stackoverflow.com/questions/49667744/memory-leaks-on-a-templated-dynamic-array,https://stackoverflow.com/questions/49667744/#comment86345447_49667744,responder,CWE-762;CWE-459;CWE-401,A1
b5e198e42238303b,https://stackoverflow.com/questions/46800987/destructor-called-on-stdvectorclass-type-invalidating-for-each,https://stackoverflow.com/questions/46800987/#comment80549504_46800987,asker,CWE-762;CWE-459;CWE-401,E3
949f8e094e159f27,https://stackoverflow.com/questions/36563103/why-does-the-o4-compiler-directive-give-unexpected-results,https://stackoverflow.com/questions/36563103/#comment60726531_36563103,responder,CWE-459;CWE-401,NA
7f4671b05d0274fd,https://stackoverflow.com/questions/35937148/management-of-a-vector-of-pointers-as-a-class-member,https://stackoverflow.com/questions/35937148/#comment59531343_35937148,asker,CWE-459;CWE-401,E3
4ef61750d1d40d72,https://stackoverflow.com/questions/34847051/c-free-array-pointer-for-stack,https://stackoverflow.com/questions/34847051/#comment57435238_34847051,responder,CWE-590,NA
e8591ebc70916416,https://stackoverflow.com/questions/34847051/c-free-array-pointer-for-stack,https://stackoverflow.com/questions/34847051/#comment57434377_34847051,responder,CWE-590,D2
8d1d6e90e4d4e4e7,https://stackoverflow.com/questions/33392649/valgrind-memory-leak-what-error-is-this,https://stackoverflow.com/questions/33392649/#comment54577160_33392649,asker,CWE-459;CWE-401,V1
ca2cceae1ea764e4,https://stackoverflow.com/questions/33281700/how-do-i-free-up-the-memory-consumed-by-a-string-literal,https://stackoverflow.com/questions/33281700/#comment54365878_33281700,asker,CWE-590,A1
5e1222749bec5bc5,https://stackoverflow.com/questions/33281700/how-do-i-free-up-the-memory-consumed-by-a-string-literal,https://stackoverflow.com/questions/33281700/#comment54363886_33281700,responder,CWE-590,A1
96608d1115c0af99,https://stackoverflow.com/questions/27839959/libssh-memory-lost-in-simple-implementation,https://stackoverflow.com/questions/27839959/#comment44084293_27839959,responder,CWE-459;CWE-401,C1
3410306e6d5f9d97,https://stackoverflow.com/questions/21233891/tracking-down-a-memory-leak-with-valgrind,https://stackoverflow.com/questions/21233891/#comment31984306_21233891,responder,CWE-459;CWE-401,E1
756de368416a7976,https://stackoverflow.com/questions/21233891/tracking-down-a-memory-leak-with-valgrind,https://stackoverflow.com/questions/21233891/#comment31984082_21233891,responder,CWE-459;CWE-401,R5
a8b59dfe596ec578,https://stackoverflow.com/questions/16749860/memory-leak-when-deleted-exception-raised,https://stackoverflow.com/questions/16749860/#comment24126780_16749860,responder,CWE-762;CWE-763;CWE-459;CWE-401,E3
9d4fb46d595081f6,https://stackoverflow.com/questions/16749860/memory-leak-when-deleted-exception-raised,https://stackoverflow.com/questions/16749860/#comment24126772_16749860,responder,CWE-762;CWE-763;CWE-459;CWE-401,"E3,D4"
9ae1d9b2d8023e5d,https://stackoverflow.com/questions/16400683/no-memory-leaks,https://stackoverflow.com/questions/16400683/#comment23512853_16400683,responder,CWE-789;CWE-459;CWE-401,NA
0ced1518b5caa7b1,https://stackoverflow.com/questions/14069536/memory-leaks-in-c-linked-list,https://stackoverflow.com/questions/14069536/#comment19449908_14069536,responder,CWE-459;CWE-401,N1
7ea8754b147f8f73,https://stackoverflow.com/questions/14069536/memory-leaks-in-c-linked-list,https://stackoverflow.com/questions/14069536/#comment19449398_14069536,responder,CWE-459;CWE-401,T1
8a656a7f0824d50d,https://stackoverflow.com/questions/8835729/realloc-causes-memory-leak-according-to-valgrind,https://stackoverflow.com/questions/8835729/#comment11032961_8835729,responder,CWE-401,L1
aebb386b896a1426,https://stackoverflow.com/questions/8835729/realloc-causes-memory-leak-according-to-valgrind,https://stackoverflow.com/questions/8835729/#comment11032795_8835729,responder,CWE-401,C2
392a4d57c9104eaf,https://stackoverflow.com/questions/7577976/how-are-heaps-created-in-mixed-language-applications,https://stackoverflow.com/questions/7577976/#comment9205935_7577976,responder,CWE-762,NA
150ce90dbdc76821,https://stackoverflow.com/questions/76985778/using-dynamic-memory-to-avoid-reference-invalidation,https://stackoverflow.com/questions/76985778/#comment135716304_76985778,asker,CWE-761,D1
a3be313f6d09d694,https://stackoverflow.com/questions/76985778/using-dynamic-memory-to-avoid-reference-invalidation,https://stackoverflow.com/questions/76985778/#comment135716255_76985778,responder,CWE-761,E1
fb7f75a57fdd37ac,https://stackoverflow.com/questions/58530570/memory-leakage-when-accessing-using-pointer-elements-from-a-struct-received-by,https://stackoverflow.com/questions/58530570/#comment103385083_58530570,responder,CWE-401,V1
0a79c9bbe8a9480b,https://stackoverflow.com/questions/38385176/is-this-custom-malloc-ok,https://stackoverflow.com/questions/38385176/#comment64180395_38385176,responder,CWE-761,NA
3922dfab36c94194,https://stackoverflow.com/questions/38385176/is-this-custom-malloc-ok,https://stackoverflow.com/questions/38385176/#comment64180395_38385176,responder,CWE-761,A4
8666703531972856,https://stackoverflow.com/questions/38385176/is-this-custom-malloc-ok,https://stackoverflow.com/questions/38385176/#comment64180269_38385176,responder,CWE-761,NA
2275f74926bbcb79,https://stackoverflow.com/questions/38385176/is-this-custom-malloc-ok,https://stackoverflow.com/questions/38385176/#comment64180228_38385176,responder,CWE-761,D1
780b7f7b30514a8d,https://stackoverflow.com/questions/36515604/malloc-of-pointers-in-structs-pointer-arithmetic-free-linkedlist,https://stackoverflow.com/questions/36515604/#comment60638283_36515604,asker,CWE-761,NA
bcc611a3d4411880,https://stackoverflow.com/questions/36515604/malloc-of-pointers-in-structs-pointer-arithmetic-free-linkedlist,https://stackoverflow.com/questions/36515604/#comment60637801_36515604,asker,CWE-761,N1
83772235d1042435,https://stackoverflow.com/questions/36515604/malloc-of-pointers-in-structs-pointer-arithmetic-free-linkedlist,https://stackoverflow.com/questions/36515604/#comment60637801_36515604,asker,CWE-761,N1
454f5b9d8124e4c6,https://stackoverflow.com/questions/26950411/how-to-distinguish-a-malloced-string-from-a-string-literal,https://stackoverflow.com/questions/26950411/#comment42442144_26950411,responder,CWE-590,E3
8a9a68e0cfa7cdd8,https://stackoverflow.com/questions/26950411/how-to-distinguish-a-malloced-string-from-a-string-literal,https://stackoverflow.com/questions/26950411/#comment42442144_26950411,responder,CWE-590,E3
eeaf3a144aa6abb4,https://stackoverflow.com/questions/6447376/can-you-determine-if-a-string-if-freeable-in-c,https://stackoverflow.com/questions/6447376/#comment7570320_6447376,responder,CWE-590;CWE-763,A1
09c0c4c5dd340844,https://stackoverflow.com/questions/6058909/catching-delete-of-a-stack-object,https://stackoverflow.com/questions/6058909/#comment7012930_6058909,responder,CWE-590,L2
326cf15a5fc3a8b7,https://stackoverflow.com/questions/6058909/catching-delete-of-a-stack-object,https://stackoverflow.com/questions/6058909/#comment7012913_6058909,responder,CWE-590,A1
ea7350180528a742,https://stackoverflow.com/questions/3788005/deleting-object-from-a-stack,https://stackoverflow.com/questions/3788005/#comment4015324_3788005,responder,CWE-590,NA
c9c0013c5b6051ac,https://stackoverflow.com/questions/3788005/deleting-object-from-a-stack,https://stackoverflow.com/questions/3788005/#comment4013356_3788005,responder,CWE-590,A3
8d2aa97a9ec2df5b,https://stackoverflow.com/questions/3788005/deleting-object-from-a-stack,https://stackoverflow.com/questions/3788005/#comment4013183_3788005,asker,CWE-590,NA
dce5d09ab1d29b3e,https://stackoverflow.com/questions/3788005/deleting-object-from-a-stack,https://stackoverflow.com/questions/3788005/#comment4013165_3788005,responder,CWE-590,NA
9a029b79f3bd5ec3,https://stackoverflow.com/questions/3788005/deleting-object-from-a-stack,https://stackoverflow.com/questions/3788005/#comment4013165_3788005,responder,CWE-590,NA
a2c9e674ba1ee149,https://stackoverflow.com/questions/75319496/how-can-i-create-a-destructor-to-check-if-the-pointer-is-null-if-not-delete-th,https://stackoverflow.com/questions/75319496/#comment132904336_75319496,responder,CWE-762;CWE-763;CWE-459,NA
0732e9c96bb58892,https://stackoverflow.com/questions/67803107/damage-after-normal-block-when-base-class-is-marked-virtual,https://stackoverflow.com/questions/67803107/#comment119849734_67803107,responder,CWE-459,R3
cf09927cdf62ee19,https://stackoverflow.com/questions/64733514/free-invalid-pointer-when-trying-to-free-a-char-and-a-stuct,https://stackoverflow.com/questions/64733514/#comment114455993_64733514,asker,CWE-763,A1
a7ca4582e49718a6,https://stackoverflow.com/questions/59593891/error-munmap-chunk-invalid-pointer-in-c-program,https://stackoverflow.com/questions/59593891/#comment105353134_59593891,asker,CWE-590;CWE-763,O1
a4a6ff25dcddca9a,https://stackoverflow.com/questions/59593891/error-munmap-chunk-invalid-pointer-in-c-program,https://stackoverflow.com/questions/59593891/#comment105353134_59593891,asker,CWE-590;CWE-763,D4
5e80f1c89db180fb,https://stackoverflow.com/questions/58110985/valgrind-errors-with-boostthread-specific-ptr-on-gcc-8-3-linux,https://stackoverflow.com/questions/58110985/#comment102925237_58110985,responder,CWE-762;CWE-763;CWE-401,R5
9cfd0e610402f91c,https://stackoverflow.com/questions/55273029/invalid-free-delete-delete-realloc-with-stdshared-ptr,https://stackoverflow.com/questions/55273029/#comment97289020_55273029,asker,CWE-762;CWE-761;CWE-763,T1
3c07e8d36f3a4188,https://stackoverflow.com/questions/55273029/invalid-free-delete-delete-realloc-with-stdshared-ptr,https://stackoverflow.com/questions/55273029/#comment97278054_55273029,asker,CWE-762;CWE-761;CWE-763,R5
d8d5b784340961b4,https://stackoverflow.com/questions/55273029/invalid-free-delete-delete-realloc-with-stdshared-ptr,https://stackoverflow.com/questions/55273029/#comment97277588_55273029,responder,CWE-762;CWE-761;CWE-763,R2
73835effc55d24c6,https://stackoverflow.com/questions/54333382/double-free-or-corruption-when-using-char,https://stackoverflow.com/questions/54333382/#comment95484528_54333382,responder,CWE-763;CWE-789,T1
337003ef629cc3f3,https://stackoverflow.com/questions/53922209/how-to-invoke-aligned-new-delete-properly,https://stackoverflow.com/questions/53922209/#comment94686449_53922209,responder,CWE-762,D3
727f5a83d0020c48,https://stackoverflow.com/questions/42663978/correct-way-to-allocate-memory-to-stdshared-ptr,https://stackoverflow.com/questions/42663978/#comment72453375_42663978,responder,CWE-762;CWE-459,A3
bf44cbd348fe2273,https://stackoverflow.com/questions/41070416/unexpected-free-behavior,https://stackoverflow.com/questions/41070416/#comment69348307_41070416,asker,CWE-763;CWE-401,NA
1a69553d5063ffc1,https://stackoverflow.com/questions/38875667/getting-a-free-invalid-pointer-in-c,https://stackoverflow.com/questions/38875667/#comment65113550_38875667,asker,CWE-763,NA
d65dc91edbc7eb0e,https://stackoverflow.com/questions/35879793/segmentation-fault-using-triangle-software-when-using-large-input-file,https://stackoverflow.com/questions/35879793/#comment59423166_35879793,asker,CWE-761;CWE-459;CWE-401,NA
82fbfbcfa709106d,https://stackoverflow.com/questions/35879793/segmentation-fault-using-triangle-software-when-using-large-input-file,https://stackoverflow.com/questions/35879793/#comment59422948_35879793,responder,CWE-761;CWE-459;CWE-401,A4
bf0a2762067cc948,https://stackoverflow.com/questions/35879793/segmentation-fault-using-triangle-software-when-using-large-input-file,https://stackoverflow.com/questions/35879793/#comment59422915_35879793,responder,CWE-761;CWE-459;CWE-401,R5
d8538d1355444c97,https://stackoverflow.com/questions/32415774/freeing-an-invalid-pointer,https://stackoverflow.com/questions/32415774/#comment52704984_32415774,responder,CWE-763,A3
04c1d29bbd9f2a29,https://stackoverflow.com/questions/32415774/freeing-an-invalid-pointer,https://stackoverflow.com/questions/32415774/#comment52698392_32415774,asker,CWE-763,A4
7dc35633d3272720,https://stackoverflow.com/questions/25922895/clang-link-time-optimization-with-replaced-operator-new-causes-mismatched-free,https://stackoverflow.com/questions/25922895/#comment40580792_25922895,responder,CWE-762;CWE-789,NA
9cc4efed03f579e0,https://stackoverflow.com/questions/21767320/replacing-malloc-free-with-new-delete-in-c,https://stackoverflow.com/questions/21767320/#comment32929468_21767320,asker,CWE-762,NA
67459cdff44cab2a,https://stackoverflow.com/questions/19154980/malloc-free-and-new-delete-compatibility-in-c,https://stackoverflow.com/questions/19154980/#comment28333962_19154980,responder,CWE-762,D3
a9268c32da936316,https://stackoverflow.com/questions/15511982/mismatch-delete,https://stackoverflow.com/questions/15511982/#comment21967736_15511982,responder,CWE-762;CWE-459,P
5d3827f51ad5e5b6,https://stackoverflow.com/questions/12576825/memory-leak-in-cvloadimage-function,https://stackoverflow.com/questions/12576825/#comment16945836_12576825,responder,CWE-401,D1
c05230db1ad98ec3,https://stackoverflow.com/questions/7647964/how-to-check-consequence-of-using-free-with-new,https://stackoverflow.com/questions/7647964/#comment9290481_7647964,responder,CWE-762;CWE-459,D3
031b6976193c1f3d,https://stackoverflow.com/questions/73973154/c-test-if-two-dlls-share-the-same-heap,https://stackoverflow.com/questions/73973154/#comment130617767_73973154,asker,CWE-762;CWE-459,X1
c626cfafba258ccd,https://stackoverflow.com/questions/65677448/using-strdup-pointer-as-map-key-causes-to-a-memory-leak,https://stackoverflow.com/questions/65677448/#comment116121298_65677448,responder,CWE-401,R4
837c95d3a3498d4a,https://stackoverflow.com/questions/55289824/which-of-these-pointer-need-free-or-delete,https://stackoverflow.com/questions/55289824/#comment97309616_55289824,asker,CWE-762,NA
94bb50b361f0f5c7,https://stackoverflow.com/questions/55289824/which-of-these-pointer-need-free-or-delete,https://stackoverflow.com/questions/55289824/#comment97309202_55289824,responder,CWE-762,P
3a6a07259780fe4f,https://stackoverflow.com/questions/44370580/c-when-to-use-delete-and-properly-deallocate-memory,https://stackoverflow.com/questions/44370580/#comment75742860_44370580,responder,CWE-762,D1
a695b909fb5449d3,https://stackoverflow.com/questions/33378180/c-dynamic-allocation-is-my-use-of-new-correct,https://stackoverflow.com/questions/33378180/#comment54551344_33378180,responder,CWE-762,N3
503722f4b25bc7c1,https://stackoverflow.com/questions/703691/how-does-delete-know-its-an-array,https://stackoverflow.com/questions/703691/#comment43494990_703691,responder,CWE-762,K
08087c08355290f3,https://stackoverflow.com/questions/24150154/c-insane-memory-consumption-on-large-file,https://stackoverflow.com/questions/24150154/#comment37268560_24150154,responder,CWE-762;CWE-459,L3
680ac6264123944b,https://stackoverflow.com/questions/16714937/what-is-c-version-of-realloc-to-allocate-the-new-buffer-and-copy-the-conten,https://stackoverflow.com/questions/16714937/#comment29908665_16714937,responder,CWE-762,NA
04a8628eedd00362,https://stackoverflow.com/questions/8405099/why-cant-the-runtime-environment-decide-to-apply-delete-or-delete-instead-of,https://stackoverflow.com/questions/8405099/#comment10398650_8405099,asker,CWE-762;CWE-459,K
7caa5d2f410605d2,https://stackoverflow.com/questions/8405099/why-cant-the-runtime-environment-decide-to-apply-delete-or-delete-instead-of,https://stackoverflow.com/questions/8405099/#comment10379412_8405099,responder,CWE-762;CWE-459,D3
5e7337bf4202e079,https://stackoverflow.com/questions/4255598/delete-vs-delete,https://stackoverflow.com/questions/4255598/#comment4610451_4255598,responder,CWE-762,D3
e4852653ae046b4e,https://stackoverflow.com/questions/993590/should-i-delete-vectorstring,https://stackoverflow.com/questions/993590/#comment802533_993590,responder,CWE-762;CWE-789;CWE-401,"N1,O2"
9f9bf0b03300dcc5,https://stackoverflow.com/questions/70799842/in-c-why-is-the-pointer-returned-by-getenv-automatically-reclaimed,https://stackoverflow.com/questions/70799842/#comment125163304_70799842,responder,CWE-401,A2
db9f71c522c6dff9,https://stackoverflow.com/questions/1879550/should-one-really-set-pointers-to-null-after-freeing-them,https://stackoverflow.com/questions/1879550/#comment119542270_1879550,responder,CWE-763,NA
0f732be2f31d96c1,https://stackoverflow.com/questions/1879550/should-one-really-set-pointers-to-null-after-freeing-them,https://stackoverflow.com/questions/1879550/#comment119532017_1879550,asker,CWE-763,NA
f4ac70b3fad0fd77,https://stackoverflow.com/questions/47245000/double-free-or-corruption-fasttop-error-c,https://stackoverflow.com/questions/47245000/#comment81440428_47245000,responder,CWE-763,NA
e11e64bc16c80446,https://stackoverflow.com/questions/47175974/pthreads-double-free-or-corruption-out-error,https://stackoverflow.com/questions/47175974/#comment81301364_47175974,responder,CWE-763,R5
81a113a3d59f53d1,https://stackoverflow.com/questions/44424820/how-to-catch-free-invalid-pointer,https://stackoverflow.com/questions/44424820/#comment75848239_44424820,responder,CWE-763,D4
6eedea1e1cbb0b35,https://stackoverflow.com/questions/44349329/double-free-or-corruption-prev,https://stackoverflow.com/questions/44349329/#comment75701185_44349329,responder,CWE-763,N3
597aec13326c86e6,https://stackoverflow.com/questions/44349329/double-free-or-corruption-prev,https://stackoverflow.com/questions/44349329/#comment75701182_44349329,responder,CWE-763,V1
d256d5c2ea985163,https://stackoverflow.com/questions/44349329/double-free-or-corruption-prev,https://stackoverflow.com/questions/44349329/#comment75701182_44349329,responder,CWE-763,V1
930313bf75a5fca6,https://stackoverflow.com/questions/37988849/safer-way-to-expose-a-c-allocated-memory-buffer-using-numpy-ctypes,https://stackoverflow.com/questions/37988849/#comment63754255_37988849,responder,CWE-459,D1
48c9d3860fe4a41b,https://stackoverflow.com/questions/37988849/safer-way-to-expose-a-c-allocated-memory-buffer-using-numpy-ctypes,https://stackoverflow.com/questions/37988849/#comment63424554_37988849,asker,CWE-459,NA
a0834c138ad7f2f2,https://stackoverflow.com/questions/32177183/what-kind-of-returned-value-from-glibc-functions-needs-to-be-freed,https://stackoverflow.com/questions/32177183/#comment52240129_32177183,asker,CWE-763,A2
63e520a0ae2b0786,https://stackoverflow.com/questions/29335795/what-can-explain-heap-corruption-on-a-call-to-free,https://stackoverflow.com/questions/29335795/#comment46859991_29335795,asker,CWE-401,NA
0305d1c78de62552,https://stackoverflow.com/questions/1879550/should-one-really-set-pointers-to-null-after-freeing-them,https://stackoverflow.com/questions/1879550/#comment26086050_1879550,responder,CWE-763,NA
4cd021855f6da532,https://stackoverflow.com/questions/15024612/how-to-avoid-double-free-or-corruption-prev,https://stackoverflow.com/questions/15024612/#comment21113451_15024612,responder,CWE-763;CWE-401,NA
7186b27fc3574a1c,https://stackoverflow.com/questions/9419370/invalid-pointer-crash-on-delete-but-different-pointer,https://stackoverflow.com/questions/9419370/#comment11906599_9419370,responder,CWE-763,A3
e170d18c82b02161,https://stackoverflow.com/questions/9419370/invalid-pointer-crash-on-delete-but-different-pointer,https://stackoverflow.com/questions/9419370/#comment11906596_9419370,responder,CWE-763,NA
c4ad2421372137d7,https://stackoverflow.com/questions/51175664/c-creating-huge-vector,https://stackoverflow.com/questions/51175664/#comment89338745_51175664,responder,CWE-789,A4
b6461b652468fc63,https://stackoverflow.com/questions/51175664/c-creating-huge-vector,https://stackoverflow.com/questions/51175664/#comment89334090_51175664,responder,CWE-789,A4
1c56cfcbe4d5b82e,https://stackoverflow.com/questions/51175664/c-creating-huge-vector,https://stackoverflow.com/questions/51175664/#comment89334090_51175664,responder,CWE-789,A4
294304d59bc7a289,https://stackoverflow.com/questions/40857626/pointer-being-freed-was-not-allocated-for-array-of-strings-in-c,https://stackoverflow.com/questions/40857626/#comment68931925_40857626,asker,CWE-763,C2
f6905a6656b3f6f1,https://stackoverflow.com/questions/39642200/i-am-getting-pointer-being-freed-was-not-allocated,https://stackoverflow.com/questions/39642200/#comment66589723_39642200,responder,CWE-763,A4
29a0585dab2f8dcf,https://stackoverflow.com/questions/39642200/i-am-getting-pointer-being-freed-was-not-allocated,https://stackoverflow.com/questions/39642200/#comment66588092_39642200,responder,CWE-763,D4
876825fbeabf6931,https://stackoverflow.com/questions/33614009/realloc-vs-linked-list-no-random-access,https://stackoverflow.com/questions/33614009/#comment55004106_33614009,responder,CWE-762,NA
e6c84342822a85e5,https://stackoverflow.com/questions/32025292/memory-not-requested-being-allocated,https://stackoverflow.com/questions/32025292/#comment51953455_32025292,responder,CWE-401,NA
cc47d3c01b80b0c1,https://stackoverflow.com/questions/32025292/memory-not-requested-being-allocated,https://stackoverflow.com/questions/32025292/#comment51953010_32025292,responder,CWE-401,NA
b38d69eebb991b38,https://stackoverflow.com/questions/32025292/memory-not-requested-being-allocated,https://stackoverflow.com/questions/32025292/#comment51952242_32025292,responder,CWE-401,R3
cc016b06fa679353,https://stackoverflow.com/questions/27327426/c-pointer-being-freed-was-not-allocated-when-calling-free,https://stackoverflow.com/questions/27327426/#comment43114075_27327426,responder,CWE-763,R5
c56657ab7dd5551b,https://stackoverflow.com/questions/36390489/c-replacement-for-c99-vlas-goal-preserve-performance,https://stackoverflow.com/questions/36390489/#comment60399690_36390489,responder,CWE-762,NA
f38362f002a0b44e,https://stackoverflow.com/questions/36390489/c-replacement-for-c99-vlas-goal-preserve-performance,https://stackoverflow.com/questions/36390489/#comment60399397_36390489,asker,CWE-762,NA
4cc06e2e984a3570,https://stackoverflow.com/questions/36390489/c-replacement-for-c99-vlas-goal-preserve-performance,https://stackoverflow.com/questions/36390489/#comment60399113_36390489,asker,CWE-762,A1
241e102c1a942bf4,https://stackoverflow.com/questions/28471327/realloc-invalid-next-size-error,https://stackoverflow.com/questions/28471327/#comment45267096_28471327,responder,CWE-762;CWE-763;CWE-459;CWE-401,D4
75ad0d0168be0ab2,https://stackoverflow.com/questions/76108611/memory-leak-in-move-constructor,https://stackoverflow.com/questions/76108611/#comment134224583_76108841,asker,CWE-459;CWE-401,O2
b04a07538b220a60,https://stackoverflow.com/questions/76108611/memory-leak-in-move-constructor,https://stackoverflow.com/questions/76108611/#comment134224364_76108841,asker,CWE-459;CWE-401,O2
59709f6fa7d0cdff,https://stackoverflow.com/questions/73797568/rust-library-returned-box-object-is-automatically-freed-in-c-edit-not-freed,https://stackoverflow.com/questions/73797568/#comment130311838_73798639,asker,CWE-401,R5
dd956b998554b3f9,https://stackoverflow.com/questions/6973489/valgrind-and-openmp-still-reachable-and-possibly-lost-is-that-bad,https://stackoverflow.com/questions/6973489/#comment120991241_6973510,responder,CWE-401,R2
e6fee4a40988304e,https://stackoverflow.com/questions/45538993/why-dont-memory-allocators-actively-return-freed-memory-to-the-os,https://stackoverflow.com/questions/45538993/#comment112273732_45539066,responder,CWE-459;CWE-401,L3
dd8db38487cdfa02,https://stackoverflow.com/questions/51553115/how-do-i-make-leaksanitizer-ignore-end-of-program-leaks,https://stackoverflow.com/questions/51553115/#comment112250107_51553776,responder,CWE-401,L1
803be97c9214a3c3,https://stackoverflow.com/questions/7886176/memory-not-freed-but-still-reachable-is-it-leaking,https://stackoverflow.com/questions/7886176/#comment66378246_7886203,responder,CWE-459;CWE-401,R4
20b64c6927119e08,https://stackoverflow.com/questions/25988153/definitely-lost-memory-leak-in-c-program,https://stackoverflow.com/questions/25988153/#comment40719303_25988405,asker,CWE-459;CWE-401,"R2,N1"
ee18d2c55e6dc0ee,https://stackoverflow.com/questions/25988153/definitely-lost-memory-leak-in-c-program,https://stackoverflow.com/questions/25988153/#comment40719303_25988405,asker,CWE-459;CWE-401,R2
17e5b72603e4e3cf,https://stackoverflow.com/questions/8708758/can-i-force-a-numpy-ndarray-to-take-ownership-of-its-memory,https://stackoverflow.com/questions/8708758/#comment38414836_18312855,responder,CWE-401,O2
892a228083729843,https://stackoverflow.com/questions/19390136/what-can-cause-a-java-native-function-in-c-to-segfault-upon-entry,https://stackoverflow.com/questions/19390136/#comment28784006_19416533,responder,CWE-459;CWE-401,C1
92b8c112f96d32d4,https://stackoverflow.com/questions/10750299/if-i-specify-a-default-value-for-an-argument-of-type-stdstring-in-c-cou,https://stackoverflow.com/questions/10750299/#comment13970680_10750500,responder,CWE-401,R2
fbbe8bbfa8be931a,https://stackoverflow.com/questions/7886176/memory-not-freed-but-still-reachable-is-it-leaking,https://stackoverflow.com/questions/7886176/#comment9624871_7886203,asker,CWE-459;CWE-401,"O1,R2"
58eec0b2dca0f40b,https://stackoverflow.com/questions/7886176/memory-not-freed-but-still-reachable-is-it-leaking,https://stackoverflow.com/questions/7886176/#comment9624871_7886203,asker,CWE-459;CWE-401,R2
2fe1f6d53a04b7a1,https://stackoverflow.com/questions/7886176/memory-not-freed-but-still-reachable-is-it-leaking,https://stackoverflow.com/questions/7886176/#comment9624760_7886203,asker,CWE-459;CWE-401,R2
ca253b8d3fff2127,https://stackoverflow.com/questions/6973489/valgrind-and-openmp-still-reachable-and-possibly-lost-is-that-bad,https://stackoverflow.com/questions/6973489/#comment8318070_6973510,asker,CWE-401,R3
0c2275f9da1b0b23,https://stackoverflow.com/questions/1997171/why-does-valgrind-say-basic-sdl-program-is-leaking-memory,https://stackoverflow.com/questions/1997171/#comment1920523_1997280,responder,CWE-459;CWE-401,"L1,X1"
ef0b56b5d317290c,https://stackoverflow.com/questions/273209/are-memory-leaks-ever-ok,https://stackoverflow.com/questions/273209/#comment140971478_274433,responder,CWE-459;CWE-401,V1
d6911f6dd1ddf3c3,https://stackoverflow.com/questions/1008019/how-do-you-implement-the-singleton-design-pattern,https://stackoverflow.com/questions/1008019/#comment137965566_1008289,responder,CWE-401,L2
16262a48500a5c7e,https://stackoverflow.com/questions/3536153/c-dynamically-growing-array,https://stackoverflow.com/questions/3536153/#comment133617797_3536261,responder,CWE-401,NA
5f0a361e9e2fb6eb,https://stackoverflow.com/questions/273209/are-memory-leaks-ever-ok,https://stackoverflow.com/questions/273209/#comment129970199_273287,responder,CWE-459;CWE-401,NA
f7eb652d76869658,https://stackoverflow.com/questions/3840582/valgrind-still-reachable-leak-detected-by-valgrind,https://stackoverflow.com/questions/3840582/#comment128356519_3857638,asker,CWE-401,NA
acd6c10515666a17,https://stackoverflow.com/questions/5134891/how-do-i-use-valgrind-to-find-memory-leaks,https://stackoverflow.com/questions/5134891/#comment126242581_44989219,responder,CWE-401,R5
40988b0efbadd285,https://stackoverflow.com/questions/655065/when-should-i-use-the-new-keyword-in-c,https://stackoverflow.com/questions/655065/#comment122965088_655086,responder,CWE-459;CWE-401,NA
1ff71f70ee32a33a,https://stackoverflow.com/questions/654754/what-really-happens-when-you-dont-free-after-malloc-before-program-termination,https://stackoverflow.com/questions/654754/#comment117666068_654766,responder,CWE-401,L1
a249eeeb428c349a,https://stackoverflow.com/questions/12825148/what-is-the-meaning-of-the-term-arena-in-relation-to-memory,https://stackoverflow.com/questions/12825148/#comment113998197_12825221,responder,CWE-401,NA
18fc0dab91ef6261,https://stackoverflow.com/questions/1008019/how-do-you-implement-the-singleton-design-pattern,https://stackoverflow.com/questions/1008019/#comment100621325_1008086,responder,CWE-401,E3
1e6e05b282ce34b6,https://stackoverflow.com/questions/53870522/why-use-stdmake-unique-in-c17,https://stackoverflow.com/questions/53870522/#comment97956057_53870910,responder,CWE-401,N2
4488f94a918f395f,https://stackoverflow.com/questions/1008019/how-do-you-implement-the-singleton-design-pattern,https://stackoverflow.com/questions/1008019/#comment97235413_1008289,responder,CWE-401,NA
97290038b82fc959,https://stackoverflow.com/questions/1008019/how-do-you-implement-the-singleton-design-pattern,https://stackoverflow.com/questions/1008019/#comment97143743_1008289,responder,CWE-401,NA
71a820304366d1c8,https://stackoverflow.com/questions/53870522/why-use-stdmake-unique-in-c17,https://stackoverflow.com/questions/53870522/#comment94602260_53870910,responder,CWE-401,L2
ab6b0f50d21e4474,https://stackoverflow.com/questions/3840582/valgrind-still-reachable-leak-detected-by-valgrind,https://stackoverflow.com/questions/3840582/#comment91879509_3857638,responder,CWE-401,L3
78518d2e94e41c91,https://stackoverflow.com/questions/20297524/c-free-invalid-pointer,https://stackoverflow.com/questions/20297524/#comment73170730_20297598,responder,CWE-762;CWE-763;CWE-401,A3
327cf2fb85cadadc,https://stackoverflow.com/questions/42028271/c-linked-list-when-to-free-allocated-memory,https://stackoverflow.com/questions/42028271/#comment71231784_42028424,responder,CWE-459;CWE-401,NA
c9f650b0a493808f,https://stackoverflow.com/questions/654754/what-really-happens-when-you-dont-free-after-malloc-before-program-termination,https://stackoverflow.com/questions/654754/#comment63701735_654766,responder,CWE-401,L1
a773466d416551c3,https://stackoverflow.com/questions/654754/what-really-happens-when-you-dont-free-after-malloc-before-program-termination,https://stackoverflow.com/questions/654754/#comment63701735_654766,responder,CWE-401,L1
21ba2fced89e5b5f,https://stackoverflow.com/questions/6261201/how-to-find-memory-leak-in-a-c-code-project,https://stackoverflow.com/questions/6261201/#comment62034342_8417851,responder,CWE-401,V1
977f442315dcdac0,https://stackoverflow.com/questions/6500313/why-should-c-programmers-minimize-use-of-new,https://stackoverflow.com/questions/6500313/#comment58134677_6500374,responder,CWE-401,L1
42bb64a91e02d89b,https://stackoverflow.com/questions/1008019/how-do-you-implement-the-singleton-design-pattern,https://stackoverflow.com/questions/1008019/#comment55960337_1008289,responder,CWE-401,NA
d59f34a1bce36430,https://stackoverflow.com/questions/273209/are-memory-leaks-ever-ok,https://stackoverflow.com/questions/273209/#comment51813054_273287,responder,CWE-459;CWE-401,NA
5d8121177eb88a2b,https://stackoverflow.com/questions/273209/are-memory-leaks-ever-ok,https://stackoverflow.com/questions/273209/#comment51813054_273287,responder,CWE-459;CWE-401,NA
b2dd4bb4945bdaff,https://stackoverflow.com/questions/273209/are-memory-leaks-ever-ok,https://stackoverflow.com/questions/273209/#comment51813054_273287,responder,CWE-459;CWE-401,NA
b509bbf0e5ca2f84,https://stackoverflow.com/questions/45627/how-do-you-detect-avoid-memory-leaks-in-your-unmanaged-code,https://stackoverflow.com/questions/45627/#comment51023480_50095,responder,CWE-761;CWE-401,NA
3e7f917669de2d67,https://stackoverflow.com/questions/6261201/how-to-find-memory-leak-in-a-c-code-project,https://stackoverflow.com/questions/6261201/#comment49725506_8417851,responder,CWE-401,E1
bd7d8bb4f6691574,https://stackoverflow.com/questions/273209/are-memory-leaks-ever-ok,https://stackoverflow.com/questions/273209/#comment46813761_273287,responder,CWE-459;CWE-401,L1
f547d0042892c4a4,https://stackoverflow.com/questions/1008019/how-do-you-implement-the-singleton-design-pattern,https://stackoverflow.com/questions/1008019/#comment46120916_1008050,responder,CWE-401,L1
a37c0337a8421579,https://stackoverflow.com/questions/1008019/how-do-you-implement-the-singleton-design-pattern,https://stackoverflow.com/questions/1008019/#comment30515789_1008289,responder,CWE-401,O1
9fe0bfc51c57ca79,https://stackoverflow.com/questions/19390136/what-can-cause-a-java-native-function-in-c-to-segfault-upon-entry,https://stackoverflow.com/questions/19390136/#comment29019047_19390965,asker,CWE-459;CWE-401,NA
cbaae7e2bb157a3a,https://stackoverflow.com/questions/19390136/what-can-cause-a-java-native-function-in-c-to-segfault-upon-entry,https://stackoverflow.com/questions/19390136/#comment28740413_19390965,asker,CWE-459;CWE-401,R4
ae039d6d9bd40240,https://stackoverflow.com/questions/6500313/why-should-c-programmers-minimize-use-of-new,https://stackoverflow.com/questions/6500313/#comment26191890_6500497,responder,CWE-401,NA
bb942d8f7f21a761,https://stackoverflow.com/questions/6261201/how-to-find-memory-leak-in-a-c-code-project,https://stackoverflow.com/questions/6261201/#comment24147255_8417851,responder,CWE-401,A1
afa39d3067a649c3,https://stackoverflow.com/questions/10332561/valgrind-memcheck-tool-didnot-detect-memory-leak,https://stackoverflow.com/questions/10332561/#comment13309037_10333140,responder,CWE-401,R2
a367ee4458e52d7f,https://stackoverflow.com/questions/655065/when-should-i-use-the-new-keyword-in-c,https://stackoverflow.com/questions/655065/#comment11936460_655206,responder,CWE-459;CWE-401,NA
782504648995e40a,https://stackoverflow.com/questions/9033931/memory-leak-c,https://stackoverflow.com/questions/9033931/#comment11472415_9034185,responder,CWE-401,NA
545e40eeea6fb324,https://stackoverflow.com/questions/6500313/why-should-c-programmers-minimize-use-of-new,https://stackoverflow.com/questions/6500313/#comment7667510_6500497,responder,CWE-401,NA
8e4f51ef6ff221a3,https://stackoverflow.com/questions/6500313/why-should-c-programmers-minimize-use-of-new,https://stackoverflow.com/questions/6500313/#comment7649325_6500350,responder,CWE-401,NA
9b1572e973415566,https://stackoverflow.com/questions/3840582/valgrind-still-reachable-leak-detected-by-valgrind,https://stackoverflow.com/questions/3840582/#comment4101954_3857638,asker,CWE-401,R2
2852a5ff3a690d9b,https://stackoverflow.com/questions/273209/are-memory-leaks-ever-ok,https://stackoverflow.com/questions/273209/#comment3801253_273287,responder,CWE-459;CWE-401,NA
37a6e8f294885306,https://stackoverflow.com/questions/2975831/is-leaked-memory-freed-up-when-the-program-exits,https://stackoverflow.com/questions/2975831/#comment3036111_2975844,responder,CWE-401,L1
c2d6d1a4c4db73fc,https://stackoverflow.com/questions/2975831/is-leaked-memory-freed-up-when-the-program-exits,https://stackoverflow.com/questions/2975831/#comment3036111_2975844,responder,CWE-401,L1
77f025495e9eec48,https://stackoverflow.com/questions/654754/what-really-happens-when-you-dont-free-after-malloc-before-program-termination,https://stackoverflow.com/questions/654754/#comment1904176_654766,responder,CWE-401,L1
6793fba2bbb593b0,https://stackoverflow.com/questions/273209/are-memory-leaks-ever-ok,https://stackoverflow.com/questions/273209/#comment1848499_273287,responder,CWE-459;CWE-401,R2
1b88a50b1a8a88d1,https://stackoverflow.com/questions/273209/are-memory-leaks-ever-ok,https://stackoverflow.com/questions/273209/#comment1848499_273287,responder,CWE-459;CWE-401,L3
41ab38bb07094b73,https://stackoverflow.com/questions/1008019/how-do-you-implement-the-singleton-design-pattern,https://stackoverflow.com/questions/1008019/#comment816876_1008050,responder,CWE-401,L1
772a061f28ffc848,https://stackoverflow.com/questions/273209/are-memory-leaks-ever-ok,https://stackoverflow.com/questions/273209/#comment127078_273232,asker,CWE-459;CWE-401,O1
fc7bfc2ca47f2f03,https://stackoverflow.com/questions/654754/what-really-happens-when-you-dont-free-after-malloc-before-program-termination,https://stackoverflow.com/questions/654754/#comment130452119_30118469,responder,CWE-401,NA
83aa283c06e8072d,https://stackoverflow.com/questions/3536153/c-dynamically-growing-array,https://stackoverflow.com/questions/3536153/#comment120209262_46351960,responder,CWE-401,NA
eaae76f0096a470b,https://stackoverflow.com/questions/40991687/stdmake-uniquet-vs-resetnew-t,https://stackoverflow.com/questions/40991687/#comment69192284_40991805,asker,CWE-459;CWE-401,C1
fae7e06d454a7148,https://stackoverflow.com/questions/6261201/how-to-find-memory-leak-in-a-c-code-project,https://stackoverflow.com/questions/6261201/#comment36035025_6261225,responder,CWE-401,A3
bde3685e22ec17ee,https://stackoverflow.com/questions/15467298/how-far-can-memory-leaks-go,https://stackoverflow.com/questions/15467298/#comment21893121_15469280,asker,CWE-401,L1
e9c5339ae992db30,https://stackoverflow.com/questions/7078019/using-realloc-to-shrink-the-allocated-memory,https://stackoverflow.com/questions/7078019/#comment8473086_7078227,responder,CWE-401,C2
d44bfadb0c2a0b3a,https://stackoverflow.com/questions/6500313/why-should-c-programmers-minimize-use-of-new,https://stackoverflow.com/questions/6500313/#comment7646801_6500467,responder,CWE-401,L2
d25ba01f92294a45,https://stackoverflow.com/questions/3844678/pthread-exit-vs-return,https://stackoverflow.com/questions/3844678/#comment4084719_3844726,responder,CWE-459;CWE-401,R3
d80c9f1c7a249962,https://stackoverflow.com/questions/1611756/memory-management-and-realloc,https://stackoverflow.com/questions/1611756/#comment1477835_1611777,asker,CWE-401,NA
dfb2cb5e7c48d5e2,https://stackoverflow.com/questions/654754/what-really-happens-when-you-dont-free-after-malloc-before-program-termination,https://stackoverflow.com/questions/654754/#comment468098_654773,responder,CWE-401,R2
eb7803bf791d3bda,https://stackoverflow.com/questions/273209/are-memory-leaks-ever-ok,https://stackoverflow.com/questions/273209/#comment127156_273225,responder,CWE-459;CWE-401,L1
094b55649003399e,https://stackoverflow.com/questions/1008019/how-do-you-implement-the-singleton-design-pattern,https://stackoverflow.com/questions/1008019/#comment139072152_23541471,responder,CWE-401,L1
a758906c457f81ae,https://stackoverflow.com/questions/63930204/is-file-reassignment-without-fclose-okay,https://stackoverflow.com/questions/63930204/#comment113048637_63930222,asker,CWE-401,L1
8ce9c3ed5383dabc,https://stackoverflow.com/questions/7078019/using-realloc-to-shrink-the-allocated-memory,https://stackoverflow.com/questions/7078019/#comment105753326_7078294,responder,CWE-401,NA
a1e3c763538c8284,https://stackoverflow.com/questions/3536153/c-dynamically-growing-array,https://stackoverflow.com/questions/3536153/#comment94240256_53688989,responder,CWE-401,NA
eca070844d8c0fe8,https://stackoverflow.com/questions/3536153/c-dynamically-growing-array,https://stackoverflow.com/questions/3536153/#comment94240256_53688989,responder,CWE-401,C2
accfed6517c34f80,https://stackoverflow.com/questions/3536153/c-dynamically-growing-array,https://stackoverflow.com/questions/3536153/#comment94240256_53688989,responder,CWE-401,C2
ca1f3e1e5acd8e67,https://stackoverflow.com/questions/32953397/why-does-valgrind-show-a-memory-leak-on-a-calloc-statement,https://stackoverflow.com/questions/32953397/#comment53735927_32953468,asker,CWE-762;CWE-763;CWE-459;CWE-401,NA
9a970c9cc6f31312,https://stackoverflow.com/questions/15467298/how-far-can-memory-leaks-go,https://stackoverflow.com/questions/15467298/#comment21888756_15467337,responder,CWE-401,L1
7bcd4060fea2e1b4,https://stackoverflow.com/questions/2975831/is-leaked-memory-freed-up-when-the-program-exits,https://stackoverflow.com/questions/2975831/#comment3036098_2975859,responder,CWE-401,L1
07bda0802c9e1ed6,https://stackoverflow.com/questions/273209/are-memory-leaks-ever-ok,https://stackoverflow.com/questions/273209/#comment1848481_273253,responder,CWE-459;CWE-401,NA
505102ebb6551dc8,https://stackoverflow.com/questions/1089296/memory-leak-in-mixed-mode-c-clr-application,https://stackoverflow.com/questions/1089296/#comment954457_1131138,asker,CWE-401,R5
23fde6357e5e6474,https://stackoverflow.com/questions/69622142/overwriting-global-char-array-vs-global-char-pointer-in-a-loop-in-c,https://stackoverflow.com/questions/69622142/#comment123088676_69622208,asker,CWE-401,E2
bca52826431723c8,https://stackoverflow.com/questions/69622142/overwriting-global-char-array-vs-global-char-pointer-in-a-loop-in-c,https://stackoverflow.com/questions/69622142/#comment123086346_69622208,asker,CWE-401,NA
eab6df426f76baa7,https://stackoverflow.com/questions/69622142/overwriting-global-char-array-vs-global-char-pointer-in-a-loop-in-c,https://stackoverflow.com/questions/69622142/#comment123086346_69622208,asker,CWE-401,E2
d881e4e8530d9e60,https://stackoverflow.com/questions/69622142/overwriting-global-char-array-vs-global-char-pointer-in-a-loop-in-c,https://stackoverflow.com/questions/69622142/#comment123086346_69622208,asker,CWE-401,D4
f4cf8aa82dcf87a3,https://stackoverflow.com/questions/69622142/overwriting-global-char-array-vs-global-char-pointer-in-a-loop-in-c,https://stackoverflow.com/questions/69622142/#comment123085806_69622208,asker,CWE-401,D4
57176cb86dd99edd,https://stackoverflow.com/questions/17804312/how-to-avoid-memory-leak-when-throwing-exception-between-a-c-non-clr-to-clr-dl,https://stackoverflow.com/questions/17804312/#comment26059874_17804435,asker,CWE-401,"X1,C1"
cf591e41a74b8db6,https://stackoverflow.com/questions/17804312/how-to-avoid-memory-leak-when-throwing-exception-between-a-c-non-clr-to-clr-dl,https://stackoverflow.com/questions/17804312/#comment25985712_17804435,asker,CWE-401,A1
d2bbd7eeedc42b62,https://stackoverflow.com/questions/4548385/realloc-leaking-memory,https://stackoverflow.com/questions/4548385/#comment4985937_4548437,responder,CWE-459;CWE-401,D1
ac7ffb0254337fb8,https://stackoverflow.com/questions/58926945/valgrind-reports-still-reachable-bytes-when-using-vfwprintf,https://stackoverflow.com/questions/58926945/#comment104143769_58929488,asker,CWE-459;CWE-401,L1
6fe26276d0e16143,https://stackoverflow.com/questions/50502971/understand-memory-leak-types-in-valgrind-memcheck-tool,https://stackoverflow.com/questions/50502971/#comment88055040_50504703,asker,CWE-459;CWE-401,R2
2665bf345bb3ccae,https://stackoverflow.com/questions/50502971/understand-memory-leak-types-in-valgrind-memcheck-tool,https://stackoverflow.com/questions/50502971/#comment88054995_50504703,asker,CWE-459;CWE-401,"R2,E1"
6647fea57c690de5,https://stackoverflow.com/questions/45627/how-do-you-detect-avoid-memory-leaks-in-your-unmanaged-code,https://stackoverflow.com/questions/45627/#comment70572088_4340821,responder,CWE-761;CWE-401,NA
ad1ff2bb9d6ea4f7,https://stackoverflow.com/questions/6500313/why-should-c-programmers-minimize-use-of-new,https://stackoverflow.com/questions/6500313/#comment64728861_6584717,responder,CWE-401,NA
21196618ec44e71f,https://stackoverflow.com/questions/9033931/memory-leak-c,https://stackoverflow.com/questions/9033931/#comment11341467_9034076,responder,CWE-401,L1
3ea9602aca213e18,https://stackoverflow.com/questions/5339282/realloc-memory-leak,https://stackoverflow.com/questions/5339282/#comment6030677_5340017,responder,CWE-401,R4
cb91881228851a97,https://stackoverflow.com/questions/3317207/should-i-free-allocated-memory-on-abnormal-termination,https://stackoverflow.com/questions/3317207/#comment3438548_3317409,responder,CWE-763;CWE-401,L1
588a3f70d2a35278,https://stackoverflow.com/questions/1611756/memory-management-and-realloc,https://stackoverflow.com/questions/1611756/#comment1477913_1611804,responder,CWE-401,"C2,A4"
eca0e177ed0c303a,https://stackoverflow.com/questions/1089296/memory-leak-in-mixed-mode-c-clr-application,https://stackoverflow.com/questions/1089296/#comment917683_1102534,asker,CWE-401,R2
a0156144744da7e8,https://stackoverflow.com/questions/1913343/how-could-pairing-new-with-delete-possibly-lead-to-memory-leak-only,https://stackoverflow.com/questions/1913343/#comment129670251_1913393,responder,CWE-459;CWE-401,NA
37bbdca036af6c26,https://stackoverflow.com/questions/40106941/is-a-union-members-destructor-called,https://stackoverflow.com/questions/40106941/#comment105844853_40107282,responder,CWE-459;CWE-401,L2
4e9a4aabec9f7291,https://stackoverflow.com/questions/46695254/memory-leak-in-c-most-likely-due-to-realloc,https://stackoverflow.com/questions/46695254/#comment80345539_46695892,responder,CWE-401,NA
102b17d89f71c9a4,https://stackoverflow.com/questions/40106941/is-a-union-members-destructor-called,https://stackoverflow.com/questions/40106941/#comment67502760_40107282,responder,CWE-459;CWE-401,L2
527d527d67a3d702,https://stackoverflow.com/questions/40106941/is-a-union-members-destructor-called,https://stackoverflow.com/questions/40106941/#comment67487709_40107282,asker,CWE-459;CWE-401,NA
e505db3de88f472b,https://stackoverflow.com/questions/40106941/is-a-union-members-destructor-called,https://stackoverflow.com/questions/40106941/#comment67486856_40107282,asker,CWE-459;CWE-401,NA
9d983c39adcc6b77,https://stackoverflow.com/questions/34493967/c-inheritance-does-lack-of-virtual-destructor-lead-to-memory-leak,https://stackoverflow.com/questions/34493967/#comment56730138_34494145,responder,CWE-459;CWE-401,NA
3933d1e3c15d00f3,https://stackoverflow.com/questions/28040438/create-a-memory-leak-under-linux,https://stackoverflow.com/questions/28040438/#comment44465785_28040709,asker,CWE-401,L1
0e91016d09028494,https://stackoverflow.com/questions/8918791/how-to-properly-free-the-memory-allocated-by-placement-new,https://stackoverflow.com/questions/8918791/#comment11158582_8918942,asker,CWE-459;CWE-401,L2
c3db60931de6fd7d,https://stackoverflow.com/questions/8752111/possible-memory-leak-without-a-virtual-destructor,https://stackoverflow.com/questions/8752111/#comment10905105_8752126,responder,CWE-459;CWE-401,NA
372d0097040a3054,https://stackoverflow.com/questions/6966328/why-doesnt-deleting-a-pointer-make-it-unusable,https://stackoverflow.com/questions/6966328/#comment8307640_6966344,asker,CWE-401,D4
8baedfd043961ad9,https://stackoverflow.com/questions/6966328/why-doesnt-deleting-a-pointer-make-it-unusable,https://stackoverflow.com/questions/6966328/#comment8307640_6966344,asker,CWE-401,D4
2495590c8d5245b8,https://stackoverflow.com/questions/65782061/why-is-there-no-memory-leak-with-non-virtual-destructor,https://stackoverflow.com/questions/65782061/#comment116306747_65782098,responder,CWE-459;CWE-401,L2
a714716881482e15,https://stackoverflow.com/questions/273720/singleton-destructors,https://stackoverflow.com/questions/273720/#comment91838340_273826,responder,CWE-459;CWE-401,"L2,L4"
fbbe6dd4e532d60a,https://stackoverflow.com/questions/42845059/would-it-lead-to-memory-leak-when-delete-base-class-pointer-without-virtual-dest,https://stackoverflow.com/questions/42845059/#comment72801400_42845124,responder,CWE-459;CWE-401,L2
b752858f2bf4fbc0,https://stackoverflow.com/questions/42845059/would-it-lead-to-memory-leak-when-delete-base-class-pointer-without-virtual-dest,https://stackoverflow.com/questions/42845059/#comment72799748_42845124,asker,CWE-459;CWE-401,D3
b8737ba467aac0c8,https://stackoverflow.com/questions/42845059/would-it-lead-to-memory-leak-when-delete-base-class-pointer-without-virtual-dest,https://stackoverflow.com/questions/42845059/#comment72799748_42845124,asker,CWE-459;CWE-401,D3
22c0c14699f69c32,https://stackoverflow.com/questions/40106941/is-a-union-members-destructor-called,https://stackoverflow.com/questions/40106941/#comment67486291_40107227,asker,CWE-459;CWE-401,L2
a9a4f85aa33e69ed,https://stackoverflow.com/questions/35420629/c-linked-list-memory-leak,https://stackoverflow.com/questions/35420629/#comment58542070_35420725,responder,CWE-401,A3
b18154ef90f29cfe,https://stackoverflow.com/questions/27594992/uninitialized-value-was-created-by-a-heap-allocation,https://stackoverflow.com/questions/27594992/#comment43614416_27595292,responder,CWE-459;CWE-401,N1
c58e357c1133d3de,https://stackoverflow.com/questions/15474684/abstract-base-class-for-use-with-smart-pointers-intrusive-ptr-handling-inher,https://stackoverflow.com/questions/15474684/#comment21902505_15475430,asker,CWE-401,O2
05043d5151abc042,https://stackoverflow.com/questions/10079843/c-struct-memory-management,https://stackoverflow.com/questions/10079843/#comment12920510_10079979,responder,CWE-763;CWE-401,NA
f7fa2ee5742798cf,https://stackoverflow.com/questions/8918791/how-to-properly-free-the-memory-allocated-by-placement-new,https://stackoverflow.com/questions/8918791/#comment11158355_8918824,asker,CWE-459;CWE-401,L2
21ee65f9e1022c0e,https://stackoverflow.com/questions/6972531/putting-nodes-into-the-parse-tree-which-shouldnt-be-there,https://stackoverflow.com/questions/6972531/#comment8323151_6976055,asker,CWE-401,NA
3e67b3a0ffad29ff,https://stackoverflow.com/questions/6966328/why-doesnt-deleting-a-pointer-make-it-unusable,https://stackoverflow.com/questions/6966328/#comment8307802_6966351,responder,CWE-401,NA
62cd092eae0dfc19,https://stackoverflow.com/questions/2597116/is-extending-a-base-class-with-non-virtual-destructor-dangerous,https://stackoverflow.com/questions/2597116/#comment2605601_2597123,asker,CWE-459;CWE-401,L2
55618673c800dbab,https://stackoverflow.com/questions/70407733/c-memory-leaks-to-free-for-a-linked-list,https://stackoverflow.com/questions/70407733/#comment124464684_70407892,asker,CWE-459;CWE-401,O1
c1dd72a0eea189af,https://stackoverflow.com/questions/65782061/why-is-there-no-memory-leak-with-non-virtual-destructor,https://stackoverflow.com/questions/65782061/#comment116434401_65782151,responder,CWE-459;CWE-401,L3
29baef30464749f9,https://stackoverflow.com/questions/45256601/2d-array-using-pointers-memory-leakage,https://stackoverflow.com/questions/45256601/#comment77477489_45256734,asker,CWE-401,O1
e07da6c143a3443b,https://stackoverflow.com/questions/42321912/memory-leaks-in-my-program-is-the-destructor-not-getting-called,https://stackoverflow.com/questions/42321912/#comment71797215_42321927,asker,CWE-762;CWE-459;CWE-401,L2
da27f7e3a33dc203,https://stackoverflow.com/questions/28139509/c-virtual-destructor-memory-leak,https://stackoverflow.com/questions/28139509/#comment44653615_28139645,asker,CWE-459;CWE-401,NA
9fda7908f11ec70b,https://stackoverflow.com/questions/15474684/abstract-base-class-for-use-with-smart-pointers-intrusive-ptr-handling-inher,https://stackoverflow.com/questions/15474684/#comment21916013_15478978,asker,CWE-401,O2
0170f02a48d65d5b,https://stackoverflow.com/questions/15474684/abstract-base-class-for-use-with-smart-pointers-intrusive-ptr-handling-inher,https://stackoverflow.com/questions/15474684/#comment21913524_15478978,responder,CWE-401,N2
7ba9d6b7a2accfbe,https://stackoverflow.com/questions/14262531/allocating-memory-in-a-php-extension,https://stackoverflow.com/questions/14262531/#comment19809802_14263433,responder,CWE-401,NA
4f7a580a73b70522,https://stackoverflow.com/questions/14262531/allocating-memory-in-a-php-extension,https://stackoverflow.com/questions/14262531/#comment19799464_14263433,asker,CWE-401,R4
731986da5dea5301,https://stackoverflow.com/questions/14262531/allocating-memory-in-a-php-extension,https://stackoverflow.com/questions/14262531/#comment19799464_14263433,asker,CWE-401,R4
fc3dee4794ca9856,https://stackoverflow.com/questions/14262531/allocating-memory-in-a-php-extension,https://stackoverflow.com/questions/14262531/#comment19798762_14263433,responder,CWE-401,D1
a30884b69f970a13,https://stackoverflow.com/questions/14262531/allocating-memory-in-a-php-extension,https://stackoverflow.com/questions/14262531/#comment19798137_14263433,asker,CWE-401,D1
bec9ec46c8cd756d,https://stackoverflow.com/questions/6966328/why-doesnt-deleting-a-pointer-make-it-unusable,https://stackoverflow.com/questions/6966328/#comment8307661_6966360,asker,CWE-401,L2
caecb500f5a0c96e,https://stackoverflow.com/questions/6966328/why-doesnt-deleting-a-pointer-make-it-unusable,https://stackoverflow.com/questions/6966328/#comment8307661_6966360,asker,CWE-401,D4
6458aa42e6fcd56b,https://stackoverflow.com/questions/3948412/problems-with-malloc-on-os-x,https://stackoverflow.com/questions/3948412/#comment4217130_3948422,responder,CWE-401,NA
15b128d127b83e60,https://stackoverflow.com/questions/31528824/no-backtrace-from-sigabrt-signal-on-arm-platform,https://stackoverflow.com/questions/31528824/#comment94016215_48283105,responder,CWE-763,NA
41acb6e63c21e7d6,https://stackoverflow.com/questions/32144812/why-cannot-be-pointer-free-after-pointing-to-string-literal,https://stackoverflow.com/questions/32144812/#comment52179981_32145209,asker,CWE-590;CWE-789;CWE-401,C2
cbf82c79b6538f3c,https://stackoverflow.com/questions/19519364/why-does-this-rule-of-three-failure-actually-fail,https://stackoverflow.com/questions/19519364/#comment28957700_19519497,asker,CWE-762;CWE-459;CWE-401,D4
73210a7284ac5375,https://stackoverflow.com/questions/19519364/why-does-this-rule-of-three-failure-actually-fail,https://stackoverflow.com/questions/19519364/#comment28957415_19519497,asker,CWE-762;CWE-459;CWE-401,D4
8835d529b06ebda9,https://stackoverflow.com/questions/19519364/why-does-this-rule-of-three-failure-actually-fail,https://stackoverflow.com/questions/19519364/#comment28957415_19519497,asker,CWE-762;CWE-459;CWE-401,D4
5a9e657b6c1ddebb,https://stackoverflow.com/questions/19519364/why-does-this-rule-of-three-failure-actually-fail,https://stackoverflow.com/questions/19519364/#comment28957036_19519497,asker,CWE-762;CWE-459;CWE-401,D4
1dd821b766584a0f,https://stackoverflow.com/questions/9504588/should-i-free-char-initialized-using-string-literals,https://stackoverflow.com/questions/9504588/#comment27935017_9504612,responder,CWE-590;CWE-763,O1
a9a4185d83a9a15e,https://stackoverflow.com/questions/14069536/memory-leaks-in-c-linked-list,https://stackoverflow.com/questions/14069536/#comment19449423_14069797,asker,CWE-459;CWE-401,T1
12f1b04d8ca92b40,https://stackoverflow.com/questions/12828091/is-an-overloaded-operator-required-at-this-example,https://stackoverflow.com/questions/12828091/#comment17354119_12828162,asker,CWE-459;CWE-401,NA
6c44af2d4e22b759,https://stackoverflow.com/questions/10939158/openmp-performance,https://stackoverflow.com/questions/10939158/#comment14580344_11122648,responder,CWE-762,NA
99b3cfa4fc9f0edc,https://stackoverflow.com/questions/42159456/double-free-or-corruptionfasttop,https://stackoverflow.com/questions/42159456/#comment71486036_42159512,asker,CWE-762;CWE-763,NA
9ed679655d062518,https://stackoverflow.com/questions/39962705/is-there-a-valgrind-for-detecting-memory-leaks-with-smart-pointers,https://stackoverflow.com/questions/39962705/#comment67205444_39962788,asker,CWE-459;CWE-401,R5
a43ac5f9afc66dec,https://stackoverflow.com/questions/32144812/why-cannot-be-pointer-free-after-pointing-to-string-literal,https://stackoverflow.com/questions/32144812/#comment52179232_32144925,asker,CWE-590;CWE-789;CWE-401,D2
40af063b9e8ed486,https://stackoverflow.com/questions/10466819/invalid-pointer-free,https://stackoverflow.com/questions/10466819/#comment13520442_10466958,responder,CWE-763,D2
9e2bf9d090522222,https://stackoverflow.com/questions/3398719/howto-check-if-a-char-points-to-a-string-literal-in-c,https://stackoverflow.com/questions/3398719/#comment3536696_3399480,responder,CWE-590;CWE-763,NA
957475f08f715f34,https://stackoverflow.com/questions/43389411/how-does-one-correctly-avoid-the-avcodec-alloc-context3-leak-from-avformat-new-s,https://stackoverflow.com/questions/43389411/#comment73896024_43417996,responder,CWE-401,NA
608eb1396d3824b1,https://stackoverflow.com/questions/43389411/how-does-one-correctly-avoid-the-avcodec-alloc-context3-leak-from-avformat-new-s,https://stackoverflow.com/questions/43389411/#comment73895055_43417996,asker,CWE-401,G
b8a335c279ac18f3,https://stackoverflow.com/questions/2426277/how-free-works-when-pointer-is-incremented,https://stackoverflow.com/questions/2426277/#comment41637138_2426332,responder,CWE-761,"D2,E3"
dbd3788701e135fb,https://stackoverflow.com/questions/75966130/moving-a-unique-pointer-undefined-behavior-on-cppreference,https://stackoverflow.com/questions/75966130/#comment133999644_75966834,responder,CWE-459,NA
77270f9c88c03645,https://stackoverflow.com/questions/75966130/moving-a-unique-pointer-undefined-behavior-on-cppreference,https://stackoverflow.com/questions/75966130/#comment133996104_75966834,responder,CWE-459,NA
7990588a8d44c689,https://stackoverflow.com/questions/38855343/create-shared-ptr-to-stack-object,https://stackoverflow.com/questions/38855343/#comment131793027_52297547,responder,CWE-590,NA
3d210d8d65a8721e,https://stackoverflow.com/questions/5414549/c-free-routine-and-incremented-array-pointers,https://stackoverflow.com/questions/5414549/#comment57240820_5414562,responder,CWE-761,D2
b13d86cfb15647dd,https://stackoverflow.com/questions/26950411/how-to-distinguish-a-malloced-string-from-a-string-literal,https://stackoverflow.com/questions/26950411/#comment42443215_26950586,responder,CWE-590,O1
c515ad5ed6875ade,https://stackoverflow.com/questions/19779846/how-are-char-deallocated-in-c,https://stackoverflow.com/questions/19779846/#comment29400714_19779882,responder,CWE-401,NA
3f13074103027cb2,https://stackoverflow.com/questions/19779846/how-are-char-deallocated-in-c,https://stackoverflow.com/questions/19779846/#comment29400689_19779882,responder,CWE-401,L2
d36924b56c260aba,https://stackoverflow.com/questions/8466743/c-code-malloc-and-free,https://stackoverflow.com/questions/8466743/#comment10470795_8466770,asker,CWE-761;CWE-459;CWE-401,K
318f5f396e1ba744,https://stackoverflow.com/questions/8466743/c-code-malloc-and-free,https://stackoverflow.com/questions/8466743/#comment10470615_8466760,asker,CWE-761;CWE-459;CWE-401,K
e97c7abeb0277700,https://stackoverflow.com/questions/3788005/deleting-object-from-a-stack,https://stackoverflow.com/questions/3788005/#comment4013588_3788075,responder,CWE-590,"L2,D3"
4d2018c1645ed1e8,https://stackoverflow.com/questions/3788005/deleting-object-from-a-stack,https://stackoverflow.com/questions/3788005/#comment4013588_3788075,responder,CWE-590,NA
01a1ada975e9b27b,https://stackoverflow.com/questions/2426277/how-free-works-when-pointer-is-incremented,https://stackoverflow.com/questions/2426277/#comment2409718_2426312,responder,CWE-761,D2
0d3a8e9c0507c0f5,https://stackoverflow.com/questions/3788005/deleting-object-from-a-stack,https://stackoverflow.com/questions/3788005/#comment4014827_3788132,responder,CWE-590,NA
32d196c3bbd5f70e,https://stackoverflow.com/questions/3788005/deleting-object-from-a-stack,https://stackoverflow.com/questions/3788005/#comment4013200_3788132,responder,CWE-590,D1
e3b0d841cb532e0b,https://stackoverflow.com/questions/21377360/proper-way-to-create-unique-ptr-that-holds-an-allocated-array,https://stackoverflow.com/questions/21377360/#comment94781185_21377382,responder,CWE-762;CWE-401,D3
8627bee9ba2f530c,https://stackoverflow.com/questions/53922209/how-to-invoke-aligned-new-delete-properly,https://stackoverflow.com/questions/53922209/#comment94689316_53923623,responder,CWE-762,NA
cd1a2070d38572fb,https://stackoverflow.com/questions/370195/when-and-why-will-a-compiler-initialise-memory-to-0xcd-0xdd-etc-on-malloc-fre,https://stackoverflow.com/questions/370195/#comment75216393_370362,responder,CWE-762,NA
74a65ec3acca47f9,https://stackoverflow.com/questions/240212/what-is-the-difference-between-new-delete-and-malloc-free,https://stackoverflow.com/questions/240212/#comment58764546_240308,responder,CWE-762,NA
ce454c0df0673b20,https://stackoverflow.com/questions/240212/what-is-the-difference-between-new-delete-and-malloc-free,https://stackoverflow.com/questions/240212/#comment58764546_240308,responder,CWE-762,NA
27bf33b5ed46b315,https://stackoverflow.com/questions/10854210/behaviour-of-malloc-with-delete-in-c,https://stackoverflow.com/questions/10854210/#comment55191672_10854244,responder,CWE-762,NA
83ff657963a74747,https://stackoverflow.com/questions/240212/what-is-the-difference-between-new-delete-and-malloc-free,https://stackoverflow.com/questions/240212/#comment43975882_240220,responder,CWE-762,NA
ab6e223c94de0386,https://stackoverflow.com/questions/54333382/double-free-or-corruption-when-using-char,https://stackoverflow.com/questions/54333382/#comment95485084_54333553,asker,CWE-763;CWE-789,NA
f2c6e065b7de02a6,https://stackoverflow.com/questions/39282669/can-i-should-i-free-pointer-returned-by-strtok,https://stackoverflow.com/questions/39282669/#comment65899775_39282675,responder,CWE-763,V1
5b4afbae76257ec1,https://stackoverflow.com/questions/39282669/can-i-should-i-free-pointer-returned-by-strtok,https://stackoverflow.com/questions/39282669/#comment65899768_39282675,asker,CWE-763,C2
80467e43f25aed68,https://stackoverflow.com/questions/39113727/free-invalid-next-size-fast-error,https://stackoverflow.com/questions/39113727/#comment65574900_39113816,responder,CWE-401,NA
20be9eaa335a8fad,https://stackoverflow.com/questions/35385154/dynamically-allocate-contiguous-block-of-memory-for-2d-array-of-unknown-data-typ,https://stackoverflow.com/questions/35385154/#comment58483436_35385455,asker,CWE-789,D4
4d08450df09b1c8a,https://stackoverflow.com/questions/32898449/valgrind-errors-mistmatched-free-delete-delete,https://stackoverflow.com/questions/32898449/#comment53625844_32898455,asker,CWE-762,N1
0edfe6404dfc984c,https://stackoverflow.com/questions/6727383/dynamically-allocated-memory-after-program-termination,https://stackoverflow.com/questions/6727383/#comment7969378_6727389,responder,CWE-762,L1
4a1f6f0ac90ec6f1,https://stackoverflow.com/questions/2570552/why-are-new-delete-slower-than-malloc-free,https://stackoverflow.com/questions/2570552/#comment2576034_2570566,responder,CWE-762,NA
d3c0ea514a51ce77,https://stackoverflow.com/questions/32118545/munmap-chunk-invalid-pointer,https://stackoverflow.com/questions/32118545/#comment122422197_32118638,responder,CWE-763,D4
9ad228a732d61128,https://stackoverflow.com/questions/67578185/why-does-the-delete-syntax-exist-in-c,https://stackoverflow.com/questions/67578185/#comment119466190_67578203,responder,CWE-762,NA
d1a00c02e23944b7,https://stackoverflow.com/questions/32415774/freeing-an-invalid-pointer,https://stackoverflow.com/questions/32415774/#comment52698470_32415864,asker,CWE-763,A4
bf9389d2d1082e19,https://stackoverflow.com/questions/16714937/what-is-c-version-of-realloc-to-allocate-the-new-buffer-and-copy-the-conten,https://stackoverflow.com/questions/16714937/#comment136635504_16714982,responder,CWE-762,L3
297a4ac383c6b8f1,https://stackoverflow.com/questions/551069/testing-pointers-for-validity-c-c,https://stackoverflow.com/questions/551069/#comment121527891_30197585,responder,CWE-763,D4
4eb2c85b5e77c60a,https://stackoverflow.com/questions/67578185/why-does-the-delete-syntax-exist-in-c,https://stackoverflow.com/questions/67578185/#comment119477055_67588917,responder,CWE-762,NA
b61bb185e78f7137,https://stackoverflow.com/questions/67578185/why-does-the-delete-syntax-exist-in-c,https://stackoverflow.com/questions/67578185/#comment119477055_67588917,responder,CWE-762,NA
ebd7d3ac3837c243,https://stackoverflow.com/questions/67578185/why-does-the-delete-syntax-exist-in-c,https://stackoverflow.com/questions/67578185/#comment119477055_67588917,responder,CWE-762,NA
fc8fd1cdb52c276f,https://stackoverflow.com/questions/551069/testing-pointers-for-validity-c-c,https://stackoverflow.com/questions/551069/#comment52887655_551112,responder,CWE-763,E2
8739191f4e9ac733,https://stackoverflow.com/questions/993590/should-i-delete-vectorstring,https://stackoverflow.com/questions/993590/#comment43099734_993605,responder,CWE-762;CWE-789;CWE-401,N3
4a737cf7c2037971,https://stackoverflow.com/questions/703691/how-does-delete-know-its-an-array,https://stackoverflow.com/questions/703691/#comment7326263_703719,responder,CWE-762,NA
40bfa3cf9e0cacd6,https://stackoverflow.com/questions/703691/how-does-delete-know-its-an-array,https://stackoverflow.com/questions/703691/#comment7326263_703719,responder,CWE-762,NA
475e01559ecfc111,https://stackoverflow.com/questions/551069/testing-pointers-for-validity-c-c,https://stackoverflow.com/questions/551069/#comment13597268_10124877,responder,CWE-763,L1
b828ef26e783db0a,https://stackoverflow.com/questions/551069/testing-pointers-for-validity-c-c,https://stackoverflow.com/questions/551069/#comment13597268_10124877,responder,CWE-763,NA
ce309e9e3a4b02ab,https://stackoverflow.com/questions/1612031/is-there-any-danger-in-calling-free-or-delete-instead-of-delete,https://stackoverflow.com/questions/1612031/#comment1478238_1612052,responder,CWE-762;CWE-459,D3
ee3c6b0fb905af66,https://stackoverflow.com/questions/44370580/c-when-to-use-delete-and-properly-deallocate-memory,https://stackoverflow.com/questions/44370580/#comment75742432_44370671,asker,CWE-762,NA
45cd83ce3d15ecf5,https://stackoverflow.com/questions/9327003/boostptr-vector-with-arrays-can-i-be-sure-that-its-destructor-calls-delete,https://stackoverflow.com/questions/9327003/#comment11768965_9327103,asker,CWE-762;CWE-459,D3
913958c1312dfaaa,https://stackoverflow.com/questions/8405099/why-cant-the-runtime-environment-decide-to-apply-delete-or-delete-instead-of,https://stackoverflow.com/questions/8405099/#comment10389400_8405385,responder,CWE-762;CWE-459,NA
ea479f0cf00bdfce,https://stackoverflow.com/questions/8405099/why-cant-the-runtime-environment-decide-to-apply-delete-or-delete-instead-of,https://stackoverflow.com/questions/8405099/#comment10380316_8405385,responder,CWE-762;CWE-459,NA
c968a24551d00441,https://stackoverflow.com/questions/1612031/is-there-any-danger-in-calling-free-or-delete-instead-of-delete,https://stackoverflow.com/questions/1612031/#comment1478350_1612185,asker,CWE-762;CWE-459,X1
a482919726855506,https://stackoverflow.com/questions/1007188/rtlvalidateheap-problem,https://stackoverflow.com/questions/1007188/#comment816311_1007241,asker,CWE-401,V1
a84920afd3117866,https://stackoverflow.com/questions/10195343/copy-a-file-in-a-sane-safe-and-efficient-way,https://stackoverflow.com/questions/10195343/#comment132650420_75171113,responder,CWE-762,A4
0f3ed40ca934022c,https://stackoverflow.com/questions/55289824/which-of-these-pointer-need-free-or-delete,https://stackoverflow.com/questions/55289824/#comment97309196_55289958,asker,CWE-762,A1
19fd1bf34cae3985,https://stackoverflow.com/questions/55289824/which-of-these-pointer-need-free-or-delete,https://stackoverflow.com/questions/55289824/#comment97309196_55289958,asker,CWE-762,A2
eda6f1f58cfc91e9,https://stackoverflow.com/questions/47236570/empty-an-array-of-struct-containing-char,https://stackoverflow.com/questions/47236570/#comment81430895_47239965,asker,CWE-762;CWE-401,C2
30fb9371a39f8971,https://stackoverflow.com/questions/4237812/should-i-free-delete-char-returned-by-getenv,https://stackoverflow.com/questions/4237812/#comment70420300_4237827,responder,CWE-763;CWE-401,A2
d4779c200a20a056,https://stackoverflow.com/questions/2902064/how-to-track-down-a-double-free-or-corruption-error,https://stackoverflow.com/questions/2902064/#comment2952313_2902465,responder,CWE-763,D4
9d0e78da314129da,https://stackoverflow.com/questions/1879550/should-one-really-set-pointers-to-null-after-freeing-them,https://stackoverflow.com/questions/1879550/#comment1779736_1879597,responder,CWE-763,D4
274812b8edbea487,https://stackoverflow.com/questions/1879550/should-one-really-set-pointers-to-null-after-freeing-them,https://stackoverflow.com/questions/1879550/#comment119449721_1880915,responder,CWE-763,D4
f29d4181103d8a76,https://stackoverflow.com/questions/2902064/how-to-track-down-a-double-free-or-corruption-error,https://stackoverflow.com/questions/2902064/#comment2972924_2903709,responder,CWE-763,D1
79277d55053c31d7,https://stackoverflow.com/questions/2902064/how-to-track-down-a-double-free-or-corruption-error,https://stackoverflow.com/questions/2902064/#comment2972924_2903709,responder,CWE-763,O2
d9cac70761cd1e3a,https://stackoverflow.com/questions/2902064/how-to-track-down-a-double-free-or-corruption-error,https://stackoverflow.com/questions/2902064/#comment2972924_2903709,responder,CWE-763,A1
6fcb555e23187bfd,https://stackoverflow.com/questions/2902064/how-to-track-down-a-double-free-or-corruption-error,https://stackoverflow.com/questions/2902064/#comment2972924_2903709,responder,CWE-763,O2
3d0ca4df55cd7894,https://stackoverflow.com/questions/44424820/how-to-catch-free-invalid-pointer,https://stackoverflow.com/questions/44424820/#comment75850021_44424843,asker,CWE-763,NA
b9046ea80d89c1a2,https://stackoverflow.com/questions/13238192/global-pyobject-variable-in-c-python-extension,https://stackoverflow.com/questions/13238192/#comment18036325_13238307,asker,CWE-763,D4
38e6bbc1715bd038,https://stackoverflow.com/questions/8999994/freeing-potentially-uninitialized-struct-members,https://stackoverflow.com/questions/8999994/#comment11280217_9000036,asker,CWE-763;CWE-459,NA
4f424881633f8eea,https://stackoverflow.com/questions/70799842/in-c-why-is-the-pointer-returned-by-getenv-automatically-reclaimed,https://stackoverflow.com/questions/70799842/#comment125167258_70799916,responder,CWE-401,A2
017a8ad5ae6dd199,https://stackoverflow.com/questions/70799842/in-c-why-is-the-pointer-returned-by-getenv-automatically-reclaimed,https://stackoverflow.com/questions/70799842/#comment125163959_70799916,responder,CWE-401,A2
26555305a80d47e8,https://stackoverflow.com/questions/40610969/double-free-or-corruption-in-multithreaded-program,https://stackoverflow.com/questions/40610969/#comment68457841_40611054,asker,CWE-763,NA
8614a05829783cf1,https://stackoverflow.com/questions/20735026/making-c-dynamic-array-generic,https://stackoverflow.com/questions/20735026/#comment31068351_20735094,responder,CWE-401,NA
0569bcfd3c6511ed,https://stackoverflow.com/questions/17925771/what-happens-when-we-call-malloc-with-negative-parameter,https://stackoverflow.com/questions/17925771/#comment26190849_17925794,asker,CWE-789,A4
e806ac276dbbc7f3,https://stackoverflow.com/questions/9419370/invalid-pointer-crash-on-delete-but-different-pointer,https://stackoverflow.com/questions/9419370/#comment11907040_9419537,asker,CWE-763,D4
374cdb5e7fd8967f,https://stackoverflow.com/questions/51175664/c-creating-huge-vector,https://stackoverflow.com/questions/51175664/#comment101289321_51175763,responder,CWE-789,NA
9f800250a75cd907,https://stackoverflow.com/questions/51175664/c-creating-huge-vector,https://stackoverflow.com/questions/51175664/#comment89340854_51175763,responder,CWE-789,A4
15df37b9fa4d4d14,https://stackoverflow.com/questions/69771578/how-can-i-define-limit-of-an-array-by-the-quantity-of-numbers-put-in-scanf,https://stackoverflow.com/questions/69771578/#comment123330296_69771895,asker,CWE-789,NA
f5473b5e7a6dc7e3,https://stackoverflow.com/questions/27327426/c-pointer-being-freed-was-not-allocated-when-calling-free,https://stackoverflow.com/questions/27327426/#comment43118768_27327584,asker,CWE-763,"D2,E3"
